Episode,Reward,Steps,Loss
0,0.97,4,0.0
1,0.92,9,0.0
2,0.98,3,0.0
3,-1.52,4,0.0
4,-1.51,3,0.0
5,0.98,3,0.0
6,0.98,3,0.0
7,-1.58,10,12.169880330562592
8,-1.05,6,7.00191855430603
9,0.98,3,3.4521005948384604
10,-1.03,4,2.436154842376709
11,-1.09,10,1.59752299785614
12,-1.52,4,0.9702034592628479
13,-1.52,4,1.0133648216724396
14,-5.03,4,0.9238642454147339
15,-5.07,8,0.7027479708194733
16,0.45999999999999996,6,0.7058025697867075
17,-2.01,4,0.5776119902729988
18,-1.51,3,0.6715366840362549
19,-1.52,4,0.7260832339525223
20,-1.03,4,0.9284216463565826
21,-1.02,3,0.590304970741272
22,-2.0700000000000003,10,0.3476738780736923
23,-1.55,7,0.35087972453662325
24,0.48,4,0.30922726541757584
25,-1.51,3,0.38536058863004047
26,-5.51,3,0.4596194624900818
27,-5.51,3,0.5363016327222189
28,-5.02,3,0.30700304607550305
29,4.98,3,0.42521990338961285
30,0.48,4,0.5159526467323303
31,-5.52,4,0.3388959988951683
32,0.0,3,0.29592710733413696
33,-1.02,3,0.16900789240996042
34,4.43,9,0.2924872487783432
35,4.97,4,0.263868123292923
36,-0.040000000000000036,7,0.372589715889522
37,-1.06,7,0.30172465635197504
38,0.98,3,0.41732361912727356
39,0.43999999999999995,8,0.22371701337397099
40,-1.53,5,0.3122288346290588
41,0.48,4,0.3702727183699608
42,0.97,4,0.1620888002216816
43,-1.58,10,0.24286956638097762
44,0.95,6,0.13733948643008867
45,-1.09,10,0.1640934854745865
46,0.92,9,0.18573703120152155
47,0.45999999999999996,6,0.24546906352043152
48,-1.03,4,0.1160869188606739
49,-1.04,5,0.17801943123340608
50,4.49,3,0.16843961675961813
51,-5.54,6,0.24197223782539368
52,-1.51,3,0.2543078263600667
53,-1.02,3,0.2499303420384725
54,4.98,3,0.17861213286717734
55,4.45,7,0.19307306834629603
56,0.49,3,0.21704002221425375
57,0.96,5,0.14883837550878526
58,0.96,5,0.20208175331354142
59,-5.06,7,0.27145983065877644
60,-6.0,3,0.1559325804313024
61,-5.02,3,0.24833018084367117
62,0.49,3,0.20256672302881876
63,0.95,6,0.23193815102179846
64,-5.06,7,0.2707593057836805
65,-5.52,4,0.23068669438362122
66,-5.02,3,0.23587143421173096
67,4.49,3,0.26013506948947906
68,4.96,5,0.2849746644496918
69,4.47,5,0.22667028456926347
70,-5.02,3,0.30368568499883014
71,-5.05,6,0.28753580898046494
72,0.49,3,0.34550637006759644
73,-1.03,4,0.27297915518283844
74,-5.04,5,0.24244835376739501
75,4.49,3,0.22290019194285074
76,4.97,4,0.24253913387656212
77,4.95,6,0.17569315185149512
78,-5.51,3,0.1966549555460612
79,4.47,5,0.18811358213424684
80,-5.07,8,0.21479690819978714
81,4.48,4,0.23825740814208984
82,0.97,4,0.2523805946111679
83,-1.57,9,0.25875217964251834
84,-2.06,9,0.28038625915845233
85,-5.51,3,0.35077252984046936
86,4.49,3,0.3725678324699402
87,0.92,9,0.28543952604134876
88,0.97,4,0.1565399207174778
89,0.49,3,0.17756085594495138
90,-1.03,4,0.18751728907227516
91,0.49,3,0.34047795335451764
92,0.92,9,0.2884883400466707
93,-1.03,4,0.28005966916680336
94,-1.09,10,0.2717955306172371
95,0.97,4,0.2102007083594799
96,0.98,3,0.28173257907231647
97,0.97,4,0.298030249774456
98,-5.5600000000000005,8,0.2546614147722721
99,0.98,3,0.26778270304203033
100,-1.55,7,0.23172557992594583
101,0.94,7,0.2590718907969339
102,-2.0,3,0.20572799444198608
103,0.47,5,0.26686756908893583
104,-1.02,3,0.31251488129297894
105,0.96,5,0.29169167280197145
106,0.95,6,0.2717453067501386
107,0.95,6,0.22097085664669672
108,-1.05,6,0.2870587855577469
109,-1.03,4,0.15844588354229927
110,0.45999999999999996,6,0.204356682797273
111,-5.51,3,0.18356865147749582
112,4.95,6,0.2555854618549347
113,4.98,3,0.2511024276415507
114,4.94,7,0.17381061507122858
115,-5.04,5,0.17727583944797515
116,4.48,4,0.23934538662433624
117,-1.06,7,0.26592060710702625
118,4.97,4,0.3037342168390751
119,0.94,7,0.16790430567094258
120,4.0,3,0.09348584214846294
121,0.95,6,0.1847707231839498
122,-1.09,10,0.19045009091496468
123,4.98,3,0.13438972334067026
124,-1.05,6,0.11658654361963272
125,0.47,5,0.2593666285276413
126,0.92,9,0.26021770636240643
127,0.49,3,0.14468802014986673
128,-1.02,3,0.12760850290457407
129,0.49,3,0.144963930050532
130,0.95,6,0.16234981392820677
131,0.49,3,0.16751652459303537
132,-1.02,3,0.3320695360501607
133,0.92,9,0.21233488702111775
134,0.98,3,0.4162551164627075
135,0.97,4,0.2717924118041992
136,4.48,4,0.3404024615883827
137,-5.55,7,0.1863335371017456
138,0.94,7,0.17181390364255225
139,-5.53,5,0.16166379153728486
140,4.98,3,0.17648355662822723
141,0.98,3,0.20356667786836624
142,4.95,6,0.2207910716533661
143,-1.05,6,0.1999217246969541
144,0.48,4,0.20735275372862816
145,4.49,3,0.32930684089660645
146,-5.02,3,0.22320052981376648
147,0.96,5,0.32710290551185606
148,-1.09,10,0.26417524740099907
149,-0.030000000000000027,6,0.2679814249277115
150,-2.0,3,0.36453280846277875
151,-1.56,8,0.22270596493035555
152,-1.08,9,0.2525446025861634
153,-1.53,5,0.2149200975894928
154,4.94,7,0.23907642598663056
155,-5.54,6,0.20025543123483658
156,-2.0700000000000003,10,0.20539420396089553
157,0.98,3,0.25453664859135944
158,-1.02,3,0.13193603356679282
159,-1.58,10,0.19165694527328014
160,-1.03,4,0.2508550062775612
161,0.48,4,0.3376218266785145
162,-1.52,4,0.2348727323114872
163,-1.03,4,0.18926220759749413
164,4.48,4,0.3612920865416527
165,-5.04,5,0.23694951236248016
166,-1.07,8,0.25188677571713924
167,0.49,3,0.31827449798583984
168,-1.54,6,0.25550732637445134
169,-1.03,4,0.19937578216195107
170,-1.04,5,0.1784263253211975
171,0.97,4,0.33660988509655
172,-1.53,5,0.28752903938293456
173,0.98,3,0.23072553922732672
174,-1.09,10,0.20544082149863244
175,4.94,7,0.2619995666401727
176,4.47,5,0.1985708713531494
177,-1.02,3,0.25251824657122296
178,-1.08,9,0.28646959116061527
179,0.96,5,0.217596697807312
180,-6.02,5,0.3488642692565918
181,0.97,4,0.32888777554035187
182,0.0,3,0.21612885097662607
183,-1.53,5,0.33647238910198213
184,-1.02,3,0.23803360760211945
185,-1.02,3,0.13639247914155325
186,0.49,3,0.268239493171374
187,-5.54,6,0.21291025231281915
188,4.96,5,0.15206171572208405
189,4.98,3,0.19316981732845306
190,4.98,3,0.15932809313138327
191,4.98,3,0.28792055944601697
192,-5.53,5,0.1889382779598236
193,-5.02,3,0.28187286853790283
194,4.98,3,0.244195856153965
195,4.95,6,0.3098432719707489
196,4.96,5,0.20387393087148667
197,-5.03,4,0.229422677308321
198,-5.51,3,0.31382115681966144
199,-5.53,5,0.20841006338596343
200,4.46,6,0.2682196944952011
201,-5.54,6,0.3190443416436513
202,4.48,4,0.2906360998749733
203,-1.02,3,0.3305278855065505
204,-1.03,4,0.30512621253728867
205,-2.0700000000000003,10,0.2790306255221367
206,0.42999999999999994,9,0.2649651997619205
207,-1.09,10,0.23498348221182824
208,0.97,4,0.31551360711455345
209,-1.56,8,0.3536543007940054
210,0.44999999999999996,7,0.3085580404315676
211,0.95,6,0.255869281788667
212,-1.53,5,0.26270271763205527
213,-6.04,7,0.27032490500382017
214,-5.02,3,0.349294051527977
215,-1.57,9,0.2432895435227288
216,-1.08,9,0.28391610085964203
217,-0.030000000000000027,6,0.45129123826821643
218,4.48,4,0.2415108047425747
219,-5.02,3,0.37855325142542523
220,4.92,9,0.24946995741791195
221,-5.51,3,0.39085085193316144
222,-5.53,5,0.2497687429189682
223,0.44999999999999996,7,0.17459786257573537
224,-2.0700000000000003,10,0.31827135682106017
225,-1.58,10,0.3557334616780281
226,4.48,4,0.2814861163496971
227,-5.51,3,0.48275916775067645
228,4.46,6,0.36367496351401013
229,-1.58,10,0.24579261541366576
230,-5.53,5,0.2270038306713104
231,-5.04,5,0.3157064586877823
232,-5.53,5,0.22519167363643647
233,4.98,3,0.258581022421519
234,-5.02,3,0.31816912690798443
235,4.94,7,0.2884928456374577
236,-1.06,7,0.3266871763127191
237,-5.51,3,0.2804085810979207
238,-5.51,3,0.3148675362269084
239,-5.05,6,0.25070468212167424
240,4.48,4,0.27811869606375694
241,4.95,6,0.4636050860087077
242,-0.040000000000000036,7,0.3587585815361568
243,-5.52,4,0.3640688434243202
244,-1.58,10,0.4181951105594635
245,-1.04,5,0.3737611711025238
246,-6.0,3,0.26446834206581116
247,4.95,6,0.3186233714222908
248,4.97,4,0.26883650571107864
249,-5.51,3,0.39566558599472046
250,0.98,3,0.30625948309898376
251,4.48,4,0.2419885043054819
252,4.98,3,0.2800283581018448
253,4.45,7,0.39374623128346037
254,-5.02,3,0.5615094006061554
255,-1.09,10,0.3303137540817261
256,-5.02,3,0.26292937994003296
257,-6.05,8,0.2609388530254364
258,4.47,5,0.3542844861745834
259,3.96,7,0.25818357723099844
260,-1.07,8,0.36634694784879684
261,-5.52,4,0.2323513887822628
262,-1.09,10,0.3260184407234192
263,-1.04,5,0.2971321761608124
264,0.48,4,0.27406231313943863
265,-1.04,5,0.3658697009086609
266,-2.0,3,0.19055920839309692
267,-1.07,8,0.4209268353879452
268,-1.09,10,0.3064351469278336
269,-1.04,5,0.26692959666252136
270,-1.02,3,0.29052746295928955
271,-1.04,5,0.44187032282352445
272,-1.08,9,0.27303841213385266
273,0.48,4,0.29464980587363243
274,-1.03,4,0.3482202850282192
275,-5.53,5,0.3606117725372314
276,-1.52,4,0.3533271290361881
277,4.96,5,0.21567497551441192
278,4.4399999999999995,8,0.28116821125149727
279,-1.55,7,0.345694614308221
280,-1.51,3,0.2920128405094147
281,0.98,3,0.37750885883967084
282,-1.02,3,0.27401214838027954
283,-1.09,10,0.29766480475664137
284,-1.51,3,0.31362640857696533
285,-1.52,4,0.34461747854948044
286,0.92,9,0.36316616502073074
287,0.45999999999999996,6,0.27096451073884964
288,-1.05,6,0.27336027349034947
289,0.96,5,0.4209254294633865
290,-1.09,10,0.24691815972328185
291,-1.02,3,0.24779808521270752
292,0.49,3,0.3533775309721629
293,0.95,6,0.5417355895042419
294,-1.52,4,0.27817753702402115
295,-1.58,10,0.2735487803816795
296,-1.09,10,0.320561321079731
297,-5.51,3,0.23507703095674515
298,-5.57,9,0.24502952728006575
299,4.49,3,0.22631130864222845
300,-1.03,4,0.18613747134804726
301,-1.09,10,0.2522434204816818
302,4.48,4,0.2653185613453388
303,-1.55,7,0.2037659159728459
304,0.43999999999999995,8,0.32644394785165787
305,0.96,5,0.452280604839325
306,-1.02,3,0.4917566776275635
307,4.93,8,0.3361914847046137
308,0.95,6,0.33675245692332584
309,0.95,6,0.28698014964660007
310,-1.51,3,0.27659255266189575
311,-1.09,10,0.3053643301129341
312,-5.03,4,0.2230565808713436
313,0.97,4,0.23553389310836792
314,-1.07,8,0.279773335903883
315,-1.58,10,0.2587790325284004
316,-5.51,3,0.1909123882651329
317,4.46,6,0.37152815610170364
318,-1.09,10,0.26787595748901366
319,-1.51,3,0.2458157241344452
320,0.97,4,0.2550085671246052
321,-5.02,3,0.4657779335975647
322,-1.09,10,0.3450579449534416
323,0.49,3,0.31962085763613385
324,-1.51,3,0.2712223082780838
325,-1.58,10,0.32052206099033353
326,-2.05,8,0.40137822553515434
327,0.95,6,0.24575905998547873
328,4.48,4,0.29827771708369255
329,-5.52,4,0.25689898058772087
330,4.49,3,0.24242207407951355
331,4.97,4,0.3282935544848442
332,-5.04,5,0.24889741986989974
333,0.98,3,0.35258224606513977
334,0.98,3,0.4036207894484202
335,-1.04,5,0.19809024035930634
336,0.42999999999999994,9,0.2742553585105472
337,-1.58,10,0.35761650204658507
338,0.98,3,0.3538447916507721
339,-1.02,3,0.25955771406491596
340,0.97,4,0.26007578149437904
341,-1.09,10,0.2715855211019516
342,-1.05,6,0.24882186204195023
343,0.48,4,0.2539666071534157
344,-1.09,10,0.4090592533349991
345,0.98,3,0.2604275494813919
346,0.96,5,0.42753323912620544
347,-1.02,3,0.2178228199481964
348,-1.06,7,0.3892495887620108
349,-1.09,10,0.29749597758054735
350,-1.02,3,0.43664499123891193
351,0.45999999999999996,6,0.32403948654731113
352,0.49,3,0.21264916161696115
353,-1.09,10,0.24240902364253997
354,0.98,3,0.23001296321551004
355,-1.51,3,0.2868516594171524
356,-1.02,3,0.37163399656613666
357,-1.08,9,0.32544586724705166
358,-6.02,5,0.28302876353263856
359,4.46,6,0.42674369489153224
360,-5.02,3,0.21884927401940027
361,0.49,3,0.3058985769748688
362,-1.04,5,0.34436539113521575
363,0.96,5,0.2732217401266098
364,0.9299999999999999,8,0.31014512851834297
365,0.96,5,0.21040797233581543
366,0.98,3,0.3046807050704956
367,0.96,5,0.4600736409425735
368,-1.03,4,0.2737516686320305
369,-1.04,5,0.27646430432796476
370,0.48,4,0.2720472924411297
371,-5.06,7,0.33395772108009886
372,4.97,4,0.2602282762527466
373,-1.53,5,0.31406028270721437
374,0.47,5,0.40771043598651885
375,-1.07,8,0.29150828067213297
376,0.97,4,0.3275919705629349
377,0.45999999999999996,6,0.2781288077433904
378,-5.03,4,0.5167948566377163
379,-6.02,5,0.34234943985939026
380,-1.51,3,0.21762493749459585
381,0.96,5,0.5278148174285888
382,0.49,3,0.49375133216381073
383,-1.09,10,0.36251049637794497
384,0.9299999999999999,8,0.39838975854218006
385,-1.56,8,0.3090582340955734
386,-1.03,4,0.5336104333400726
387,4.98,3,0.41632644832134247
388,-1.52,4,0.3315706439316273
389,-1.02,3,0.4913000265757243
390,-0.040000000000000036,7,0.3698458288397108
391,-1.58,10,0.43098869621753694
392,4.98,3,0.7260187268257141
393,-1.02,3,0.7134372194608053
394,4.98,3,0.5171807209650675
395,-5.02,3,0.48509371280670166
396,0.96,5,0.38351447582244874
397,0.97,4,0.3906768336892128
398,0.96,5,0.355322927236557
399,-1.02,3,0.3665960729122162
400,-1.03,4,0.4172556586563587
401,-0.030000000000000027,6,0.40954726934432983
402,-1.53,5,0.3977977454662323
403,0.97,4,0.3768432214856148
404,-5.06,7,0.3627911252634866
405,-1.03,4,0.46450043469667435
406,0.97,4,0.380610927939415
407,-2.0700000000000003,10,0.602547749876976
408,4.94,7,0.4514634438923427
409,-1.58,10,0.5038880363106728
410,0.49,3,0.5314149558544159
411,-1.51,3,0.3829992612202962
412,-1.52,4,0.5110877230763435
413,-1.06,7,0.596901535987854
414,-1.04,5,0.5683756351470948
415,-1.52,4,0.43258899822831154
416,-1.09,10,0.49459859877824786
417,-1.58,10,0.5493488401174546
418,0.98,3,0.37952084342638653
419,-1.51,3,0.4837855299313863
420,-1.02,3,0.45668987433115643
421,-1.53,5,0.6117382407188415
422,0.98,3,0.3510422507921855
423,0.97,4,0.4697263315320015
424,0.95,6,0.7342130442460378
425,-1.09,10,0.4828793853521347
426,-5.51,3,0.5245865186055502
427,4.48,4,0.5183958858251572
428,0.97,4,0.5157160311937332
429,0.47,5,0.43576099574565885
430,-1.58,10,0.5216993987560272
431,-5.52,4,0.7028153464198112
432,-5.05,6,0.7195829202731451
433,4.48,4,0.5884076729416847
434,-1.52,4,0.4899524599313736
435,0.45999999999999996,6,0.695047507683436
436,-1.58,10,0.6258199393749238
437,-5.03,4,0.7224326878786087
438,-5.04,5,0.600412255525589
439,-5.08,9,0.5321422119935354
440,-1.52,4,0.4930528327822685
441,4.93,8,0.6851672902703285
442,-5.02,3,0.4135665198167165
443,-5.52,4,0.4845537543296814
444,4.47,5,0.5641521990299225
445,-1.04,5,0.5325016915798187
446,0.98,3,0.5164860089619955
447,0.96,5,0.6641097486019134
448,-1.04,5,0.5178569316864013
449,0.48,4,0.6333671808242798
450,0.49,3,0.49584967891375226
451,4.94,7,0.620550445147923
452,4.95,6,0.5143167525529861
453,-1.58,10,0.589635369181633
454,4.49,3,0.7155252595742544
455,-1.05,6,0.5961301922798157
456,4.98,3,0.5820439656575521
457,0.45999999999999996,6,0.553303008278211
458,-1.51,3,0.6479670802752177
459,-1.03,4,0.5994021221995354
460,0.49,3,0.6816189090410868
461,4.46,6,0.5195842782656351
462,4.47,5,0.5361370801925659
463,-5.53,5,0.4923679381608963
464,-2.0700000000000003,10,0.5639826282858849
465,0.48,4,0.7775625139474869
466,0.95,6,0.5094837099313736
467,4.96,5,0.8089489221572876
468,-1.58,10,0.8712802529335022
469,4.97,4,0.6262523084878922
470,-5.51,3,0.7306535045305887
471,4.93,8,0.5830614976584911
472,4.92,9,0.5915430949793922
473,4.47,5,0.5809736788272858
474,-1.58,10,0.5446055591106415
475,4.98,3,0.4736604392528534
476,4.49,3,0.6063213149706522
477,-5.02,3,0.5395548045635223
478,-1.05,6,0.656362404425939
479,4.48,4,0.6653722822666168
480,4.96,5,0.6823222279548645
481,-1.09,10,0.6384297668933868
482,4.96,5,0.6648313999176025
483,-5.53,5,0.7263428926467895
484,0.42999999999999994,9,0.6420173413223691
485,4.96,5,0.607545155286789
486,-1.54,6,0.736490915218989
487,-5.57,9,0.7141798072391086
488,-1.03,4,0.6129400432109833
489,-1.02,3,0.379038542509079
490,-1.09,10,0.6887506872415543
491,4.49,3,0.8911760052045187
492,-1.58,10,0.6893904507160187
493,3.99,4,0.8662240654230118
494,-1.54,6,0.6295570035775503
495,0.49,3,0.6676068902015686
496,-1.53,5,0.6304028332233429
497,-5.02,3,0.663209060827891
498,4.43,9,0.8159054087267982
499,-1.09,10,0.6051742002367974
500,-5.04,5,0.7740164160728454
501,-5.5600000000000005,8,0.5900369957089424
502,-5.51,3,0.5249496499697367
503,4.95,6,0.4822656065225601
504,4.49,3,0.6929516394933065
505,4.93,8,0.7422742247581482
506,4.97,4,0.8831339776515961
507,4.97,4,0.5722684562206268
508,-1.03,4,0.5377964079380035
509,0.98,3,0.8353276451428732
510,0.49,3,0.5527864297231039
511,-1.52,4,0.6045149639248848
512,-1.09,10,0.5632395565509796
513,-0.030000000000000027,6,0.447600781917572
514,-1.52,4,0.4127762131392956
515,4.93,8,0.5867833308875561
516,-5.07,8,0.7314943633973598
517,-5.02,3,0.5672752062479655
518,-5.06,7,0.7203890383243561
519,-5.55,7,0.5877262268747602
520,0.97,4,0.6049327403306961
521,-1.51,3,0.8015755812327067
522,0.48,4,0.43011022359132767
523,-2.0,3,0.6070083379745483
524,-1.09,10,0.5034791499376297
525,-0.030000000000000027,6,0.7272910426060358
526,4.92,9,0.5243689020474752
527,0.98,3,0.6289168894290924
528,0.48,4,0.692083328962326
529,-5.51,3,0.8383074005444845
530,0.47,5,0.6435597181320191
531,4.95,6,0.5676582157611847
532,-1.03,4,0.6325763985514641
533,4.98,3,0.7269049286842346
534,-5.05,6,0.8087198535601298
535,0.48,4,0.744229331612587
536,0.96,5,0.7329369902610778
537,0.9299999999999999,8,0.8990137428045273
538,-1.53,5,0.4495339721441269
539,-1.06,7,0.633837708405086
540,0.98,3,0.7183720270792643
541,4.98,3,0.7247441609700521
542,-6.0600000000000005,9,0.6004758046733009
543,-1.51,3,0.7091783483823141
544,-1.09,10,0.5694836914539337
545,0.48,4,0.35949426889419556
546,0.97,4,0.5495784357190132
547,-1.07,8,0.49728548899292946
548,-1.03,4,0.6858415231108665
549,0.97,4,0.4540276899933815
550,-1.58,10,0.7408219486474991
551,-1.03,4,0.7755666673183441
552,0.97,4,0.5205202102661133
553,-1.51,3,0.727850596110026
554,0.44999999999999996,7,0.6078702850001199
555,0.95,6,0.5512387156486511
556,-1.09,10,0.6711030900478363
557,-1.06,7,0.5520630862031665
558,0.49,3,0.5607856909434
559,-1.54,6,0.4795118148128192
560,-1.52,4,0.4292239397764206
561,4.96,5,0.9631500840187073
562,-5.05,6,0.7527156372865041
563,-1.04,5,0.6152680814266205
564,0.97,4,0.5891161933541298
565,-5.52,4,0.5146639198064804
566,-1.06,7,0.7287890996251788
567,-1.09,10,0.9544358909130096
568,-0.010000000000000009,4,0.8242308795452118
569,0.98,3,0.6022838751475016
570,-1.51,3,0.32502442598342896
571,-5.54,6,0.5591619859139124
572,-1.56,8,0.8563054017722607
573,-1.09,10,0.8095052510499954
574,4.47,5,0.6710519075393677
575,4.47,5,0.547085964679718
576,0.48,4,0.46839216351509094
577,0.98,3,0.8122081855932871
578,0.97,4,1.0491544008255005
579,0.48,4,1.1199846416711807
580,-1.09,10,0.6675369083881378
581,-1.09,10,0.7937236547470092
582,4.98,3,0.9084679087003072
583,4.97,4,0.7510397434234619
584,-5.53,5,0.6788900315761566
585,4.97,4,0.7231460213661194
586,-5.06,7,0.7131616984094892
587,4.98,3,0.7534358501434326
588,-5.03,4,0.560362383723259
589,4.97,4,0.7325488179922104
590,-5.55,7,0.7035862803459167
591,4.94,7,0.7247832715511322
592,-5.05,6,0.8956684221824011
593,-1.04,5,0.8012827157974243
594,-5.55,7,0.7374135894434792
595,4.49,3,0.7979416847229004
596,-5.02,3,1.2019304434458415
597,0.49,3,1.0118916034698486
598,-5.05,6,0.776809016863505
599,4.97,4,0.5305393040180206
600,-1.03,4,0.9955008327960968
601,-1.02,3,0.8180675705273946
602,4.97,4,1.1191994845867157
603,-5.52,4,0.5726905912160873
604,0.97,4,0.535230316221714
605,-1.51,3,0.7270193696022034
606,-1.05,6,0.7407052119572958
607,-5.02,3,0.7857076724370321
608,-1.09,10,0.9427356064319611
609,4.4399999999999995,8,0.8522878549993038
610,-5.51,3,0.764553447564443
611,4.46,6,1.0069368382294972
612,-1.52,4,1.1288463920354843
613,0.97,4,1.1571740359067917
614,-1.04,5,1.328377652168274
615,4.47,5,0.8933822393417359
616,-5.08,9,0.9278626806206174
617,0.97,4,0.7370944172143936
618,4.97,4,0.8128291815519333
619,-5.02,3,0.7907440463701884
620,0.42999999999999994,9,0.812693758143319
621,4.97,4,1.0991979837417603
622,-1.58,10,1.0363791406154632
623,-1.58,10,1.0375692516565322
624,-5.05,6,1.0831443866093953
625,0.45999999999999996,6,1.071835031112035
626,4.97,4,0.9870659410953522
627,-5.02,3,1.018890659014384
628,4.95,6,1.0730315844217937
629,-5.02,3,1.3471202452977498
630,-2.04,7,0.9325277124132428
631,0.96,5,0.943950355052948
632,0.96,5,0.7230534076690673
633,0.94,7,1.190719051020486
634,-1.04,5,1.4979889631271361
635,-1.51,3,1.2564884424209595
636,-1.03,4,0.9985511600971222
637,0.98,3,1.0173554221789043
638,-1.04,5,0.8279590368270874
639,-1.58,10,0.9404712975025177
640,-1.06,7,1.147524893283844
641,0.98,3,0.914829432964325
642,-1.51,3,0.8583079179128011
643,-1.02,3,1.1160207192103069
644,0.47,5,0.8560261487960815
645,-1.53,5,1.0181129932403565
646,-1.09,10,1.175178772211075
647,-1.52,4,0.830800011754036
648,0.43999999999999995,8,0.8949683755636215
649,0.97,4,1.1458744928240776
650,-5.54,6,0.6874912530183792
651,-0.010000000000000009,4,0.9253359138965607
652,0.98,3,0.9715713262557983
653,0.94,7,0.8882419211523873
654,0.96,5,0.9711987137794494
655,-1.02,3,1.2737436294555664
656,-1.51,3,0.9608905911445618
657,-1.05,6,1.410509506861369
658,-1.02,3,1.244921604792277
659,-1.58,10,1.3975937962532043
660,-5.02,3,1.0012832085291545
661,4.96,5,1.1847929954528809
662,-1.09,10,1.2037373065948487
663,-1.05,6,1.0867928365866344
664,0.98,3,1.0324909885724385
665,4.48,4,1.0955819338560104
666,0.98,3,0.9296255310376486
667,0.45999999999999996,6,1.4787268439928691
668,0.97,4,1.6403667330741882
669,4.96,5,1.7212690591812134
670,-5.05,6,1.246011843283971
671,0.98,3,1.0035277605056763
672,0.44999999999999996,7,1.5830796446119035
673,-1.52,4,1.7396471500396729
674,0.98,3,1.488128940264384
675,-1.02,3,1.1998701492945354
676,0.95,6,1.4257409572601318
677,-1.09,10,1.2772766828536988
678,-5.53,5,1.0392517447471619
679,-1.57,9,1.316775831911299
680,0.45999999999999996,6,1.4247256716092427
681,4.96,5,1.05131276845932
682,4.96,5,0.9932313859462738
683,-5.03,4,1.0599694326519966
684,-1.04,5,1.470755672454834
685,-1.09,10,1.3343524575233459
686,-1.51,3,1.1716242631276448
687,0.96,5,1.4036860704421996
688,-1.52,4,1.1719521433115005
689,-1.58,10,1.1822814881801604
690,-1.53,5,1.4820235967636108
691,-1.58,10,1.3416403949260711
692,-1.52,4,1.5616250336170197
693,0.49,3,1.5699072281519573
694,0.47,5,1.8739969730377197
695,-1.53,5,1.2105209112167359
696,-5.53,5,1.1438386678695678
697,4.98,3,1.3069170117378235
698,0.49,3,0.9083969791730245
699,-1.58,10,1.445525574684143
700,-1.09,10,1.190446150302887
701,0.97,4,1.3262039721012115
702,0.97,4,1.9102632999420166
703,0.47,5,1.796608579158783
704,0.96,5,1.0544524550437928
705,-2.01,4,1.6712439358234406
706,-1.04,5,1.5363353848457337
707,-1.04,5,1.4835036277770997
708,0.98,3,2.0340779225031533
709,-1.04,5,1.3712764859199524
710,0.47,5,1.6457679510116576
711,0.95,6,1.5962878664334614
712,-5.04,5,1.1499101638793945
713,-5.02,3,1.3180935382843018
714,-6.0600000000000005,9,1.5886114637056987
715,4.49,3,1.4519150654474895
716,4.49,3,1.5140182971954346
717,0.97,4,1.6337864398956299
718,-1.04,5,1.2349832773208618
719,-1.58,10,1.6240845620632172
720,4.94,7,1.7178449630737305
721,-5.03,4,2.146136373281479
722,0.96,5,2.0358632802963257
723,-1.52,4,1.9666715264320374
724,-5.57,9,1.7703027195400662
725,-5.03,4,2.362344413995743
726,-1.09,10,2.0903273642063143
727,-1.58,10,1.6548844516277312
728,-1.04,5,2.072911286354065
729,0.49,3,2.0931743383407593
730,0.98,3,1.4511858224868774
731,-5.51,3,1.7472862005233765
732,-5.52,4,1.8231757879257202
733,4.49,3,2.7755837440490723
734,0.95,6,2.2213018933931985
735,0.96,5,2.2722882270812987
736,-1.03,4,1.8477261066436768
737,-1.06,7,1.9714860916137695
738,4.93,8,1.8788645565509796
739,-5.04,5,1.7352327585220337
740,0.43999999999999995,8,1.870336577296257
741,0.48,4,1.7965099215507507
742,4.98,3,2.3796956539154053
743,4.92,9,2.140490041838752
744,-5.04,5,1.5021130323410035
745,-5.03,4,1.7328665256500244
746,-5.51,3,1.5233285427093506
747,-5.52,4,1.9926550388336182
748,-5.52,4,1.879275381565094
749,0.49,3,2.9832993348439536
750,-1.57,9,1.9335158003701105
751,0.44999999999999996,7,1.9215262276785714
752,-1.09,10,1.6035001397132873
753,-1.05,6,2.1713359355926514
754,0.95,6,1.6213056147098541
755,0.96,5,2.3811948537826537
756,0.48,4,2.161284327507019
757,0.95,6,1.6558940609296162
758,-1.05,6,2.204368472099304
759,-1.09,10,2.051000249385834
760,-1.51,3,1.8941346804300945
761,-1.02,3,2.503094434738159
762,-1.58,10,2.588045036792755
763,0.97,4,2.1415360271930695
764,4.97,4,2.2891317307949066
765,-1.56,8,2.5961074382066727
766,-2.0700000000000003,10,2.263449287414551
767,-1.06,7,3.0133059365408763
768,-1.55,7,2.529485855783735
769,0.49,3,1.9653027455012004
770,0.45999999999999996,6,2.288753787676493
771,-1.03,4,2.797705829143524
772,0.95,6,3.0224167903264365
773,-1.05,6,1.7888992826143901
774,-1.09,10,2.473623204231262
775,-5.02,3,2.421172777811686
776,-5.54,6,2.0759258468945823
777,0.49,3,2.2820773919423423
778,-1.06,7,1.9154226269040788
779,0.44999999999999996,7,1.630740693637303
780,0.0,3,2.0737932920455933
781,0.95,6,2.1939861377080283
782,-1.06,7,2.0365939480917796
783,-1.53,5,1.536051881313324
784,-1.05,6,1.8956279555956523
785,-1.57,9,2.499797370698717
786,-1.58,10,2.071341812610626
787,0.98,3,2.2935336430867515
788,-1.09,10,1.9214086651802063
789,-1.51,3,2.15044371287028
790,-1.51,3,1.9241447846094768
791,-1.54,6,2.579467256863912
792,-2.01,4,1.5651340186595917
793,-1.53,5,2.144890642166138
794,0.48,4,1.6414205431938171
795,-1.09,10,2.2293548583984375
796,-5.52,4,2.07452255487442
797,0.97,4,2.614375412464142
798,0.95,6,2.8459890484809875
799,0.96,5,2.43054039478302
800,4.94,7,1.9750188418797083
801,4.97,4,2.7145881950855255
802,-1.05,6,1.9743816157182057
803,-1.52,4,2.4712199568748474
804,-1.02,3,2.2378649711608887
805,0.97,4,2.254331350326538
806,-1.51,3,3.1610947052637735
807,-1.09,10,1.8490359127521514
808,-1.02,3,1.5667219559351604
809,-1.54,6,1.3847176631291707
810,-1.05,6,2.188235958417257
811,-1.58,10,1.91334867477417
812,-1.02,3,1.6414692401885986
813,-1.53,5,2.1192291378974915
814,-1.02,3,1.3996597528457642
815,0.98,3,2.0993665854136148
816,0.97,4,1.8475903868675232
817,4.47,5,2.293756866455078
818,4.98,3,3.0026837984720864
819,-1.56,8,2.141317591071129
820,-1.02,3,1.9989185333251953
821,-5.03,4,2.884313613176346
822,0.97,4,2.586974412202835
823,-1.51,3,2.41626246770223
824,0.92,9,3.3468342092302112
825,-1.55,7,2.833132437297276
826,-1.54,6,2.746324102083842
827,-1.55,7,2.563686881746565
828,-5.53,5,2.4299063682556152
829,-2.0,3,2.451021353403727
830,0.95,6,2.392116149266561
831,4.48,4,2.3152844607830048
832,-1.56,8,3.0521449893712997
833,-1.58,10,2.631394052505493
834,0.95,6,2.589242855707804
835,0.48,4,2.5345185101032257
836,-1.06,7,2.621772919382368
837,0.49,3,3.1588271458943686
838,-1.52,4,3.6238712668418884
839,-1.58,10,2.4752870202064514
840,-1.09,10,2.5237072348594665
841,0.9299999999999999,8,2.438327357172966
842,-1.09,10,3.1565319299697876
843,0.0,3,3.191981871922811
844,-1.02,3,2.7822314898173013
845,0.49,3,2.615422248840332
846,0.48,4,3.245965003967285
847,0.48,4,1.9026890397071838
848,0.49,3,3.8268848260243735
849,0.42999999999999994,9,3.0288641850153604
850,-1.09,10,3.7647541880607607
851,0.97,4,3.342692345380783
852,0.47,5,2.521423506736755
853,-1.58,10,2.458984339237213
854,-1.51,3,3.006336053212484
855,-1.02,3,3.13356614112854
856,0.95,6,2.765569508075714
857,-1.02,3,3.107969363530477
858,0.97,4,3.001956135034561
859,0.95,6,2.761207183202108
860,-1.02,3,3.5423851013183594
861,-1.52,4,1.8720649778842926
862,0.95,6,2.411494712034861
863,-1.06,7,3.326150281088693
864,-2.02,5,2.450868535041809
865,-2.01,4,3.8243783116340637
866,-1.58,10,3.5453158617019653
867,0.98,3,3.5763370196024575
868,0.95,6,3.671045462290446
869,0.94,7,2.5903490781784058
870,-1.53,5,3.3413446664810182
871,0.97,4,2.873479723930359
872,0.44999999999999996,7,3.227325337273734
873,-1.52,4,3.038273811340332
874,-1.06,7,2.941858700343541
875,-1.56,8,3.347245216369629
876,0.48,4,3.5128315091133118
877,0.97,4,2.865439236164093
878,-1.04,5,3.6863319873809814
879,0.95,6,3.223858634630839
880,0.43999999999999995,8,3.423396974802017
881,0.92,9,2.9002748330434165
882,0.48,4,2.241825193166733
883,-1.58,10,3.5606592178344725
884,-1.55,7,2.9293108752795627
885,4.92,9,2.5634969340430365
886,4.98,3,3.7944935162862143
887,-1.05,6,2.3651501536369324
888,0.96,5,2.910161018371582
889,0.45999999999999996,6,2.5721040765444436
890,-1.02,3,3.3042040268580117
891,0.47,5,2.5883769512176515
892,0.47,5,3.693615436553955
893,0.9299999999999999,8,4.3099700808525085
894,-1.52,4,3.372172176837921
895,0.49,3,3.5897842248280845
896,-1.54,6,2.653698225816091
897,0.43999999999999995,8,3.255790740251541
898,-1.03,4,2.8125536143779755
899,-1.51,3,2.663563887278239
900,0.96,5,2.7849168300628664
901,-1.03,4,4.160214483737946
902,-1.09,10,4.0578299283981325
903,0.98,3,3.9726017316182456
904,4.97,4,4.191642999649048
905,4.0,3,2.5566811561584473
906,4.98,3,4.27621595064799
907,-2.0,3,3.6236115296681723
908,0.43999999999999995,8,3.8363196551799774
909,0.94,7,3.6732771737234935
910,-1.06,7,3.8091646262577603
911,-5.03,4,3.3452277183532715
912,4.48,4,2.964018225669861
913,-1.53,5,3.4022791385650635
914,-1.03,4,3.9980897307395935
915,-1.54,6,4.11288336912791
916,-5.53,5,2.930996370315552
917,-5.03,4,3.3981385231018066
918,-5.05,6,3.70884108543396
919,-5.03,4,3.4708073139190674
920,-5.57,9,2.9358199967278376
921,-5.52,4,2.5176046788692474
922,-1.58,10,2.844373631477356
923,4.98,3,3.655459483464559
924,-1.52,4,2.7631287574768066
925,-1.05,6,3.030315101146698
926,0.48,4,4.413818359375
927,-1.02,3,2.6178674697875977
928,-1.51,3,1.7929892142613728
929,-1.02,3,4.283628463745117
930,-1.53,5,3.368578290939331
931,-2.04,7,3.028132200241089
932,-1.58,10,3.277729797363281
933,-0.010000000000000009,4,3.111002564430237
934,-1.06,7,3.045746292386736
935,-5.51,3,3.3795551458994546
936,-1.09,10,3.0041839718818664
937,0.9299999999999999,8,3.3401800394058228
938,-5.03,4,2.8856412172317505
939,-1.02,3,3.024090051651001
940,0.95,6,3.218794266382853
941,4.97,4,4.702115714550018
942,-2.0700000000000003,10,4.157670128345489
943,-1.55,7,3.166741132736206
944,0.48,4,4.050265550613403
945,-1.03,4,4.943380832672119
946,-2.06,9,2.743057436413235
947,4.0,3,3.3321444193522134
948,-5.05,6,2.8213900923728943
949,-5.03,4,3.583951950073242
950,-5.06,7,3.392402717045375
951,-5.53,5,3.484890651702881
952,-5.02,3,4.6640699704488116
953,4.93,8,4.0858763456344604
954,4.96,5,3.4794456005096435
955,0.95,6,3.6310157775878906
956,4.95,6,2.9709459940592446
957,0.49,3,3.151028315226237
958,4.95,6,3.9310828844706216
959,-1.58,10,4.0142621994018555
960,-1.09,10,3.321843671798706
961,-5.02,3,3.420630931854248
962,0.49,3,3.5799123446146646
963,-1.53,5,3.619793176651001
964,-5.03,4,3.6985630989074707
965,-5.06,7,4.116333246231079
966,4.96,5,4.358166313171386
967,-1.52,4,2.913621962070465
968,4.95,6,3.9626161654790244
969,3.98,5,3.7519422292709352
970,-5.02,3,4.141075134277344
971,-2.02,5,4.070443820953369
972,4.95,6,3.8287002642949424
973,0.48,4,3.085067957639694
974,0.97,4,3.6542789936065674
975,-5.54,6,4.322483777999878
976,4.98,3,3.916499455769857
977,-5.54,6,4.082362373669942
978,-5.07,8,3.7660848945379257
979,-1.09,10,3.197160017490387
980,-5.04,5,3.6240830421447754
981,4.96,5,4.487303018569946
982,4.49,3,3.96160626411438
983,4.98,3,3.6659394105275473
984,-1.09,10,3.8619784235954286
985,3.99,4,4.117072641849518
986,0.45999999999999996,6,4.180836002031962
987,0.97,4,3.2915844321250916
988,-1.02,3,3.4078427155812583
989,-2.05,8,5.104652777314186
990,-1.07,8,3.810874715447426
991,0.44999999999999996,7,4.098442213875907
992,0.44999999999999996,7,3.913795675550188
993,-1.09,10,3.9050503253936766
994,-1.06,7,3.882688522338867
995,4.98,3,3.400834798812866
996,-5.57,9,3.8248899247911243
997,4.97,4,4.211845517158508
998,4.96,5,3.445327568054199
999,-1.58,10,5.013616228103638
1000,4.46,6,4.35765266418457
1001,-5.05,6,4.29342766602834
1002,-1.06,7,3.1956679821014404
1003,0.92,9,3.800137175454034
1004,0.96,5,3.6889494895935058
1005,-1.03,4,4.379502892494202
1006,4.49,3,3.973832925160726
1007,-5.52,4,4.28186160326004
1008,0.96,5,3.893065071105957
1009,-1.58,10,4.017331480979919
1010,0.47,5,4.525919437408447
1011,-1.58,10,4.776667380332947
1012,-1.58,10,4.932857036590576
1013,-5.51,3,4.722310702006022
1014,0.96,5,3.7540711879730226
1015,-5.05,6,3.9099427461624146
1016,4.95,6,3.893090804417928
1017,-5.04,5,4.652463293075561
1018,-5.51,3,4.811359802881877
1019,-1.09,10,4.297686386108398
1020,0.9299999999999999,8,4.0127125680446625
1021,-1.09,10,3.574039876461029
1022,-5.55,7,4.01265287399292
1023,-5.06,7,4.34906404359
1024,-5.02,3,3.2040091355641684
1025,-5.05,6,3.943549633026123
1026,-5.03,4,4.931859254837036
1027,-5.51,3,5.375878969828288
1028,-1.58,10,4.092284345626831
1029,-1.54,6,4.112280011177063
1030,-5.03,4,4.544193625450134
1031,4.47,5,3.6282704353332518
1032,4.49,3,4.150822401046753
1033,0.48,4,4.1864253282547
1034,0.97,4,3.798901617527008
1035,0.94,7,4.88698376928057
1036,0.98,3,4.851594805717468
1037,0.97,4,4.08667778968811
1038,0.49,3,4.324873447418213
1039,-1.54,6,3.938913424809774
1040,0.9299999999999999,8,3.7782533913850784
1041,4.49,3,5.103355884552002
1042,4.49,3,8.979108810424805
1043,-5.57,9,4.090911520851983
1044,-5.55,7,4.107303925922939
1045,-1.02,3,3.777932087580363
1046,-1.09,10,4.688826322555542
1047,-1.02,3,5.170461098353068
1048,-1.02,3,4.86394723256429
1049,-1.02,3,4.726573626200358
1050,0.43999999999999995,8,5.906623721122742
1051,0.98,3,4.136968930562337
1052,-2.0700000000000003,10,4.541153740882874
1053,-5.51,3,5.12421178817749
1054,-5.05,6,5.072528044382731
1055,-1.09,10,5.438662588596344
1056,4.98,3,4.612566153208415
1057,0.95,6,5.197697361310323
1058,0.48,4,4.589564144611359
1059,4.95,6,3.6492545207341514
1060,-5.04,5,4.391350269317627
1061,0.98,3,6.305763562520345
1062,-5.52,4,4.634883403778076
1063,-5.51,3,5.077848752339681
1064,4.98,3,3.9310529232025146
1065,-5.51,3,7.438783963521321
1066,4.4399999999999995,8,4.347977206110954
1067,-1.58,10,5.225899577140808
1068,4.4399999999999995,8,6.132547080516815
1069,-1.09,10,4.477126908302307
1070,0.49,3,4.364337126413981
1071,-1.09,10,5.025409173965454
1072,-1.07,8,4.850047916173935
1073,4.95,6,4.531983574231465
1074,-5.54,6,5.867357571919759
1075,4.49,3,4.917721112569173
1076,4.47,5,6.25718994140625
1077,-1.04,5,4.5433674335479735
1078,-1.07,8,5.422842383384705
1079,0.95,6,5.191360950469971
1080,0.98,3,6.243012984593709
1081,-2.04,7,4.879617827279227
1082,0.96,5,6.239098691940308
1083,-1.09,10,6.304785132408142
1084,-1.06,7,6.680530411856515
1085,0.98,3,3.79757030804952
1086,-1.51,3,5.685290018717448
1087,4.96,5,4.874919128417969
1088,0.97,4,4.520795702934265
1089,-5.07,8,5.569664001464844
1090,-5.08,9,5.6524744563632545
1091,-1.04,5,5.498846054077148
1092,-5.52,4,6.2108325362205505
1093,0.97,4,6.285664200782776
1094,-5.52,4,7.288897752761841
1095,-1.02,3,7.790737628936768
1096,0.9299999999999999,8,5.336550354957581
1097,0.49,3,6.579215049743652
1098,0.98,3,4.832455317179362
1099,-1.04,5,5.855642700195313
1100,4.48,4,5.684491395950317
1101,-1.02,3,4.878089189529419
1102,0.95,6,6.721691091855367
1103,0.49,3,6.189665158589681
1104,-1.07,8,6.312319457530975
1105,0.98,3,4.456623872121175
1106,4.93,8,5.705275177955627
1107,4.97,4,6.427143931388855
1108,0.97,4,4.540881395339966
1109,-2.01,4,3.541145086288452
1110,-1.02,3,5.1223195393880205
1111,0.49,3,6.101906458536784
1112,-1.53,5,4.770548868179321
1113,-5.03,4,4.819226682186127
1114,-1.58,10,6.580897045135498
1115,0.98,3,9.494377136230469
1116,-2.0,3,8.79265292485555
1117,4.49,3,7.622828006744385
1118,4.48,4,6.611048340797424
1119,-1.09,10,6.015817642211914
1120,3.99,4,6.8602049350738525
1121,-5.02,3,6.1832601229349775
1122,-1.52,4,5.5474056005477905
1123,0.48,4,8.410383105278015
1124,-1.58,10,6.241398668289184
1125,0.98,3,4.831342856089274
1126,-1.02,3,5.798146883646647
1127,0.49,3,7.7568739255269366
1128,-1.55,7,5.347845077514648
1129,-1.52,4,8.14906394481659
1130,-1.56,8,8.137485563755035
1131,-1.02,3,6.336721420288086
1132,4.94,7,8.407833644321986
1133,-5.07,8,6.905693292617798
1134,-1.09,10,7.214471101760864
1135,0.95,6,5.914591550827026
1136,-1.03,4,6.008312463760376
1137,0.49,3,7.690263112386067
1138,-1.52,4,8.103596568107605
1139,-1.52,4,6.689542293548584
1140,0.96,5,7.7787933349609375
1141,-5.06,7,6.875583103724888
1142,-1.58,10,7.156374907493591
1143,4.47,5,8.193545150756837
1144,4.97,4,5.454346299171448
1145,-5.02,3,3.9442325433095298
1146,-1.09,10,6.765664529800415
1147,-1.09,10,6.655662631988525
1148,-5.52,4,6.746123313903809
1149,0.48,4,8.420754194259644
1150,-1.02,3,4.713864326477051
1151,4.49,3,5.99296776453654
1152,-5.02,3,7.182345390319824
1153,0.9299999999999999,8,5.971732288599014
1154,0.98,3,6.623779932657878
1155,0.98,3,5.896115938822429
1156,-1.02,3,5.207503080368042
1157,-1.55,7,7.348061289106097
1158,-2.0700000000000003,10,8.385387897491455
1159,-2.01,4,6.60836660861969
1160,-2.0,3,4.239859422047933
1161,-2.0,3,6.99849001566569
1162,-1.02,3,6.228335698445638
1163,0.96,5,8.00830888748169
1164,0.0,3,7.1704355875651045
1165,0.48,4,7.56091570854187
1166,-1.03,4,7.213703155517578
1167,-1.58,10,7.242384767532348
1168,-1.06,7,6.221575328281948
1169,-1.54,6,5.60625688234965
1170,0.96,5,5.112443971633911
1171,-1.02,3,7.387022813161214
1172,0.97,4,7.995479583740234
1173,-1.02,3,8.682389418284098
1174,-1.05,6,6.073376496632894
1175,-1.02,3,9.500996112823486
1176,-1.02,3,6.39027754465739
1177,-1.09,10,5.4958654880523685
1178,-1.51,3,6.516147136688232
1179,0.95,6,5.2204939524332685
1180,0.96,5,6.336145496368408
1181,-1.56,8,7.086245983839035
1182,-1.09,10,8.358417272567749
1183,-1.02,3,5.208177884419759
1184,-1.09,10,6.486956596374512
1185,-1.09,10,8.816729974746703
1186,-1.57,9,6.682146761152479
1187,-1.04,5,7.210373878479004
1188,4.98,3,7.149451732635498
1189,4.48,4,6.955739617347717
1190,4.46,6,8.129221598307291
1191,-5.53,5,6.2794544219970705
1192,-5.57,9,7.398813247680664
1193,4.0,3,8.61627229054769
1194,-5.52,4,7.447363615036011
1195,0.0,3,7.104003429412842
1196,4.48,4,6.873696327209473
1197,-5.04,5,6.536870956420898
1198,-1.02,3,7.509870370229085
1199,-5.53,5,7.6665246963500975
1200,4.48,4,9.020071029663086
1201,-1.09,10,7.4060948371887205
1202,4.49,3,8.584444046020508
1203,0.47,5,6.5227021217346195
1204,4.48,4,6.214603662490845
1205,-5.52,4,8.384719133377075
1206,-1.58,10,6.918928623199463
1207,-1.58,10,7.6171001434326175
1208,-1.02,3,5.824560642242432
1209,-1.56,8,7.415631294250488
1210,4.98,3,8.812632242838541
1211,-1.58,10,6.202286434173584
1212,-5.53,5,7.950260353088379
1213,4.46,6,6.115412871042888
1214,-1.04,5,7.460963916778565
1215,-1.09,10,6.568679761886597
1216,-1.02,3,7.7878524462382
1217,0.95,6,6.027088562647502
1218,-1.58,10,6.446037936210632
1219,0.96,5,7.705954456329346
1220,0.9299999999999999,8,6.996971786022186
1221,0.96,5,5.728866767883301
1222,-1.09,10,6.547864961624145
1223,-1.04,5,5.029520893096924
1224,-5.51,3,5.276388486226399
1225,-1.09,10,6.717921137809753
1226,-1.07,8,5.605139255523682
1227,-1.09,10,7.5223006248474125
1228,-1.54,6,7.827314933141072
1229,-1.02,3,6.485649744669597
1230,-1.02,3,5.2480982939402265
1231,0.9299999999999999,8,7.433613300323486
1232,-1.04,5,5.8865053176879885
1233,0.96,5,6.581720352172852
1234,0.9299999999999999,8,7.654089838266373
1235,-6.02,5,7.307825088500977
1236,0.96,5,6.587649154663086
1237,0.98,3,7.657329082489014
1238,-1.02,3,6.911452770233154
1239,-1.54,6,6.810390790303548
1240,-2.01,4,7.81255316734314
1241,-1.03,4,8.591586589813232
1242,0.96,5,8.272843647003175
1243,4.49,3,8.459691365559896
1244,4.98,3,8.00772507985433
1245,4.49,3,8.221783320109049
1246,4.96,5,8.466861915588378
1247,-1.02,3,7.679088910420735
1248,-1.08,9,8.038913832770454
1249,-5.52,4,6.664958834648132
1250,-1.09,10,8.518361234664917
1251,0.96,5,8.93734073638916
1252,-1.08,9,7.117468357086182
1253,-1.51,3,6.75300137201945
1254,-0.030000000000000027,6,7.777414719263713
1255,-1.09,10,9.759674644470214
1256,-1.09,10,7.1233173370361325
1257,4.4399999999999995,8,7.739621877670288
1258,-5.51,3,11.184096972147623
1259,-2.0700000000000003,10,8.323625659942627
1260,-1.51,3,6.605409940083821
1261,0.97,4,6.7938090562820435
1262,0.92,9,7.888483312394884
1263,-1.05,6,8.196032762527466
1264,-5.03,4,7.988093018531799
1265,-1.58,10,6.42077419757843
1266,0.94,7,7.549812521253314
1267,0.96,5,9.435115242004395
1268,-5.05,6,8.671501159667969
1269,-1.58,10,8.223071956634522
1270,-5.05,6,8.705157121022543
1271,0.43999999999999995,8,10.421054005622864
1272,-1.04,5,9.616198921203614
1273,-1.58,10,7.528202629089355
1274,0.45999999999999996,6,7.672045946121216
1275,-0.010000000000000009,4,9.656028270721436
1276,-1.08,9,7.623305373721653
1277,-1.09,10,7.902567386627197
1278,0.98,3,8.727221171061197
1279,0.97,4,10.615651369094849
1280,-1.09,10,9.705714559555053
1281,-5.57,9,9.823166582319471
1282,4.98,3,10.184353192647299
1283,0.95,6,9.539478222529093
1284,4.49,3,7.728559970855713
1285,-1.09,10,7.824003601074219
1286,-1.58,10,8.598364162445069
1287,4.98,3,13.80832290649414
1288,-6.0,3,5.7125163078308105
1289,0.48,4,9.356428146362305
1290,0.9299999999999999,8,10.020073354244232
1291,-1.55,7,9.14089550290789
1292,4.94,7,9.326355184827532
1293,-5.06,7,9.056747777121407
1294,-2.01,4,8.755338430404663
1295,4.92,9,9.172783109876844
1296,0.97,4,6.927393198013306
1297,-5.08,9,10.459147082434761
1298,4.49,3,9.651653925577799
1299,-1.54,6,9.250597715377808
1300,-5.03,4,7.5319143533706665
1301,-1.03,4,10.918508291244507
1302,-1.04,5,8.553690528869629
1303,-1.09,10,10.419885730743408
1304,0.97,4,8.62749171257019
1305,-5.52,4,8.506570100784302
1306,-1.09,10,8.792294788360596
1307,0.44999999999999996,7,10.899778161730085
1308,4.95,6,8.41701054573059
1309,-5.02,3,11.504449208577475
1310,0.47,5,10.810793495178222
1311,4.49,3,8.020431677500406
1312,-1.06,7,10.150862693786621
1313,-5.03,4,12.151042699813843
1314,0.42999999999999994,9,10.974638409084744
1315,4.92,9,10.71410216225518
1316,0.98,3,9.504492600758871
1317,0.97,4,9.6806800365448
1318,-5.04,5,10.806259536743164
1319,-1.03,4,12.043977499008179
1320,0.95,6,9.71168843905131
1321,0.48,4,9.753474593162537
1322,-1.09,10,11.728836154937744
1323,0.97,4,8.45145320892334
1324,-2.01,4,10.68032968044281
1325,-1.09,10,10.295742511749268
1326,-1.09,10,10.312610101699828
1327,0.43999999999999995,8,10.778000295162201
1328,-1.09,10,9.700359582901001
1329,-1.04,5,9.897425079345703
1330,0.95,6,11.48220427831014
1331,3.99,4,12.167376637458801
1332,-5.07,8,14.146841883659363
1333,-2.01,4,11.67064619064331
1334,-5.03,4,9.04942762851715
1335,4.93,8,12.178205847740173
1336,-5.03,4,11.86429738998413
1337,-1.58,10,8.89998025894165
1338,-5.51,3,12.070964495340982
1339,0.97,4,10.462753176689148
1340,-1.02,3,6.936195532480876
1341,-1.58,10,11.537978029251098
1342,-2.02,5,9.2171706199646
1343,-1.58,10,13.204646968841553
1344,-1.58,10,12.462644338607788
1345,-5.54,6,12.231650193532309
1346,4.96,5,10.68520908355713
1347,-1.52,4,12.868185997009277
1348,4.95,6,12.351893266042074
1349,-5.54,6,13.324728647867838
1350,-5.02,3,15.11786142985026
1351,0.9299999999999999,8,12.315298557281494
1352,-1.04,5,11.283158302307129
1353,-1.02,3,11.239353815714518
1354,0.96,5,10.8966459274292
1355,-1.02,3,8.311053911844889
1356,-1.09,10,13.222428226470948
1357,4.97,4,13.381878137588501
1358,-5.51,3,8.505712827046713
1359,-5.5600000000000005,8,11.583555817604065
1360,-5.02,3,17.07402737935384
1361,0.97,4,12.620834589004517
1362,0.97,4,16.690852642059326
1363,0.0,3,13.362786293029785
1364,4.48,4,11.989020824432373
1365,-1.09,10,13.234935331344605
1366,-1.02,3,13.86443010965983
1367,4.95,6,13.00087022781372
1368,0.49,3,11.370381673177084
1369,-5.51,3,14.294840494791666
1370,4.93,8,10.485472679138184
1371,-1.58,10,12.433517551422119
1372,-1.08,9,14.647451082865397
1373,-2.06,9,12.55209329393175
1374,-1.52,4,16.648151397705078
1375,-5.51,3,13.108271916707357
1376,-1.09,10,13.369562435150147
1377,0.45999999999999996,6,13.56762663523356
1378,4.47,5,9.954435920715332
1379,-5.54,6,14.015222867329916
1380,4.48,4,16.23439931869507
1381,-1.58,10,14.025130224227905
1382,0.0,3,13.666311264038086
1383,-1.09,10,14.338754272460937
1384,-1.09,10,14.548778629302978
1385,0.97,4,15.978554010391235
1386,-1.03,4,16.309994220733643
1387,-1.54,6,15.562065124511719
1388,-2.0700000000000003,10,14.965314388275146
1389,-1.04,5,15.74669075012207
1390,-0.040000000000000036,7,14.210095950535365
1391,0.49,3,15.41155211130778
1392,-1.03,4,11.974695205688477
1393,-1.06,7,13.703637191227504
1394,-1.02,3,16.139551798502605
1395,4.49,3,16.83548418680827
1396,-5.02,3,18.902106602986652
1397,-1.09,10,13.742528533935547
1398,-1.58,10,13.112645053863526
1399,4.98,3,18.548627217610676
1400,-1.03,4,15.951664447784424
1401,-1.04,5,17.10652027130127
1402,-1.09,10,15.728652667999267
1403,4.97,4,16.133821487426758
1404,-5.03,4,16.148897409439087
1405,4.46,6,15.922804435094198
1406,-1.58,10,14.988965225219726
1407,-5.02,3,11.973235448201498
1408,-1.09,10,15.601990795135498
1409,4.49,3,16.476632754007976
1410,0.97,4,14.835553169250488
1411,-5.03,4,16.66698431968689
1412,0.98,3,12.490053494771322
1413,0.92,9,14.952666070726183
1414,-5.51,3,18.160181045532227
1415,0.9299999999999999,8,14.279688596725464
1416,-1.09,10,13.740790939331054
1417,-1.03,4,13.487221002578735
1418,0.96,5,15.3203519821167
1419,4.49,3,13.481961886088053
1420,-1.51,3,11.817334175109863
1421,0.49,3,18.6410338083903
1422,-1.58,10,13.946247959136963
1423,0.98,3,17.62781556447347
1424,4.98,3,12.037049293518066
1425,-5.07,8,11.527127861976624
1426,-1.09,10,16.61259765625
1427,-5.53,5,18.077080154418944
1428,-1.58,10,15.997934150695801
1429,-1.58,10,14.904196071624757
1430,4.4399999999999995,8,15.969524800777435
1431,-5.05,6,13.902767499287924
1432,-5.07,8,15.572522044181824
1433,-1.06,7,16.601529598236084
1434,0.43999999999999995,8,14.944833993911743
1435,-1.02,3,11.70201841990153
1436,-2.01,4,15.041965961456299
1437,-1.03,4,10.276044368743896
1438,0.49,3,11.119773864746094
1439,-1.04,5,12.540281105041505
1440,-1.57,9,18.47258652581109
1441,4.92,9,23.775919172498917
1442,-1.09,10,20.939627647399902
1443,-1.58,10,19.34883098602295
1444,4.49,3,15.344062805175781
1445,-1.52,4,20.392179250717163
1446,-1.57,9,21.510179731580948
1447,0.48,4,19.795806407928467
1448,4.45,7,15.321198327200753
1449,-1.09,10,13.990665245056153
1450,-1.08,9,16.68736786312527
1451,-1.51,3,20.09150155385335
1452,-1.02,3,12.700188636779785
1453,0.98,3,18.855777422587078
1454,-1.54,6,17.156824429829914
1455,-2.0700000000000003,10,18.08115425109863
1456,-1.51,3,12.332763671875
1457,0.98,3,20.979118982950848
1458,0.94,7,17.427576882498606
1459,-1.03,4,21.214563608169556
1460,-1.58,10,16.868011951446533
1461,-1.02,3,10.194696108500162
1462,-1.54,6,18.833386580149334
1463,-5.03,4,12.740198135375977
1464,4.98,3,19.75535011291504
1465,4.49,3,11.401174545288086
1466,4.97,4,15.588548183441162
1467,4.93,8,13.423062562942505
1468,0.98,3,14.689214706420898
1469,-1.03,4,16.301368713378906
1470,-1.55,7,13.156617845807757
1471,-1.58,10,17.151503562927246
1472,-1.09,10,15.816192054748536
1473,-1.58,10,18.119210720062256
1474,-5.55,7,19.30851091657366
1475,-5.54,6,14.08019224802653
1476,-5.51,3,18.959191640218098
1477,-1.55,7,18.163888250078475
1478,0.94,7,18.71757916041783
1479,-5.02,3,15.198530515034994
1480,4.93,8,16.12234401702881
1481,0.98,3,15.470891952514648
1482,0.97,4,18.491320848464966
1483,-1.54,6,14.946057478586832
1484,0.42999999999999994,9,15.850012938181559
1485,0.97,4,16.637797355651855
1486,0.94,7,16.676008088248118
1487,-1.58,10,20.111034393310547
1488,-1.09,10,20.67358808517456
1489,-5.51,3,17.00148359934489
1490,4.92,9,17.499279234144424
1491,-5.06,7,20.970664160592214
1492,4.93,8,16.783549666404724
1493,-5.04,5,15.90972671508789
1494,-5.57,9,18.619248072306316
1495,-1.52,4,17.31940722465515
1496,-1.51,3,17.70819314320882
1497,0.92,9,19.32144037882487
1498,4.95,6,17.82891575495402
1499,-2.06,9,21.543374061584473
1500,0.47,5,16.451593971252443
1501,-1.54,6,15.375194390614828
1502,0.49,3,19.909535725911457
1503,0.48,4,15.330607891082764
1504,-1.04,5,17.99059009552002
1505,0.98,3,21.296335220336914
1506,0.49,3,18.956552505493164
1507,-1.06,7,17.37220437186105
1508,0.95,6,16.155272483825684
1509,-1.03,4,17.79233980178833
1510,-1.02,3,15.165030161539713
1511,4.98,3,13.610090891520182
1512,4.93,8,14.591127753257751
1513,-5.03,4,24.158313751220703
1514,4.96,5,17.7329740524292
1515,-1.09,10,18.312635803222655
1516,0.44999999999999996,7,13.894968441554479
1517,0.49,3,13.135372479756674
1518,-1.02,3,15.739954312642416
1519,0.98,3,15.778626441955566
1520,-1.02,3,14.593844731648764
1521,0.42999999999999994,9,19.275868733723957
1522,-1.09,10,16.732421588897704
1523,-1.04,5,16.614534759521483
1524,0.49,3,26.824717839558918
1525,-1.54,6,18.031707922617596
1526,-1.54,6,18.86163345972697
1527,-5.04,5,14.504772186279297
1528,4.98,3,13.136233647664389
1529,0.45999999999999996,6,16.970015207926433
1530,0.48,4,18.232458114624023
1531,-0.06000000000000005,9,19.659445338779026
1532,-2.0,3,15.261741002400717
1533,0.47,5,14.758917427062988
1534,-1.09,10,14.260927867889404
1535,4.97,4,16.472705841064453
1536,0.49,3,21.200530370076496
1537,0.47,5,17.771105194091795
1538,-1.05,6,15.013471921284994
1539,0.96,5,20.092597579956056
1540,0.97,4,16.79444694519043
1541,0.97,4,18.34424066543579
1542,0.92,9,17.735933303833008
1543,-1.09,10,14.556024932861328
1544,-1.09,10,19.545648670196535
1545,0.92,9,16.28719033135308
1546,0.94,7,15.158679144723076
1547,-1.55,7,18.011187417166575
1548,0.43999999999999995,8,17.74421763420105
1549,-1.04,5,14.694878005981446
1550,-1.54,6,17.37407048543294
1551,0.0,3,17.670984268188477
1552,-1.07,8,20.502267122268677
1553,0.96,5,15.209098052978515
1554,0.95,6,18.82854922612508
1555,-1.54,6,16.462064266204834
1556,4.98,3,26.241390228271484
1557,-5.02,3,28.57185427347819
1558,4.97,4,13.862476348876953
1559,-5.03,4,17.032515048980713
1560,4.4399999999999995,8,17.23052442073822
1561,4.98,3,21.381444295247395
1562,-5.02,3,29.221946716308594
1563,-1.58,10,21.708436489105225
1564,4.48,4,14.922749757766724
1565,-5.02,3,17.059459050496418
1566,-1.53,5,17.0321403503418
1567,-1.52,4,14.035465002059937
1568,0.98,3,23.618645985921223
1569,-5.5600000000000005,8,15.218790411949158
1570,-1.54,6,19.236260096232098
1571,-1.06,7,19.876389231000626
1572,4.96,5,24.65959053039551
1573,4.43,9,27.001069174872505
1574,4.98,3,27.422218322753906
1575,-1.58,10,22.813555908203124
1576,-5.06,7,15.216448102678571
1577,0.9299999999999999,8,17.36165428161621
1578,-1.09,10,19.407885360717774
1579,-1.03,4,14.477661848068237
1580,-1.05,6,26.34950606028239
1581,-1.58,10,14.588193893432617
1582,0.96,5,15.536091995239257
1583,-1.09,10,20.050461864471437
1584,-1.03,4,20.187689304351807
1585,-0.040000000000000036,7,22.330873216901505
1586,-1.02,3,18.352060317993164
1587,-1.02,3,31.402861913045246
1588,-1.06,7,19.92005593436105
1589,-1.02,3,18.053978602091473
1590,-1.51,3,18.712268193562824
1591,-1.51,3,20.92006778717041
1592,4.93,8,22.535637736320496
1593,4.96,5,19.742178535461427
1594,-1.53,5,23.62145233154297
1595,-1.03,4,17.253093004226685
1596,-1.08,9,20.78083716498481
1597,-2.0700000000000003,10,20.465751934051514
1598,-0.020000000000000018,5,28.068182373046874
1599,-5.02,3,19.198158582051594
1600,4.95,6,20.41426706314087
1601,0.97,4,24.288125038146973
1602,-1.09,10,16.55848960876465
1603,-1.52,4,24.56299591064453
1604,0.95,6,28.267130533854168
1605,0.94,7,20.386729104178293
1606,-1.09,10,22.150540256500243
1607,4.97,4,17.423010110855103
1608,3.99,4,23.178836822509766
1609,-1.09,10,23.9958815574646
1610,-5.05,6,21.50250466664632
1611,0.45999999999999996,6,24.422775268554688
1612,-1.09,10,26.32597999572754
1613,-1.09,10,18.507042121887206
1614,-1.56,8,19.876439332962036
1615,0.9299999999999999,8,24.70826554298401
1616,0.49,3,18.67306391398112
1617,-1.58,10,23.586415100097657
1618,-1.03,4,22.247358798980713
1619,-1.09,10,21.091282463073732
1620,4.0,3,17.42278798421224
1621,-1.09,10,20.740924453735353
1622,-5.03,4,16.851500749588013
1623,-5.55,7,23.85041672842843
1624,0.97,4,23.550373077392578
1625,-1.55,7,25.722176006862096
1626,4.98,3,15.485623359680176
1627,-1.08,9,28.564342074924046
1628,-5.02,3,23.108733812967937
1629,4.96,5,16.130246925354005
1630,0.97,4,20.74928569793701
1631,4.47,5,22.869034194946288
1632,-5.03,4,19.466333866119385
1633,0.48,4,28.850828170776367
1634,-1.54,6,21.397274335225422
1635,-1.02,3,28.516679128011067
1636,0.97,4,22.262756824493408
1637,-1.58,10,24.500407886505126
1638,-5.03,4,25.919170379638672
1639,4.96,5,24.039075088500976
1640,3.99,4,22.173571586608887
1641,-5.02,3,26.46166229248047
1642,-1.04,5,20.221640014648436
1643,0.98,3,29.06842549641927
1644,-5.03,4,25.44957447052002
1645,0.97,4,30.07880687713623
1646,0.98,3,30.484283765157063
1647,0.47,5,23.782176208496093
1648,0.48,4,23.671111822128296
1649,-1.07,8,26.427367687225342
1650,-1.58,10,27.04249382019043
1651,-1.03,4,19.302270650863647
1652,-1.04,5,17.839171600341796
1653,0.92,9,21.005675951639812
1654,0.49,3,20.99528630574544
1655,0.92,9,21.26796997918023
1656,-1.02,3,14.56455167134603
1657,-1.54,6,23.850570678710938
1658,-1.58,10,23.273695755004884
1659,-5.02,3,24.29759979248047
1660,3.95,8,30.298345923423767
1661,4.45,7,22.251128877912247
1662,-1.58,10,25.475880241394044
1663,-1.07,8,24.719768285751343
1664,-1.07,8,23.784430265426636
1665,-1.57,9,24.484554078843857
1666,-1.52,4,22.05295467376709
1667,0.47,5,23.92366256713867
1668,0.95,6,22.95121161142985
1669,-1.58,10,23.24348888397217
1670,-1.02,3,30.258628209431965
1671,0.47,5,25.95004539489746
1672,0.94,7,21.70757920401437
1673,-6.01,4,27.879504442214966
1674,0.94,7,24.738046373639786
1675,-2.02,5,19.610537338256837
1676,-5.52,4,19.723859548568726
1677,0.95,6,25.40444215138753
1678,-1.51,3,25.134877522786457
1679,-5.05,6,20.990463892618816
1680,4.49,3,22.03581174214681
1681,0.94,7,20.384505135672434
1682,-2.0,3,20.009117762247723
1683,-1.03,4,21.208746194839478
1684,-1.03,4,26.570106029510498
1685,0.97,4,24.567110061645508
1686,-1.53,5,18.965778350830078
1687,-1.09,10,24.230698776245116
1688,0.92,9,22.916721026102703
1689,-1.09,10,23.160424423217773
1690,4.98,3,21.672032674153645
1691,4.96,5,21.486140060424805
1692,-5.06,7,24.842681612287247
1693,0.96,5,28.77175369262695
1694,-2.0700000000000003,10,21.884850120544435
1695,0.95,6,27.16763973236084
1696,-5.05,6,21.438448905944824
1697,0.49,3,26.607874552408855
1698,-1.02,3,31.218093872070312
1699,4.4399999999999995,8,21.667463183403015
1700,-1.51,3,21.761725743611652
1701,0.96,5,29.42434196472168
1702,-1.52,4,21.461310386657715
1703,4.97,4,25.093121767044067
1704,-1.09,10,21.456157684326172
1705,-1.54,6,23.902401129404705
1706,0.96,5,22.72179412841797
1707,-1.58,10,23.649214839935304
1708,-1.09,10,26.668867683410646
1709,-1.58,10,22.071023178100585
1710,0.48,4,18.155137062072754
1711,-1.09,10,23.245611095428465
1712,-1.06,7,25.90143939426967
1713,-1.58,10,22.02371816635132
1714,-5.04,5,20.428551483154298
1715,-1.58,10,22.063649082183836
1716,4.96,5,27.635850524902345
1717,-5.08,9,24.201174630059135
1718,4.95,6,27.471640904744465
1719,0.97,4,23.94562339782715
1720,0.96,5,22.384741020202636
1721,-1.03,4,26.946836471557617
1722,-1.51,3,23.875176111857098
1723,-5.57,9,24.869706683688694
1724,-5.07,8,27.58805823326111
1725,-5.04,5,28.701205444335937
1726,-5.02,3,25.714637756347656
1727,-5.08,9,26.754849116007488
1728,4.95,6,28.72075843811035
1729,-5.07,8,28.779673099517822
1730,0.97,4,27.28055763244629
1731,0.48,4,23.491289615631104
1732,-1.06,7,33.70207405090332
1733,-1.56,8,37.85792398452759
1734,0.94,7,34.888517652239116
1735,4.97,4,30.150949001312256
1736,-1.09,10,30.790653705596924
1737,-5.52,4,22.07866621017456
1738,-5.02,3,23.817155202229817
1739,4.93,8,26.665260791778564
1740,-1.09,10,28.532181549072266
1741,-1.58,10,25.97463436126709
1742,4.0,3,39.164666493733726
1743,0.97,4,31.055762767791748
1744,-5.05,6,29.54449526468913
1745,-1.51,3,30.696556727091473
1746,-6.03,6,34.0739361445109
1747,-1.05,6,29.98952007293701
1748,-1.58,10,30.25240316390991
1749,-1.09,10,28.83157901763916
1750,-5.53,5,30.744108963012696
1751,-1.09,10,29.34157524108887
1752,-1.58,10,31.90571460723877
1753,4.98,3,25.05748112996419
1754,0.95,6,33.535828272501625
1755,0.95,6,28.213369369506836
1756,0.95,6,22.071349302927654
1757,-5.57,9,31.012635972764755
1758,-1.09,10,27.040191650390625
1759,-1.53,5,36.266766738891604
1760,4.45,7,30.429318836757115
1761,4.98,3,33.368441899617515
1762,-1.53,5,37.55398826599121
1763,-5.02,3,35.89435068766276
1764,-1.06,7,33.729974201747346
1765,-5.55,7,27.503038951328822
1766,3.99,4,28.623460292816162
1767,4.98,3,31.40171241760254
1768,-5.51,3,25.472976366678875
1769,-1.09,10,31.882914352416993
1770,-1.58,10,28.99429416656494
1771,-1.09,10,35.481254959106444
1772,4.49,3,37.16357676188151
1773,-1.09,10,34.473016548156735
1774,4.46,6,31.51547336578369
1775,0.96,5,23.745293807983398
1776,4.95,6,37.23317209879557
1777,-5.06,7,28.602943420410156
1778,-1.02,3,30.665079752604168
1779,-1.03,4,44.6728515625
1780,0.44999999999999996,7,32.681201117379324
1781,-1.09,10,29.799552345275877
1782,-1.52,4,30.800898551940918
1783,4.96,5,36.41478996276855
1784,-5.54,6,28.00493844350179
1785,-5.02,3,35.34347279866537
1786,-2.05,8,32.87429714202881
1787,0.95,6,30.271210352579754
1788,-1.03,4,34.11693525314331
1789,-1.51,3,22.54178810119629
1790,-1.55,7,33.90884208679199
1791,0.95,6,31.234602292378742
1792,-1.02,3,43.782883961995445
1793,0.42999999999999994,9,34.204298443264435
1794,-1.52,4,33.452641010284424
1795,-1.06,7,33.40746634347098
1796,0.92,9,35.3917121887207
1797,-1.02,3,27.607760111490887
1798,-1.58,10,32.944961643218996
1799,-1.58,10,30.356539154052733
1800,-5.51,3,26.429325739542644
1801,0.98,3,42.20103073120117
1802,0.49,3,29.720449447631836
1803,-1.09,10,34.74014415740967
1804,0.96,5,27.505250930786133
1805,-1.51,3,28.131560643513996
1806,4.98,3,25.86001459757487
1807,-5.05,6,39.65849367777506
1808,4.98,3,31.872208913167317
1809,-5.51,3,20.633509318033855
1810,0.94,7,31.0931886945452
1811,0.96,5,33.64444694519043
1812,-1.09,10,38.82898626327515
1813,0.94,7,34.381277084350586
1814,0.47,5,37.16008834838867
1815,-1.09,10,39.89386386871338
1816,0.97,4,33.887956619262695
1817,-1.04,5,30.921578407287598
1818,-5.5600000000000005,8,33.324219703674316
1819,0.42999999999999994,9,34.70180426703559
1820,-1.09,10,36.998031044006346
1821,0.98,3,36.745168685913086
1822,-5.04,5,38.0639030456543
1823,-2.0700000000000003,10,36.3577075958252
1824,0.95,6,39.77707290649414
1825,0.94,7,38.53471755981445
1826,-1.02,3,44.96177291870117
1827,-1.03,4,39.13351535797119
1828,-2.0700000000000003,10,38.436420631408694
1829,-1.04,5,34.19200210571289
1830,0.0,3,26.9080327351888
1831,-1.58,10,30.106158542633057
1832,3.96,7,40.765669686453684
1833,0.95,6,31.74287446339925
1834,-1.09,10,37.99374141693115
1835,-1.52,4,31.39112091064453
1836,-1.09,10,35.54541435241699
1837,0.48,4,36.96087455749512
1838,0.96,5,40.17822532653808
1839,-1.02,3,41.003360748291016
1840,-1.03,4,51.54007816314697
1841,0.94,7,34.90449578421457
1842,0.44999999999999996,7,44.527849606105256
1843,-1.55,7,42.056094305855886
1844,0.98,3,37.44172604878744
1845,-1.08,9,39.00529797871908
1846,4.47,5,36.73800506591797
1847,4.98,3,49.92865498860677
1848,-1.09,10,38.28670883178711
1849,-1.58,10,41.52297019958496
1850,-1.09,10,37.08701801300049
1851,-5.02,3,41.45744959513346
1852,-1.09,10,46.953864860534665
1853,0.47,5,40.89452781677246
1854,-1.09,10,34.98196506500244
1855,-1.52,4,32.64606809616089
1856,-1.53,5,44.62894134521484
1857,-5.53,5,36.65394401550293
1858,-1.58,10,43.90179843902588
1859,-1.09,10,41.04549922943115
1860,-5.06,7,41.72343989780971
1861,4.97,4,40.51570463180542
1862,-5.52,4,41.07799816131592
1863,4.98,3,46.00186411539713
1864,-1.09,10,38.328751754760745
1865,4.98,3,46.17611567179362
1866,4.96,5,40.79504280090332
1867,-5.03,4,45.25217247009277
1868,4.95,6,37.99881966908773
1869,0.98,3,37.37580362955729
1870,0.49,3,55.70569356282552
1871,-5.54,6,58.36024157206217
1872,4.46,6,39.284999211629234
1873,0.48,4,34.38382530212402
1874,0.98,3,53.55880610148112
1875,0.95,6,37.99446455637614
1876,-1.06,7,45.1401002066476
1877,-5.07,8,40.825748682022095
1878,4.98,3,40.08202997843424
1879,-5.55,7,40.46752234867641
1880,-1.02,3,40.67836125691732
1881,-1.09,10,41.15614738464355
1882,-1.03,4,52.61809825897217
1883,-1.05,6,39.15613238016764
1884,-1.02,3,45.71465810139974
1885,-1.04,5,46.424691390991214
1886,-1.56,8,43.413082122802734
1887,-1.54,6,44.32087516784668
1888,-1.03,4,41.55925464630127
1889,-1.58,10,50.253830909729004
1890,0.95,6,53.20947392781576
1891,0.98,3,51.42471059163412
1892,0.47,5,40.81062698364258
1893,0.94,7,53.61899893624442
1894,0.9299999999999999,8,43.04297924041748
1895,-1.52,4,51.862714767456055
1896,-5.02,3,36.28629620869955
1897,0.96,5,33.839825820922854
1898,-1.09,10,46.44008941650391
1899,-1.07,8,44.03649711608887
1900,-1.09,10,46.027365112304686
1901,4.98,3,27.91456413269043
1902,-1.52,4,46.16035079956055
1903,-1.51,3,44.735870361328125
1904,-1.09,10,46.879577255249025
1905,-1.03,4,58.4741907119751
1906,-1.56,8,42.986944913864136
1907,0.97,4,32.62151050567627
1908,0.95,6,47.08941634496053
1909,0.96,5,44.49094924926758
1910,-1.09,10,40.86210174560547
1911,0.96,5,43.74241714477539
1912,-1.07,8,43.781246185302734
1913,-1.04,5,45.614803314208984
1914,-1.05,6,45.23165766398112
1915,0.97,4,36.66153812408447
1916,0.97,4,37.61244201660156
1917,-0.06000000000000005,9,35.76971117655436
1918,0.92,9,48.71180788675944
1919,-1.58,10,44.19411067962646
1920,-1.09,10,46.00628318786621
1921,0.47,5,44.37440071105957
1922,-1.09,10,45.42179298400879
1923,4.97,4,49.89964962005615
1924,-5.07,8,44.12580370903015
1925,-5.07,8,53.14156627655029
1926,4.46,6,50.68783060709635
1927,0.97,4,53.62508487701416
1928,-1.09,10,41.37877349853515
1929,-1.06,7,50.4024897984096
1930,-1.58,10,47.494758987426756
1931,-1.09,10,37.82505168914795
1932,0.96,5,51.784854125976565
1933,-6.0,3,40.81013552347819
1934,-5.08,9,49.89835633171929
1935,-1.53,5,41.84164962768555
1936,-1.04,5,52.3022102355957
1937,0.97,4,37.27303218841553
1938,-1.09,10,44.43506698608398
1939,-5.04,5,52.16684074401856
1940,0.97,4,54.03652095794678
1941,-1.51,3,33.46661186218262
1942,-1.58,10,48.053157043457034
1943,-1.09,10,51.28642272949219
1944,-1.08,9,40.7599900563558
1945,-5.02,3,45.49850718180338
1946,0.49,3,40.35813013712565
1947,0.49,3,47.386112213134766
1948,4.48,4,47.0327844619751
1949,-1.09,10,45.79220447540283
1950,-5.52,4,66.60796928405762
1951,-1.02,3,39.222242991129555
1952,0.49,3,38.90695063273112
1953,4.96,5,43.49491539001465
1954,-1.07,8,40.90935230255127
1955,-1.58,10,41.11151275634766
1956,-1.58,10,40.809377670288086
1957,-5.55,7,35.858093534197124
1958,-1.03,4,47.403687477111816
1959,0.96,5,40.41199722290039
1960,0.9299999999999999,8,44.80485725402832
1961,-5.02,3,37.529580434163414
1962,-5.02,3,62.63740793863932
1963,0.97,4,39.75153923034668
1964,-1.04,5,42.42331390380859
1965,-1.02,3,35.95672607421875
1966,4.98,3,52.57558568318685
1967,-5.5600000000000005,8,59.1442985534668
1968,-1.09,10,43.139207649230954
1969,0.98,3,60.582621256510414
1970,0.94,7,40.86349759783064
1971,0.48,4,47.67334461212158
1972,0.98,3,35.94554773966471
1973,0.96,5,53.31536636352539
1974,0.94,7,58.65773664202009
1975,0.95,6,45.7226505279541
1976,-1.05,6,43.373084704081215
1977,0.97,4,47.54853916168213
1978,0.48,4,46.13077926635742
1979,-1.04,5,44.69239120483398
1980,-1.09,10,46.94866466522217
1981,-1.53,5,41.353936767578126
1982,-1.03,4,57.70299005508423
1983,-1.09,10,44.598849868774415
1984,4.95,6,49.90476862589518
1985,-5.55,7,50.596117564610076
1986,-1.09,10,59.385108184814456
1987,-1.54,6,54.5534610748291
1988,0.94,7,45.712572370256694
1989,0.48,4,34.84365797042847
1990,0.45999999999999996,6,53.74358876546224
1991,-1.02,3,37.38903681437174
1992,0.9299999999999999,8,41.89060401916504
1993,-1.58,10,53.34948902130127
1994,-1.03,4,48.567752838134766
1995,-1.03,4,46.94456100463867
1996,0.97,4,53.013285636901855
1997,0.97,4,48.483099937438965
1998,-0.020000000000000018,5,47.333422088623045
1999,-1.09,10,42.073885154724124
2000,-1.58,10,52.40759429931641
2001,-1.03,4,55.767964363098145
2002,0.49,3,73.72602844238281
2003,-1.03,4,53.51021957397461
2004,-1.58,10,54.286729621887204
2005,-1.02,3,49.3761952718099
2006,0.96,5,46.07247123718262
2007,-1.52,4,47.03898048400879
2008,-1.09,10,51.284777069091795
2009,-1.03,4,38.0134482383728
2010,-1.07,8,47.34367799758911
2011,-1.02,3,54.8257204691569
2012,4.96,5,54.80176620483398
2013,0.98,3,53.61777877807617
2014,0.43999999999999995,8,50.251983642578125
2015,0.98,3,54.07214864095052
2016,-1.04,5,56.359900665283206
2017,-1.06,7,43.19802583966936
2018,0.95,6,48.24156379699707
2019,-1.53,5,46.1568489074707
2020,0.42999999999999994,9,53.13174205356174
2021,0.44999999999999996,7,44.65339578901018
2022,-1.51,3,40.208730697631836
2023,-1.09,10,48.16015510559082
2024,-1.05,6,54.88486099243164
2025,0.9299999999999999,8,53.424686431884766
2026,-1.51,3,43.221920013427734
2027,-1.04,5,47.55070037841797
2028,-1.09,10,44.77769813537598
2029,0.45999999999999996,6,58.72561009724935
2030,-1.09,10,56.0100513458252
2031,0.97,4,48.61771631240845
2032,-1.02,3,56.58672078450521
2033,-1.02,3,44.59042739868164
2034,-1.06,7,54.70235552106585
2035,-1.09,10,42.11830158233643
2036,-1.51,3,63.84472401936849
2037,0.43999999999999995,8,48.69324088096619
2038,-1.03,4,55.13265800476074
2039,-1.09,10,43.45591278076172
2040,-2.0,3,59.409506479899086
2041,-1.02,3,51.163770039876304
2042,-1.03,4,60.116498947143555
2043,-1.09,10,55.894365310668945
2044,-1.58,10,50.023166275024415
2045,0.97,4,67.81552505493164
2046,-1.51,3,51.430127461751304
2047,-1.07,8,56.687665939331055
2048,-1.09,10,46.270446395874025
2049,-1.09,10,47.63662185668945
2050,3.98,5,62.03033981323242
2051,0.9299999999999999,8,57.72771501541138
2052,0.49,3,64.95388666788737
2053,-1.03,4,42.70315742492676
2054,-1.09,10,56.56202621459961
2055,-5.57,9,63.50199063618978
2056,-1.09,10,62.61552047729492
2057,-5.03,4,69.27677154541016
2058,-1.09,10,49.61020164489746
2059,0.95,6,42.81827290852865
2060,0.95,6,47.88212744394938
2061,-1.08,9,67.24640231662326
2062,0.49,3,62.438978830973305
2063,0.96,5,70.76825256347657
2064,-1.52,4,80.8799877166748
2065,-1.04,5,81.93725357055663
2066,0.45999999999999996,6,54.73660405476888
2067,0.96,5,43.01093444824219
2068,-1.09,10,54.973494911193846
2069,-1.51,3,44.10000356038412
2070,4.97,4,65.6232738494873
2071,-1.09,10,58.29741897583008
2072,0.95,6,78.50841395060222
2073,-1.09,10,61.14735298156738
2074,4.95,6,61.363104502360024
2075,-5.02,3,66.10913340250652
2076,-1.02,3,66.94624455769856
2077,-1.53,5,69.11955223083496
2078,-1.58,10,54.056328201293944
2079,-1.54,6,53.2243906656901
2080,-1.04,5,51.298974609375
2081,-1.02,3,65.86679331461589
2082,-5.52,4,64.65931510925293
2083,-1.04,5,68.26347579956055
2084,-1.58,10,59.67524375915527
2085,0.97,4,41.803958892822266
2086,-1.04,5,68.9924446105957
2087,-5.02,3,78.3655611673991
2088,-1.09,10,66.59243125915528
2089,-1.09,10,63.35076751708984
2090,-1.04,5,60.14492492675781
2091,-1.04,5,57.44485321044922
2092,0.9299999999999999,8,51.649104833602905
2093,-5.02,3,49.92270533243815
2094,0.43999999999999995,8,53.887253284454346
2095,0.97,4,48.46145725250244
2096,0.45999999999999996,6,39.568576176961265
2097,-0.020000000000000018,5,48.03172607421875
2098,0.98,3,53.94465128580729
2099,-1.09,10,59.717167663574216
2100,-1.06,7,54.606078556605745
2101,-1.03,4,53.1004524230957
2102,0.48,4,56.3982458114624
2103,-1.04,5,61.32762680053711
2104,0.9299999999999999,8,58.81184411048889
2105,0.96,5,60.06581497192383
2106,0.92,9,74.53964742024739
2107,-1.06,7,56.70186723981585
2108,0.98,3,73.91573842366536
2109,-1.51,3,50.87722396850586
2110,-2.01,4,62.55263900756836
2111,0.95,6,60.748827616373696
2112,-1.52,4,82.69604110717773
2113,0.97,4,66.35502529144287
2114,0.95,6,69.22139231363933
2115,-5.05,6,77.54447682698567
2116,0.44999999999999996,7,62.906527927943635
2117,-5.04,5,74.45890655517579
2118,-1.03,4,61.16185474395752
2119,0.47,5,77.80384216308593
2120,-5.06,7,71.50165448869977
2121,-5.08,9,56.828099992540146
2122,4.46,6,65.05569235483806
2123,0.98,3,56.30894470214844
2124,0.44999999999999996,7,68.24262019566127
2125,4.49,3,68.3248659769694
2126,4.49,3,53.69248072306315
2127,-6.0,3,66.0418192545573
2128,0.95,6,57.52816899617513
2129,-1.03,4,63.392141342163086
2130,4.98,3,70.35878499348958
2131,-1.09,10,74.76518325805664
2132,4.95,6,79.06446011861165
2133,-5.02,3,81.99795023600261
2134,-1.09,10,73.51384143829345
2135,-5.03,4,58.35312461853027
2136,-1.06,7,54.806109292166575
2137,-1.07,8,51.85330009460449
2138,0.95,6,51.9292049407959
2139,-1.58,10,57.01923828125
2140,-5.03,4,53.63054084777832
2141,-1.58,10,60.96065559387207
2142,0.97,4,64.12517547607422
2143,-1.09,10,67.21690444946289
2144,0.92,9,53.994414223564995
2145,-1.58,10,68.71805725097656
2146,-1.03,4,46.358521461486816
2147,-1.05,6,78.85677846272786
2148,-1.58,10,62.264577293395995
2149,-1.09,10,55.13142395019531
2150,-1.04,5,86.91385192871094
2151,0.95,6,71.99167696634929
2152,0.95,6,46.430633544921875
2153,-1.09,10,71.89285125732422
2154,0.45999999999999996,6,60.226877212524414
2155,-1.09,10,60.44807472229004
2156,-1.58,10,59.69761695861816
2157,-1.09,10,64.26488380432129
2158,-1.07,8,77.8105993270874
2159,0.9299999999999999,8,73.24134540557861
2160,4.48,4,69.61615562438965
2161,0.94,7,66.60809108189174
2162,-2.0700000000000003,10,69.92646827697754
2163,-1.04,5,89.63927841186523
2164,-1.09,10,84.2789436340332
2165,0.49,3,63.70020294189453
2166,-1.09,10,64.56155242919922
2167,-1.09,10,68.31483535766601
2168,-1.09,10,64.24891929626465
2169,4.98,3,52.572699228922524
2170,-5.05,6,68.96204058329265
2171,-1.09,10,74.10945358276368
2172,-1.58,10,73.3189582824707
2173,0.49,3,86.85977172851562
2174,-1.02,3,52.34118525187174
2175,-1.07,8,71.51754903793335
2176,-2.02,5,56.5960189819336
2177,0.98,3,59.474449157714844
2178,-1.56,8,73.9185848236084
2179,-1.58,10,69.48848686218261
2180,-1.02,3,79.85103861490886
2181,-1.07,8,70.62343502044678
2182,0.95,6,68.2836062113444
2183,0.43999999999999995,8,68.80418968200684
2184,-1.09,10,79.7995819091797
2185,-1.09,10,72.90463619232177
2186,-1.53,5,77.83909912109375
2187,-1.58,10,66.38424682617188
2188,-1.02,3,92.43384806315105
2189,0.48,4,68.90252304077148
2190,-1.03,4,50.9522123336792
2191,0.96,5,62.292294311523435
2192,-1.09,10,60.454696846008304
2193,-1.58,10,65.87484321594238
2194,-1.51,3,62.589898427327476
2195,-1.06,7,70.53665433611188
2196,-1.09,10,84.74526748657226
2197,-1.09,10,61.38606758117676
2198,0.98,3,85.14638264973958
2199,0.98,3,58.783854166666664
2200,0.45999999999999996,6,77.22593561808269
2201,4.45,7,88.58875928606305
2202,-1.09,10,58.35263175964356
2203,0.45999999999999996,6,73.28299077351888
2204,-1.54,6,60.313106536865234
2205,0.95,6,75.48006884256999
2206,-1.52,4,76.65845966339111
2207,-1.51,3,84.70905049641927
2208,-5.02,3,79.46234893798828
2209,-1.09,10,63.87087287902832
2210,0.97,4,79.12226295471191
2211,-2.05,8,73.26940488815308
2212,-1.05,6,77.92186800638835
2213,0.47,5,95.47361831665039
2214,-1.05,6,82.12525622049968
2215,-1.09,10,56.845719528198245
2216,0.43999999999999995,8,80.46206521987915
2217,-1.51,3,68.49343236287434
2218,4.96,5,59.04179916381836
2219,-1.09,10,75.632373046875
2220,4.96,5,70.37021865844727
2221,-2.0700000000000003,10,81.7984748840332
2222,-5.57,9,76.08554924858942
2223,4.92,9,82.84043926662869
2224,-1.09,10,73.52744941711425
2225,4.95,6,75.60108184814453
2226,-5.05,6,73.17452812194824
2227,-5.51,3,71.32567342122395
2228,0.49,3,79.94389343261719
2229,-1.04,5,76.48056488037109
2230,-1.09,10,68.45883674621582
2231,4.46,6,105.90396881103516
2232,0.97,4,82.88570880889893
2233,4.48,4,60.095712661743164
2234,-5.04,5,79.53646621704101
2235,-1.07,8,68.66097593307495
2236,-1.04,5,69.73914184570313
2237,0.96,5,83.49281311035156
2238,4.47,5,88.67245178222656
2239,4.98,3,83.6654535929362
2240,-1.09,10,65.61416664123536
2241,-1.09,10,74.20967903137208
2242,4.49,3,105.38463592529297
2243,4.97,4,84.42596817016602
2244,4.97,4,90.93514919281006
2245,4.98,3,71.5406494140625
2246,4.97,4,86.65758895874023
2247,4.93,8,77.08663749694824
2248,0.0,3,75.7403450012207
2249,-5.06,7,70.56138338361468
2250,4.49,3,108.02255757649739
2251,4.95,6,92.67114003499348
2252,-1.09,10,83.61946563720703
2253,-1.07,8,66.42987728118896
2254,-1.09,10,71.39874305725098
2255,-5.08,9,72.48569658067491
2256,-1.04,5,105.97425079345703
2257,-1.09,10,71.14484672546386
2258,-1.58,10,70.9138339996338
2259,-1.03,4,72.83145809173584
2260,0.97,4,57.428518295288086
2261,-1.09,10,87.94439239501953
2262,4.94,7,74.58916691371373
2263,-1.05,6,84.04199600219727
2264,-1.51,3,111.5813725789388
2265,-2.0,3,75.69334157307942
2266,4.98,3,104.09114329020183
2267,4.98,3,85.23551813761394
2268,-5.02,3,108.04078165690105
2269,-5.04,5,107.16750030517578
2270,-6.0,3,118.92589314778645
2271,4.48,4,91.37443542480469
2272,-1.09,10,79.59021759033203
2273,0.95,6,82.40352376302083
2274,-1.09,10,72.96509399414063
2275,-1.09,10,108.81128692626953
2276,-1.09,10,99.83781204223632
2277,0.98,3,122.0530497233073
2278,-1.58,10,71.12010192871094
2279,-2.0700000000000003,10,85.65082397460938
2280,4.48,4,108.93988227844238
2281,0.94,7,89.28387015206474
2282,-1.05,6,98.19341786702473
2283,0.97,4,84.1207971572876
2284,4.98,3,118.55560302734375
2285,-1.07,8,95.05582332611084
2286,-1.09,10,87.2990909576416
2287,-1.51,3,44.78843561808268
2288,0.95,6,73.77734883626302
2289,-1.09,10,87.3515411376953
2290,-1.09,10,106.8579029083252
2291,-1.58,10,97.61892242431641
2292,-1.05,6,84.13065910339355
2293,-1.06,7,88.12173461914062
2294,0.42999999999999994,9,85.03808636135525
2295,0.94,7,88.3013447352818
2296,0.97,4,85.87513065338135
2297,-1.09,10,80.55737266540527
2298,-5.02,3,82.14742024739583
2299,0.98,3,52.61170959472656
2300,-1.06,7,88.96612875802177
2301,-5.51,3,90.02024841308594
2302,-1.05,6,105.53070576985677
2303,-5.54,6,101.4561055501302
2304,-1.58,10,85.0915138244629
2305,0.45999999999999996,6,100.75604629516602
2306,4.48,4,98.15853500366211
2307,0.42999999999999994,9,81.76605945163303
2308,0.45999999999999996,6,69.86942927042644
2309,-1.09,10,105.48530540466308
2310,0.42999999999999994,9,117.23228200276692
2311,-1.53,5,101.93890686035157
2312,0.48,4,104.1918592453003
2313,-2.0700000000000003,10,89.05957374572753
2314,-5.02,3,72.3974100748698
2315,-5.05,6,102.2922248840332
2316,-2.0,3,118.14759063720703
2317,0.97,4,82.26906776428223
2318,-1.09,10,112.72892990112305
2319,-1.09,10,96.83811416625977
2320,0.97,4,97.14220428466797
2321,4.92,9,92.145083533393
2322,4.47,5,108.19604187011718
2323,4.49,3,99.11333719889323
2324,-1.03,4,116.64449691772461
2325,-1.02,3,104.54674784342448
2326,-1.09,10,101.43633613586425
2327,4.96,5,125.26183624267578
2328,-1.09,10,109.7225212097168
2329,0.97,4,91.27736949920654
2330,0.94,7,89.07883562360492
2331,-1.58,10,102.62327079772949
2332,-1.03,4,92.74168491363525
2333,4.96,5,121.50550994873046
2334,4.96,5,82.68265304565429
2335,0.43999999999999995,8,103.86960458755493
2336,-1.02,3,135.74872334798178
2337,-1.06,7,98.6040540422712
2338,-1.09,10,108.2785255432129
2339,0.96,5,98.67626647949218
2340,-1.52,4,98.13632011413574
2341,0.97,4,72.6813611984253
2342,-1.02,3,141.598513285319
2343,-1.02,3,117.77354939778645
2344,4.98,3,81.07212829589844
2345,-1.52,4,103.64084053039551
2346,4.98,3,87.10720698038737
2347,4.95,6,101.29393895467122
2348,0.45999999999999996,6,108.03799819946289
2349,-1.58,10,110.91240615844727
2350,-1.54,6,78.26328150431316
2351,0.0,3,68.96440124511719
2352,-1.09,10,107.85377235412598
2353,0.98,3,92.77627817789714
2354,-1.05,6,99.60978317260742
2355,-1.56,8,112.630934715271
2356,0.42999999999999994,9,98.44143761528863
2357,-2.01,4,120.02045631408691
2358,-1.02,3,95.4363021850586
2359,0.43999999999999995,8,94.52662801742554
2360,0.48,4,75.49722862243652
2361,0.97,4,135.59230995178223
2362,4.92,9,100.24631924099393
2363,-1.08,9,119.38719855414496
2364,-1.09,10,98.1189208984375
2365,-1.09,10,107.90149726867676
2366,-5.05,6,100.94065856933594
2367,0.49,3,145.104860941569
2368,0.96,5,109.00774993896485
2369,0.42999999999999994,9,108.9000981648763
2370,-1.09,10,125.6409465789795
2371,-5.05,6,148.35557301839194
2372,4.98,3,115.10389709472656
2373,-1.09,10,120.87215423583984
2374,0.9299999999999999,8,130.02288818359375
2375,-1.54,6,87.64692687988281
2376,0.9299999999999999,8,98.8156566619873
2377,0.98,3,124.32002258300781
2378,0.97,4,77.3752088546753
2379,-5.04,5,85.15047760009766
2380,-5.03,4,132.5002040863037
2381,0.94,7,98.34197453090123
2382,-1.09,10,107.6069122314453
2383,0.97,4,103.98644065856934
2384,-1.53,5,104.40636291503907
2385,-5.03,4,100.04255294799805
2386,4.97,4,101.82506942749023
2387,-2.0700000000000003,10,123.19019470214843
2388,-5.05,6,123.57645034790039
2389,0.98,3,88.18657938639323
2390,-1.08,9,119.18277062310113
2391,-1.04,5,130.54541015625
2392,-1.53,5,83.2459228515625
2393,-1.52,4,89.49301719665527
2394,-1.58,10,118.74595947265625
2395,4.96,5,94.4106346130371
2396,4.97,4,143.5331802368164
2397,4.46,6,94.3520278930664
2398,-1.58,10,128.69018630981446
2399,0.98,3,94.6043472290039
2400,-1.09,10,92.53806648254394
2401,0.96,5,133.98658294677733
2402,-1.09,10,126.24317855834961
2403,-1.58,10,120.04117813110352
2404,-1.06,7,109.09799085344586
2405,-1.09,10,97.10033798217773
2406,-1.53,5,117.85752563476562
2407,0.97,4,127.58270072937012
2408,-1.09,10,120.0766471862793
2409,-1.09,10,117.94629287719727
2410,0.98,3,107.40868123372395
2411,0.96,5,116.05743560791015
2412,-1.54,6,100.65870157877605
2413,0.98,3,75.73758188883464
2414,-1.09,10,125.89971694946288
2415,-1.58,10,130.65728454589845
2416,-1.07,8,135.78806018829346
2417,0.92,9,144.85197363959418
2418,-1.58,10,104.29475364685058
2419,-1.06,7,90.75882884434291
2420,0.98,3,95.87740580240886
2421,0.95,6,114.02511914571126
2422,0.92,9,134.31680636935764
2423,0.98,3,145.48414866129556
2424,-1.09,10,118.03920135498046
2425,0.94,7,86.83780779157367
2426,-1.09,10,138.22236175537108
2427,-1.03,4,119.47514915466309
2428,-1.09,10,117.46279754638672
2429,-1.58,10,136.23815155029297
2430,-1.06,7,118.30832236153739
2431,0.96,5,90.5368667602539
2432,-1.02,3,125.48710123697917
2433,-5.02,3,140.80866495768228
2434,4.45,7,100.9586421421596
2435,4.43,9,119.35879007975261
2436,4.97,4,101.66415405273438
2437,0.97,4,71.76011180877686
2438,-1.58,10,108.80371742248535
2439,-5.54,6,104.13031768798828
2440,0.98,3,118.28518931070964
2441,4.97,4,96.23632526397705
2442,-1.58,10,119.77160263061523
2443,4.4399999999999995,8,126.40381336212158
2444,-1.09,10,104.23839492797852
2445,-5.06,7,102.97313908168248
2446,-1.51,3,91.99530537923177
2447,4.48,4,130.6371612548828
2448,4.94,7,117.12591552734375
2449,0.98,3,106.8800786336263
2450,-1.58,10,99.42210159301757
2451,-1.09,10,111.81877975463867
2452,-1.08,9,76.3816761440701
2453,-1.09,10,112.4946502685547
2454,0.98,3,122.67786153157552
2455,-1.57,9,98.8482314215766
2456,-1.02,3,82.68051401774089
2457,-1.02,3,89.39522806803386
2458,-1.51,3,94.20635223388672
2459,-1.09,10,91.16008682250977
2460,-1.04,5,147.57572174072266
2461,0.98,3,94.43651453653972
2462,-1.51,3,118.51906840006511
2463,-1.58,10,123.93482627868653
2464,0.47,5,76.07328414916992
2465,0.98,3,105.47603352864583
2466,-1.57,9,128.7515080769857
2467,-1.04,5,109.52808151245117
2468,0.98,3,60.995801289876304
2469,-1.09,10,121.01242752075196
2470,0.98,3,103.99486796061198
2471,0.48,4,108.5855131149292
2472,-1.51,3,135.24276224772134
2473,0.98,3,95.80649312337239
2474,0.95,6,142.12616856892905
2475,-1.09,10,119.57319450378418
2476,0.48,4,116.7808666229248
2477,-1.52,4,84.47347164154053
2478,-1.03,4,114.49617767333984
2479,0.96,5,81.00050506591796
2480,4.95,6,129.28898493448892
2481,4.97,4,110.59128952026367
2482,4.98,3,94.40631612141927
2483,4.97,4,121.00852966308594
2484,-5.06,7,116.43841225760323
2485,4.93,8,130.34441471099854
2486,4.93,8,112.36543083190918
2487,-5.02,3,127.99160766601562
2488,0.96,5,112.34396057128906
2489,-1.09,10,126.5867935180664
2490,4.93,8,113.36235332489014
2491,3.99,4,157.5162525177002
2492,-1.02,3,112.00672912597656
2493,-5.04,5,111.30040588378907
2494,-2.0700000000000003,10,133.36076583862305
2495,-1.09,10,132.1022918701172
2496,-5.02,3,73.43931070963542
2497,-1.02,3,130.54550552368164
2498,0.94,7,105.8937007359096
2499,-5.03,4,127.29873275756836
2500,-1.02,3,101.95668029785156
2501,4.0,3,158.97946166992188
2502,-1.09,10,150.61420021057128
2503,-5.51,3,109.24151357014973
2504,-5.02,3,127.30815124511719
2505,-1.52,4,126.5321159362793
2506,0.94,7,84.39469691685268
2507,-1.09,10,126.37408332824707
2508,-1.04,5,100.35384979248047
2509,-5.02,3,124.34548950195312
2510,3.9699999999999998,6,111.88015747070312
2511,-1.09,10,141.72662391662598
2512,0.9299999999999999,8,146.36919403076172
2513,-1.09,10,143.47590255737305
2514,-1.09,10,125.3812126159668
2515,-1.05,6,147.52406565348306
2516,-1.09,10,117.6762710571289
2517,-5.52,4,106.67110252380371
2518,-2.0,3,108.04598236083984
2519,-1.54,6,127.38387807210286
2520,-0.010000000000000009,4,143.79246711730957
2521,0.98,3,153.9120839436849
2522,-1.07,8,138.75480937957764
2523,-5.02,3,126.44662729899089
2524,-1.09,10,125.08207702636719
2525,-1.58,10,148.6062805175781
2526,-1.02,3,89.48290506998698
2527,4.97,4,164.13220024108887
2528,-5.08,9,128.74556816948785
2529,4.47,5,175.19232482910155
2530,-5.05,6,174.0001678466797
2531,-1.04,5,109.863720703125
2532,-1.05,6,131.9742743174235
2533,4.98,3,108.45473734537761
2534,-2.0,3,135.85830942789713
2535,-5.02,3,128.7035115559896
2536,-1.09,10,119.11067352294921
2537,-5.51,3,144.46707407633463
2538,4.96,5,126.67123718261719
2539,-1.09,10,137.1855125427246
2540,-1.52,4,109.87596607208252
2541,4.96,5,133.2040168762207
2542,-1.09,10,124.30788192749023
2543,-1.05,6,130.24662017822266
2544,-1.58,10,105.35815963745117
2545,-5.06,7,134.50361851283483
2546,-1.58,10,126.1074104309082
2547,-1.09,10,128.85024604797363
2548,-1.06,7,102.80545479910714
2549,-1.58,10,134.27402114868164
2550,4.96,5,122.07176971435547
2551,0.94,7,108.29266466413226
2552,-5.05,6,137.7169418334961
2553,-1.09,10,117.36411361694336
2554,0.45999999999999996,6,165.28656514485678
2555,4.45,7,126.40602002825055
2556,-1.05,6,110.7179724375407
2557,-1.58,10,156.93946380615233
2558,-1.58,10,124.32921600341797
2559,-1.58,10,130.02115440368652
2560,4.98,3,124.64824676513672
2561,0.97,4,105.64080047607422
2562,-5.02,3,167.66779073079428
2563,-5.02,3,107.28405507405598
2564,-1.09,10,127.8111068725586
2565,-1.02,3,178.2101796468099
2566,0.98,3,87.01412455240886
2567,-1.09,10,151.20720977783202
2568,-1.09,10,127.89266510009766
2569,0.48,4,135.05507469177246
2570,0.45999999999999996,6,136.33528772989908
2571,-1.05,6,121.14661153157552
2572,0.92,9,145.21375528971353
2573,-1.05,6,115.5508607228597
2574,-5.07,8,127.17767524719238
2575,4.94,7,144.96738052368164
2576,-1.09,10,93.5949607849121
2577,4.98,3,150.80502319335938
2578,4.98,3,138.9369659423828
2579,-5.03,4,153.58144760131836
2580,4.97,4,118.30126571655273
2581,0.48,4,111.62664985656738
2582,-2.04,7,117.78467232840401
2583,0.97,4,174.7944622039795
2584,-1.05,6,111.7992172241211
2585,0.49,3,134.22427876790366
2586,-1.51,3,122.00411987304688
2587,0.97,4,117.33264541625977
2588,-1.51,3,114.98239644368489
2589,-5.07,8,127.70402431488037
2590,-5.03,4,145.61194038391113
2591,4.98,3,152.4769032796224
2592,3.98,5,142.0014617919922
2593,-1.09,10,149.01648864746093
2594,0.94,7,134.36470794677734
2595,-5.04,5,132.25458221435548
2596,-1.58,10,130.42144775390625
2597,4.96,5,128.95296173095704
2598,4.92,9,124.69547017415364
2599,-5.51,3,92.37270609537761
2600,0.47,5,93.33578567504883
2601,-1.51,3,129.06175740559897
2602,0.97,4,126.11691474914551
2603,-1.58,10,135.6530532836914
2604,-1.08,9,160.06077745225696
2605,0.94,7,124.77165767124721
2606,0.49,3,135.1608098347982
2607,4.98,3,108.23944600423177
2608,-1.09,10,133.68520278930663
2609,-1.09,10,106.59997024536133
2610,-5.05,6,125.41092936197917
2611,-5.03,4,94.32499885559082
2612,4.4399999999999995,8,137.61478233337402
2613,-1.09,10,119.85084838867188
2614,0.92,9,134.15359497070312
2615,0.95,6,108.19615046183269
2616,0.48,4,152.19440078735352
2617,-1.09,10,139.22797927856445
2618,0.94,7,129.37707192557198
2619,0.98,3,161.75861104329428
2620,0.43999999999999995,8,130.0608901977539
2621,-1.09,10,161.16854019165038
2622,-5.05,6,182.36261367797852
2623,4.45,7,150.83433641706193
2624,-1.05,6,111.14272054036458
2625,0.96,5,172.34671783447266
2626,4.97,4,93.60527801513672
2627,-1.09,10,151.96631088256837
2628,-1.09,10,151.85499420166016
2629,-1.09,10,120.78774719238281
2630,0.98,3,142.24048360188803
2631,-1.09,10,145.50822372436522
2632,0.97,4,149.72269439697266
2633,-5.04,5,119.82153930664063
2634,0.98,3,136.83050791422525
2635,0.45999999999999996,6,169.03624852498373
2636,-1.09,10,141.76670684814454
2637,0.43999999999999995,8,174.76894903182983
2638,0.96,5,130.61080627441407
2639,0.98,3,119.99157079060872
2640,0.49,3,176.89361063639322
2641,-1.09,10,173.6847183227539
2642,-5.04,5,125.58548278808594
2643,-1.57,9,130.1270048353407
2644,0.96,5,109.3384880065918
2645,-1.58,10,133.66012115478514
2646,-5.07,8,151.66861152648926
2647,-5.57,9,154.63112046983508
2648,-1.09,10,141.76522064208984
2649,-1.09,10,138.01244201660157
2650,0.96,5,198.89954223632813
2651,0.49,3,132.68270874023438
2652,4.94,7,125.05814143589565
2653,-5.07,8,134.3356876373291
2654,-1.09,10,133.1519287109375
2655,-5.51,3,148.71993001302084
2656,-1.05,6,141.29598999023438
2657,-1.09,10,126.3247299194336
2658,-2.0700000000000003,10,143.74732666015626
2659,4.98,3,99.23845926920573
2660,-5.57,9,135.89135572645398
2661,-5.52,4,174.5157356262207
2662,4.93,8,121.18486785888672
2663,-5.05,6,144.05823135375977
2664,4.4399999999999995,8,160.24879360198975
2665,-1.09,10,137.84705963134766
2666,4.49,3,174.53568013509116
2667,-5.54,6,155.02408599853516
2668,-1.03,4,140.53395652770996
2669,-1.05,6,108.0329958597819
2670,-1.58,10,126.37903137207032
2671,4.98,3,122.34464772542317
2672,-1.07,8,171.63464832305908
2673,4.47,5,99.21996765136718
2674,-1.09,10,147.97377014160156
2675,4.98,3,146.99291483561197
2676,-1.09,10,178.5804901123047
2677,-5.02,3,138.24457295735678
2678,-1.05,6,165.9935506184896
2679,-1.07,8,154.21055221557617
2680,0.42999999999999994,9,147.7649400499132
2681,-1.09,10,169.56053085327147
2682,0.96,5,134.80121765136718
2683,-1.09,10,150.99079208374025
2684,-1.09,10,173.50867309570313
2685,-1.53,5,171.21156005859376
2686,4.46,6,139.0793088277181
2687,-5.57,9,154.3252648247613
2688,-5.51,3,119.89258575439453
2689,-1.03,4,121.6385269165039
2690,-1.09,10,138.08969345092774
2691,0.47,5,126.47022705078125
2692,-1.03,4,125.88637924194336
2693,0.98,3,156.07758076985678
2694,4.98,3,164.0576375325521
2695,4.48,4,180.76872634887695
2696,0.97,4,175.24692153930664
2697,-1.58,10,147.26679077148438
2698,-1.03,4,147.5009651184082
2699,0.98,3,221.27422078450522
2700,-1.06,7,157.54473440987724
2701,-1.03,4,140.83153915405273
2702,-6.0,3,183.84715779622397
2703,-5.55,7,124.46903392246791
2704,4.98,3,127.15094248453777
2705,0.92,9,133.5389200846354
2706,4.97,4,203.63537788391113
2707,3.98,5,128.15026397705077
2708,-5.54,6,188.2115910847982
2709,-5.03,4,176.66870880126953
2710,0.9299999999999999,8,152.71168518066406
2711,-5.52,4,141.5568141937256
2712,-5.02,3,128.36121114095053
2713,0.49,3,188.65904744466147
2714,-5.05,6,169.58251953125
2715,-5.57,9,150.44442070855035
2716,0.97,4,126.64142608642578
2717,-1.51,3,153.7428410847982
2718,-1.04,5,201.81369323730468
2719,-1.08,9,188.1678941514757
2720,-1.56,8,129.55081939697266
2721,4.97,4,137.8686065673828
2722,-1.03,4,208.54950714111328
2723,0.97,4,122.88828086853027
2724,-1.58,10,146.88055191040038
2725,4.95,6,176.31011581420898
2726,4.49,3,125.6021728515625
2727,-1.09,10,126.1741325378418
2728,-5.03,4,157.5858268737793
2729,0.45999999999999996,6,173.62507120768228
2730,-6.0,3,182.73340352376303
2731,-1.02,3,197.73259989420572
2732,-1.09,10,124.42511291503907
2733,-1.05,6,195.0321388244629
2734,-5.05,6,176.6142717997233
2735,0.96,5,106.36238861083984
2736,-1.09,10,169.88289260864258
2737,-1.02,3,100.37415313720703
2738,-5.08,9,154.40697055392795
2739,-5.03,4,94.70965385437012
2740,-1.58,10,169.68156967163085
2741,0.0,3,143.28318786621094
2742,-1.58,10,153.70082168579103
2743,-1.09,10,156.4479835510254
2744,0.49,3,115.8694330851237
2745,0.48,4,91.85961151123047
2746,-1.58,10,125.60934562683106
2747,-1.09,10,151.25469627380372
2748,0.44999999999999996,7,185.08976527622767
2749,-1.03,4,150.23370742797852
2750,0.43999999999999995,8,157.7895803451538
2751,0.49,3,196.00565592447916
2752,-1.53,5,154.54612426757814
2753,0.9299999999999999,8,189.0306158065796
2754,0.98,3,118.18624877929688
2755,-1.09,10,147.9645751953125
2756,-1.53,5,142.69786987304687
2757,0.92,9,121.61281373765733
2758,-1.03,4,157.19287490844727
2759,-1.09,10,158.25064010620116
2760,-1.09,10,174.0895233154297
2761,0.47,5,145.80503540039064
2762,-1.03,4,148.33991241455078
2763,-1.07,8,162.47935581207275
2764,-1.02,3,129.6585210164388
2765,-1.09,10,173.71406326293945
2766,-5.04,5,194.59125823974608
2767,-1.51,3,136.03417460123697
2768,-1.03,4,118.86639595031738
2769,-1.55,7,118.98472704206195
2770,-1.51,3,116.94906870524089
2771,-1.09,10,156.62990646362306
2772,4.96,5,210.02222290039063
2773,-1.09,10,150.7688018798828
2774,-5.06,7,164.41703578404017
2775,4.96,5,177.93905944824218
2776,0.98,3,243.83768717447916
2777,-1.09,10,146.007723236084
2778,-1.09,10,170.44420776367187
2779,0.44999999999999996,7,187.18559919084822
2780,-1.04,5,142.35597534179686
2781,0.0,3,201.8432871500651
2782,4.97,4,192.63250350952148
2783,4.96,5,181.18968200683594
2784,-1.09,10,180.02642974853515
2785,-1.09,10,214.31094055175782
2786,-1.03,4,136.5287857055664
2787,-1.51,3,195.19791158040366
2788,-1.09,10,164.8158088684082
2789,-5.03,4,247.33431243896484
2790,-1.09,10,162.87157745361327
2791,-1.09,10,159.73837280273438
2792,-5.51,3,140.37528483072916
2793,-5.03,4,193.10594940185547
2794,-1.09,10,162.4761589050293
2795,-1.02,3,147.07890828450522
2796,-1.04,5,171.6010986328125
2797,0.96,5,189.59656677246093
2798,0.97,4,119.77180862426758
2799,-1.09,10,164.04021606445312
2800,-1.06,7,176.41050393240792
2801,-1.09,10,160.95527877807618
2802,-1.09,10,155.10482177734374
2803,4.96,5,121.98709564208984
2804,-1.09,10,200.42217712402345
2805,-1.09,10,188.10514068603516
2806,-1.05,6,159.27835337320963
2807,-1.04,5,152.23033905029297
2808,4.95,6,180.53855895996094
2809,4.97,4,240.0118751525879
2810,-1.07,8,176.4093255996704
2811,-1.56,8,159.26557159423828
2812,-1.09,10,169.47479019165038
2813,4.96,5,155.91210021972657
2814,-1.09,10,174.64205474853514
2815,-1.02,3,200.7501678466797
2816,-1.52,4,130.59769439697266
2817,-1.09,10,177.4954963684082
2818,4.48,4,134.26851844787598
2819,-1.07,8,236.2581272125244
2820,-0.030000000000000027,6,139.56584294637045
2821,-1.58,10,175.5765121459961
2822,0.47,5,145.00680084228514
2823,-1.09,10,216.9666290283203
2824,4.98,3,148.72030639648438
2825,-1.58,10,166.40031204223632
2826,-1.02,3,183.97808329264322
2827,-1.09,10,200.79089965820313
2828,-5.53,5,142.4898193359375
2829,-1.09,10,217.27261352539062
2830,-5.05,6,176.53587341308594
2831,-1.09,10,176.2728469848633
2832,-1.09,10,220.47998580932617
2833,-1.51,3,204.8296864827474
2834,0.98,3,173.01993306477866
2835,-1.09,10,176.9255569458008
2836,-5.07,8,206.7435359954834
2837,-1.09,10,200.42281112670898
2838,0.97,4,161.8768653869629
2839,-1.09,10,175.7846794128418
2840,0.98,3,148.9497273763021
2841,4.96,5,214.5371856689453
2842,-1.58,10,206.01188201904296
2843,0.98,3,148.95387522379556
2844,-1.09,10,193.29600372314454
2845,-1.03,4,158.85442352294922
2846,-1.06,7,181.00201851981026
2847,-2.04,7,167.81026894705636
2848,0.98,3,205.62676493326822
2849,-1.58,10,175.4459129333496
2850,-1.58,10,183.2078430175781
2851,-5.07,8,167.81351375579834
2852,-1.03,4,125.0284423828125
2853,0.98,3,212.02477010091147
2854,-5.05,6,190.56937408447266
2855,4.98,3,155.68713887532553
2856,4.96,5,225.28518676757812
2857,-5.05,6,166.15050506591797
2858,3.99,4,209.19974517822266
2859,-1.58,10,170.85149154663085
2860,-1.02,3,172.7288360595703
2861,4.94,7,190.39363534109933
2862,-1.02,3,202.79554239908853
2863,4.97,4,213.56852912902832
2864,4.97,4,192.62567901611328
2865,4.49,3,121.81110382080078
2866,-5.52,4,145.90376091003418
2867,0.95,6,198.5717913309733
2868,-1.06,7,181.4730507986886
2869,4.43,9,165.7807125515408
2870,-1.58,10,183.62669372558594
2871,-1.58,10,250.60301361083984
2872,-1.51,3,278.2400665283203
2873,0.95,6,156.75852966308594
2874,0.42999999999999994,9,223.54227023654514
2875,-5.03,4,192.04869079589844
2876,0.43999999999999995,8,218.03001594543457
2877,0.98,3,227.17164103190103
2878,-1.09,10,207.0820526123047
2879,-1.04,5,224.73587646484376
2880,-1.56,8,192.17019653320312
2881,0.49,3,184.36956787109375
2882,-1.05,6,181.0739949544271
2883,0.97,4,162.80783462524414
2884,-1.09,10,217.46932220458984
2885,0.98,3,162.00978088378906
2886,0.96,5,199.5840316772461
2887,-1.09,10,202.1605987548828
2888,4.96,5,222.06844787597657
2889,0.98,3,169.53961690266928
2890,-1.58,10,201.88296356201172
2891,-1.03,4,195.23139572143555
2892,0.9299999999999999,8,231.76855850219727
2893,0.48,4,161.44293594360352
2894,-5.06,7,219.35511997767858
2895,-5.08,9,165.340456644694
2896,-5.03,4,203.42216873168945
2897,-5.03,4,172.14915084838867
2898,-1.58,10,168.05310134887696
2899,4.94,7,222.28042820521765
2900,4.45,7,148.20377894810267
2901,-5.04,5,193.13852233886718
2902,-1.09,10,209.74475708007813
2903,4.97,4,218.31975173950195
2904,-1.09,10,210.3764633178711
2905,4.98,3,251.0641072591146
2906,-1.09,10,251.89744262695314
2907,-1.09,10,142.3378791809082
2908,-1.09,10,189.37283477783203
2909,4.98,3,248.74561564127603
2910,-5.04,5,276.33619995117186
2911,0.96,5,181.69278564453126
2912,-5.02,3,168.25980631510416
2913,4.96,5,274.9245300292969
2914,-5.02,3,254.00701141357422
2915,-5.04,5,212.36497497558594
2916,3.99,4,171.08082580566406
2917,-1.04,5,231.191162109375
2918,0.98,3,293.837890625
2919,0.96,5,212.81720886230468
2920,0.48,4,237.8465118408203
2921,-1.03,4,281.60565185546875
2922,-1.05,6,211.69960657755533
2923,-0.020000000000000018,5,204.1386962890625
2924,-1.09,10,152.28157501220704
2925,-1.09,10,244.37749481201172
2926,0.94,7,193.00190080915178
2927,0.94,7,200.5830296107701
2928,-1.58,10,229.55600967407227
2929,-1.05,6,256.61132558186847
2930,-1.58,10,197.16191482543945
2931,-1.09,10,193.47587509155272
2932,-1.09,10,225.5171646118164
2933,4.98,3,156.92935689290366
2934,-1.52,4,253.66449737548828
2935,-1.09,10,211.69070892333986
2936,4.93,8,209.43850326538086
2937,-1.58,10,266.24236450195315
2938,-1.04,5,209.0604019165039
2939,0.44999999999999996,7,235.72125898088728
2940,-1.02,3,296.6928354899089
2941,-1.06,7,226.1857648577009
2942,0.44999999999999996,7,224.3622327532087
2943,-1.56,8,292.21188735961914
2944,-1.03,4,235.3813133239746
2945,-5.06,7,222.7684108189174
2946,-5.51,3,328.90195719401044
2947,4.46,6,277.255859375
2948,-1.09,10,212.68359375
2949,-1.09,10,287.322705078125
2950,-5.51,3,303.3470458984375
2951,-1.04,5,203.52530364990236
2952,-1.04,5,248.53224029541016
2953,-5.02,3,318.21494547526044
2954,-5.5600000000000005,8,224.3618621826172
2955,0.96,5,226.20509643554686
2956,-1.02,3,167.720458984375
2957,-2.01,4,240.74563598632812
2958,0.98,3,227.81593322753906
2959,4.98,3,211.9260711669922
2960,4.47,5,260.32481689453124
2961,-1.09,10,231.51356658935546
2962,-1.07,8,204.62197303771973
2963,-1.53,5,248.50313415527344
2964,-1.56,8,247.35412406921387
2965,-1.56,8,184.0927505493164
2966,4.47,5,215.79804077148438
2967,0.92,9,297.64617241753473
2968,-5.53,5,197.63428649902343
2969,4.47,5,217.78655548095702
2970,-1.58,10,212.05057067871093
2971,-1.04,5,270.60537109375
2972,0.96,5,226.83098449707032
2973,-1.07,8,271.4323921203613
2974,0.9299999999999999,8,244.09923553466797
2975,-1.06,7,225.7722669328962
2976,0.92,9,267.5077429877387
2977,-5.07,8,278.8547172546387
2978,4.97,4,216.45233154296875
2979,-1.09,10,219.5770462036133
2980,-1.53,5,269.1405426025391
2981,-0.010000000000000009,4,206.36480712890625
2982,-1.58,10,199.59497604370117
2983,-1.09,10,231.89259490966796
2984,0.98,3,224.09966278076172
2985,-1.57,9,203.37642415364584
2986,0.97,4,245.43528747558594
2987,-5.07,8,200.87648963928223
2988,0.96,5,257.02564239501953
2989,-1.09,10,233.7464859008789
2990,-1.09,10,190.10167236328124
2991,0.98,3,174.3561045328776
2992,-1.09,10,233.80840759277345
2993,-1.02,3,264.0828857421875
2994,0.97,4,231.81546783447266
2995,-1.03,4,185.97761154174805
2996,4.45,7,365.0865173339844
2997,-5.03,4,213.93590545654297
2998,-1.58,10,233.6256576538086
2999,4.98,3,280.80190022786456
3000,4.46,6,247.3928426106771
3001,-5.53,5,252.35332946777345
3002,0.94,7,196.36652156284876
3003,0.96,5,214.34885864257814
3004,0.43999999999999995,8,284.2711887359619
3005,-1.52,4,193.56761169433594
3006,0.48,4,310.50203704833984
3007,-1.55,7,218.77316175188338
3008,-1.02,3,202.54319508870444
3009,0.94,7,260.16882978166853
3010,-1.03,4,263.81178283691406
3011,-1.04,5,214.23248138427735
3012,0.95,6,151.1556282043457
3013,-1.02,3,214.8952382405599
3014,-1.09,10,280.67026977539064
3015,-1.09,10,197.77736434936523
3016,-5.07,8,205.0567388534546
3017,4.95,6,233.60187530517578
3018,-1.04,5,226.00630645751954
3019,4.98,3,274.00853474934894
3020,0.9299999999999999,8,216.17527294158936
3021,4.49,3,299.10252380371094
3022,4.92,9,234.04071553548178
3023,-1.57,9,253.60617404513889
3024,-1.09,10,253.43403015136718
3025,4.97,4,349.1263122558594
3026,-1.06,7,261.3493892124721
3027,-1.09,10,250.40368423461913
3028,4.0,3,286.0103047688802
3029,-1.09,10,255.61237106323242
3030,-1.09,10,280.6475082397461
3031,4.49,3,348.3638916015625
3032,4.96,5,218.37223205566406
3033,-1.09,10,244.33639068603514
3034,-2.0700000000000003,10,309.80131072998046
3035,-1.04,5,259.9911254882812
3036,0.97,4,258.98622131347656
3037,-1.58,10,331.8424545288086
3038,-1.03,4,342.87607192993164
3039,-1.51,3,336.21498616536456
3040,4.98,3,286.4922739664714
3041,-1.08,9,271.87474568684894
3042,-5.04,5,222.95157775878906
3043,-1.09,10,221.03131408691405
3044,-1.09,10,249.94177703857423
3045,-1.09,10,272.2914291381836
3046,-5.03,4,303.3895492553711
3047,0.95,6,255.10187021891275
3048,-2.01,4,148.77064514160156
3049,4.46,6,263.3346303304036
3050,-1.09,10,310.1492446899414
3051,-0.040000000000000036,7,234.18472617013114
3052,4.98,3,335.2966766357422
3053,-5.05,6,331.9293162027995
3054,4.93,8,258.7248239517212
3055,-1.03,4,205.24910926818848
3056,-1.56,8,259.6548538208008
3057,0.44999999999999996,7,209.312383379255
3058,0.97,4,303.2650032043457
3059,4.93,8,292.0250720977783
3060,-1.58,10,218.84549102783203
3061,0.43999999999999995,8,274.04418659210205
3062,-1.02,3,202.82894897460938
3063,-1.05,6,266.2803904215495
3064,4.95,6,246.04412714640299
3065,4.47,5,233.65265045166015
3066,-1.51,3,394.3951822916667
3067,0.44999999999999996,7,318.6635502406529
3068,-5.51,3,296.63283284505206
3069,-1.09,10,269.7131591796875
3070,3.94,9,294.6780141194661
3071,-5.53,5,325.6447509765625
3072,-1.09,10,302.26653442382815
3073,-1.05,6,228.78328959147134
3074,-5.07,8,300.0262622833252
3075,0.9299999999999999,8,367.4763984680176
3076,-1.09,10,369.8279998779297
3077,-5.07,8,318.38075256347656
3078,4.93,8,373.86671257019043
3079,-5.53,5,225.84150390625
3080,-5.02,3,307.80548095703125
3081,4.49,3,253.4170125325521
3082,-1.09,10,301.7825332641602
3083,4.48,4,241.7256908416748
3084,-5.51,3,405.2683614095052
3085,-1.09,10,267.82253341674806
3086,-1.09,10,225.79862518310546
3087,-1.09,10,257.61000900268556
3088,4.95,6,256.19555918375653
3089,-1.54,6,370.02393595377606
3090,-1.05,6,232.8404083251953
3091,-5.06,7,259.1969757080078
3092,4.97,4,270.99110412597656
3093,-1.04,5,199.87951049804687
3094,-1.04,5,268.20531311035154
3095,-5.06,7,273.35716029575894
3096,-5.03,4,259.7547912597656
3097,-1.51,3,293.7779235839844
3098,4.47,5,329.5084167480469
3099,-5.06,7,308.2080753871373
3100,-1.09,10,323.30339965820315
3101,4.94,7,294.91692897251676
3102,0.49,3,258.06908162434894
3103,-5.51,3,418.6841532389323
3104,-5.08,9,304.88212415907117
3105,-1.09,10,390.7427703857422
3106,0.98,3,414.5160319010417
3107,-1.04,5,259.3544677734375
3108,-1.09,10,327.98403015136716
3109,-1.07,8,308.6308822631836
3110,0.9299999999999999,8,359.4754981994629
3111,-1.05,6,287.5444691975911
3112,0.92,9,296.5213046603733
3113,0.97,4,321.12999725341797
3114,-1.09,10,344.3232131958008
3115,-1.09,10,332.15729064941405
3116,-1.03,4,388.47510528564453
3117,0.94,7,266.2652566092355
3118,0.44999999999999996,7,323.5347922188895
3119,-5.04,5,289.6273712158203
3120,0.44999999999999996,7,334.6690455845424
3121,-1.58,10,314.40995635986326
3122,0.47,5,320.48948364257814
3123,-1.04,5,202.41100158691407
3124,0.97,4,311.7478713989258
3125,0.45999999999999996,6,339.9746373494466
3126,0.98,3,348.059814453125
3127,-1.09,10,328.3913177490234
3128,0.94,7,251.12116023472376
3129,0.42999999999999994,9,288.20198906792535
3130,-5.05,6,273.0089162190755
3131,4.92,9,401.45229085286456
3132,-1.09,10,305.3936492919922
3133,-1.09,10,312.9036804199219
3134,0.92,9,314.5459696451823
3135,0.48,4,317.5727005004883
3136,-1.09,10,239.09488525390626
3137,-1.07,8,395.59056854248047
3138,-5.52,4,384.01190185546875
3139,0.47,5,383.7291198730469
3140,-1.07,8,347.2602005004883
3141,0.97,4,288.66032791137695
3142,-1.09,10,272.33678131103517
3143,-2.06,9,294.69777425130206
3144,-2.01,4,244.61284637451172
3145,-1.09,10,321.5992492675781
3146,-2.0700000000000003,10,336.4505126953125
3147,-1.58,10,400.8225402832031
3148,-1.52,4,401.3501510620117
3149,0.49,3,362.13501993815106
3150,-1.51,3,296.18541463216144
3151,-1.04,5,392.655419921875
3152,-1.09,10,322.25250854492185
3153,4.95,6,374.0738881429036
3154,-5.07,8,283.14624404907227
3155,-1.09,10,374.0545455932617
3156,-5.02,3,347.4347432454427
3157,-1.09,10,357.8223342895508
3158,-1.58,10,282.91368713378904
3159,-1.09,10,367.6902160644531
3160,-5.03,4,306.54209899902344
3161,-5.03,4,354.5204162597656
3162,-5.51,3,218.32911173502603
3163,-1.09,10,404.86402587890626
3164,-1.09,10,320.6660751342773
3165,-1.52,4,255.21253204345703
3166,-1.58,10,369.3258117675781
3167,-1.51,3,323.1605733235677
3168,-1.53,5,280.139794921875
3169,0.0,3,469.00583902994794
3170,0.49,3,332.1669616699219
3171,-1.09,10,259.3175178527832
3172,-1.08,9,430.242670694987
3173,0.49,3,310.6290028889974
3174,-1.05,6,249.66295115152994
3175,4.47,5,273.28313903808595
3176,-1.53,5,369.12949523925784
3177,-1.09,10,406.1389526367187
3178,-1.03,4,317.041748046875
3179,0.98,3,204.24419148763022
3180,0.98,3,294.3526102701823
3181,-1.09,10,321.13902435302737
3182,-5.53,5,375.26563415527346
3183,4.95,6,391.3407389322917
3184,-5.03,4,327.1960754394531
3185,0.98,3,406.9927266438802
3186,-1.09,10,451.7520355224609
3187,-1.05,6,307.4981918334961
3188,0.94,7,340.43909127371654
3189,-6.05,8,390.3917694091797
3190,0.94,7,390.9878714425223
3191,-1.58,10,396.19591064453124
3192,-1.03,4,433.21695709228516
3193,-1.09,10,386.4975616455078
3194,4.98,3,382.8713785807292
3195,-1.58,10,301.3530143737793
3196,0.49,3,262.50510660807294
3197,-1.56,8,409.83398056030273
3198,0.49,3,354.8774820963542
3199,-1.09,10,397.5472442626953
3200,-1.09,10,374.7386810302734
3201,0.95,6,369.57647705078125
3202,-1.09,10,351.25389709472654
3203,-1.09,10,288.5342086791992
3204,4.96,5,299.87407836914065
3205,-1.09,10,410.75001373291013
3206,-1.05,6,331.4511998494466
3207,-5.02,3,364.19101969401044
3208,0.47,5,413.7877136230469
3209,0.92,9,328.1443583170573
3210,0.95,6,342.56679280598956
3211,-1.09,10,507.00986328125
3212,-1.55,7,507.0356663295201
3213,-1.09,10,338.27966461181643
3214,-1.09,10,357.86549682617186
3215,-1.51,3,256.84784444173175
3216,-1.09,10,394.5063278198242
3217,-1.58,10,374.62622985839846
3218,4.47,5,372.1940673828125
3219,-5.04,5,313.8791870117187
3220,-5.5600000000000005,8,401.6959533691406
3221,-5.52,4,305.1852912902832
3222,4.47,5,395.7757507324219
3223,4.95,6,457.83130645751953
3224,-5.55,7,476.97875540597096
3225,-1.09,10,295.5728248596191
3226,-1.09,10,442.2220520019531
3227,-1.09,10,367.4432769775391
3228,-1.05,6,334.17725880940753
3229,0.95,6,425.386723836263
3230,-2.0300000000000002,6,429.6077880859375
3231,-1.06,7,437.3238307407924
3232,0.96,5,465.7333923339844
3233,-1.09,10,342.48879089355466
3234,-1.09,10,476.02941131591797
3235,4.95,6,421.16322835286456
3236,-5.03,4,320.50789642333984
3237,4.49,3,406.33387247721356
3238,0.96,5,406.0115234375
3239,-1.58,10,511.06546173095705
3240,0.95,6,324.93084716796875
3241,0.95,6,298.39588928222656
3242,-1.04,5,507.02118530273435
3243,-1.07,8,390.021089553833
3244,-1.55,7,484.32936314174106
3245,-1.09,10,309.6936752319336
3246,0.98,3,294.6682535807292
3247,-1.02,3,441.03350830078125
3248,-1.06,7,439.5278102329799
3249,0.98,3,449.8455098470052
3250,-1.02,3,457.14539591471356
3251,-1.09,10,473.751806640625
3252,-5.51,3,325.4742431640625
3253,0.44999999999999996,7,388.2718287876674
3254,-1.05,6,448.6251525878906
3255,-1.04,5,383.3964904785156
3256,-1.03,4,468.3440170288086
3257,4.96,5,393.4932586669922
3258,-5.51,3,412.3335673014323
3259,-1.58,10,440.48398742675784
3260,-5.02,3,379.93450927734375
3261,-1.52,4,412.8429946899414
3262,-1.58,10,510.5182708740234
3263,-1.09,10,445.16600036621094
3264,0.0,3,593.9746704101562
3265,-1.04,5,543.3863525390625
3266,-1.09,10,358.8237014770508
3267,-1.58,10,432.0452682495117
3268,-1.09,10,497.6886840820313
3269,-5.04,5,368.1302978515625
3270,-1.08,9,460.9125569661458
3271,-1.55,7,463.2674124581473
3272,-0.030000000000000027,6,364.5367838541667
3273,-1.02,3,373.70257568359375
3274,-1.09,10,424.01429443359376
3275,4.98,3,477.77508544921875
3276,-5.02,3,384.22755940755206
3277,-1.09,10,378.0109039306641
3278,-5.02,3,396.6957143147786
3279,-5.51,3,460.16748046875
3280,-1.09,10,460.21766357421876
3281,4.95,6,366.1105702718099
3282,-5.06,7,438.0189426967076
3283,4.96,5,619.118130493164
3284,-5.08,9,423.2372317843967
3285,-1.02,3,541.9915771484375
3286,-1.04,5,347.48720703125
3287,4.98,3,564.975830078125
3288,0.44999999999999996,7,494.7687290736607
3289,-1.03,4,449.87462615966797
3290,-1.09,10,567.4694549560547
3291,-1.58,10,413.0059539794922
3292,0.98,3,562.0363566080729
3293,-1.05,6,454.6486511230469
3294,-1.05,6,501.26503499348956
3295,4.98,3,324.5432586669922
3296,-1.58,10,418.0108947753906
3297,-1.04,5,542.3035522460938
3298,-1.56,8,476.9804286956787
3299,-1.09,10,430.14913482666014
3300,-1.58,10,399.910888671875
3301,0.98,3,381.76080322265625
3302,-2.0700000000000003,10,435.4844055175781
3303,0.97,4,606.3446960449219
3304,4.94,7,378.72379411969865
3305,-1.09,10,361.67821350097654
3306,-1.09,10,395.07837829589846
3307,-1.09,10,451.1476531982422
3308,0.92,9,435.30597432454425
3309,0.48,4,265.9464530944824
3310,-1.58,10,494.47532653808594
3311,-1.58,10,426.84717254638673
3312,0.96,5,469.6911376953125
3313,-1.06,7,523.1110403878348
3314,-1.03,4,570.2049560546875
3315,-1.06,7,561.4539838518415
3316,0.97,4,493.7712173461914
3317,4.94,7,439.54949951171875
3318,4.95,6,383.62134552001953
3319,-1.58,10,440.6593719482422
3320,-1.09,10,369.59068756103517
3321,4.96,5,466.8597808837891
3322,4.98,3,645.3759155273438
3323,-5.07,8,577.7931251525879
3324,4.97,4,662.0030746459961
3325,-5.55,7,529.2656642368862
3326,4.97,4,380.36827087402344
3327,-1.09,10,557.9659805297852
3328,-5.05,6,362.8187306722005
3329,4.96,5,529.6217956542969
3330,0.95,6,389.4976755777995
3331,0.48,4,582.0682830810547
3332,0.98,3,479.9647216796875
3333,0.98,3,493.3631286621094
3334,4.98,3,369.4508005777995
3335,-5.05,6,486.7516784667969
3336,-1.09,10,394.4408721923828
3337,-1.09,10,370.99913635253904
3338,-5.5600000000000005,8,524.6813926696777
3339,-1.09,10,510.1798812866211
3340,0.98,3,613.8113810221354
3341,0.95,6,508.40785725911456
3342,-1.53,5,376.64690551757815
3343,-1.58,10,421.32241973876955
3344,0.48,4,425.4351692199707
3345,-1.09,10,422.5013793945312
3346,-5.06,7,448.2316240583147
3347,0.98,3,594.2249959309896
3348,4.93,8,474.7890930175781
3349,-5.07,8,450.94882583618164
3350,0.92,9,488.5239020453559
3351,4.97,4,463.92189025878906
3352,-1.09,10,441.0559448242187
3353,-1.58,10,463.04832763671874
3354,-1.09,10,489.39887084960935
3355,0.95,6,525.875478108724
3356,-1.09,10,352.30854949951174
3357,0.97,4,391.856689453125
3358,4.4399999999999995,8,482.8907241821289
3359,-1.53,5,401.0801208496094
3360,-1.04,5,471.164990234375
3361,-1.05,6,322.6143569946289
3362,-1.09,10,516.6139190673828
3363,0.98,3,333.7566731770833
3364,4.96,5,584.4422485351563
3365,-1.09,10,544.1378967285157
3366,-1.53,5,429.1197448730469
3367,0.96,5,503.5889465332031
3368,0.9299999999999999,8,513.015474319458
3369,-1.09,10,473.9059127807617
3370,-1.09,10,401.33953552246095
3371,-1.03,4,568.8665771484375
3372,-1.51,3,398.5743001302083
3373,-1.07,8,478.34732818603516
3374,-1.02,3,548.792236328125
3375,-2.0,3,512.7708129882812
3376,-1.06,7,542.4307904924665
3377,-1.02,3,484.48279825846356
3378,-1.08,9,445.9866485595703
3379,-1.09,10,508.9125381469727
3380,-1.58,10,536.7012542724609
3381,0.98,3,508.0570983886719
3382,-1.09,10,558.0007568359375
3383,-5.02,3,320.84918721516925
3384,0.45999999999999996,6,288.2395884195964
3385,-1.07,8,331.42323875427246
3386,0.96,5,483.7576904296875
3387,4.92,9,433.00831434461804
3388,-1.56,8,442.7342948913574
3389,-1.09,10,555.2315856933594
3390,0.98,3,370.4142659505208
3391,-1.09,10,520.7309463500976
3392,-1.51,3,322.76145426432294
3393,-5.02,3,524.5544840494791
3394,-1.53,5,467.7893524169922
3395,-1.09,10,454.41936645507815
3396,-1.09,10,419.7300094604492
3397,-0.030000000000000027,6,472.1031799316406
3398,0.95,6,513.9108428955078
3399,0.96,5,429.80787048339846
3400,-1.56,8,487.98082733154297
3401,0.97,4,437.3718032836914
3402,-1.07,8,412.05688667297363
3403,-1.58,10,417.4145050048828
3404,-1.09,10,334.8286193847656
3405,0.97,4,624.1901702880859
3406,-1.09,10,473.1703353881836
3407,-1.09,10,526.869010925293
3408,0.48,4,440.783203125
3409,0.94,7,509.596690586635
3410,-1.02,3,600.3614501953125
3411,-1.09,10,442.2786010742187
3412,-2.05,8,432.8701477050781
3413,-1.57,9,477.5825703938802
3414,-1.02,3,545.3369852701823
3415,-1.04,5,639.4875915527343
3416,-1.05,6,437.9277623494466
3417,-1.09,10,479.42731323242185
3418,0.95,6,450.70029703776044
3419,-1.09,10,457.45997619628906
3420,-1.09,10,507.15480346679686
3421,-5.02,3,502.2874348958333
3422,-5.51,3,363.6113789876302
3423,-1.58,10,476.7958679199219
3424,-1.09,10,659.4287170410156
3425,4.94,7,549.2619977678571
3426,-1.09,10,447.4620758056641
3427,0.94,7,449.21022251674106
3428,-1.09,10,447.4379455566406
3429,-1.09,10,575.8480255126954
3430,-1.09,10,481.0967041015625
3431,-1.07,8,498.1829833984375
3432,-1.58,10,506.4868560791016
3433,4.0,3,699.2273152669271
3434,0.95,6,497.9144999186198
3435,3.98,5,452.7101257324219
3436,4.94,7,513.08547101702
3437,-1.05,6,508.53065999348956
3438,-1.05,6,518.0191497802734
3439,-1.09,10,455.3179229736328
3440,-1.09,10,457.38816223144534
3441,-2.01,4,321.3557319641113
3442,-0.020000000000000018,5,306.5918243408203
3443,0.97,4,531.31005859375
3444,-1.52,4,417.5175552368164
3445,4.0,3,540.4495340983073
3446,4.97,4,484.34042739868164
3447,4.43,9,554.4001261393229
3448,-5.07,8,501.0115051269531
3449,4.97,4,604.0180206298828
3450,-1.09,10,480.51121215820314
3451,4.96,5,476.9158874511719
3452,-5.57,9,506.2639465332031
3453,4.98,3,479.9604797363281
3454,4.95,6,499.15020751953125
3455,-1.58,10,470.5068328857422
3456,4.97,4,772.6390762329102
3457,0.95,6,483.6142857869466
3458,-1.58,10,564.1416076660156
3459,0.97,4,406.74654388427734
3460,-1.09,10,590.4762268066406
3461,-1.03,4,418.13693618774414
3462,-1.04,5,587.9519470214843
3463,-5.08,9,582.4255167643229
3464,-1.58,10,679.6815582275391
3465,-5.55,7,545.9970833914621
3466,4.97,4,644.4212646484375
3467,0.45999999999999996,6,329.00243123372394
3468,-1.04,5,569.35009765625
3469,-1.09,10,494.09791259765626
3470,-1.02,3,285.1796569824219
3471,-1.03,4,403.04974365234375
3472,-2.05,8,504.65512466430664
3473,-1.09,10,539.787387084961
3474,-1.09,10,589.6796478271484
3475,0.98,3,510.56139119466144
3476,-1.04,5,472.82041625976564
3477,-1.09,10,459.7368408203125
3478,-1.06,7,658.8067016601562
3479,0.0,3,702.7753092447916
3480,0.47,5,654.4743530273438
3481,-1.09,10,554.5291809082031
3482,-1.05,6,597.4635060628256
3483,-1.09,10,452.7652282714844
3484,4.97,4,484.3059844970703
3485,-1.09,10,588.6175231933594
3486,-1.09,10,529.8217071533203
3487,-1.07,8,599.1758193969727
3488,-1.09,10,570.0629150390625
3489,-1.51,3,456.10450236002606
3490,0.9299999999999999,8,498.0136318206787
3491,0.98,3,518.8784790039062
3492,0.0,3,563.947519938151
3493,4.97,4,323.4095268249512
3494,-1.09,10,729.751513671875
3495,-0.020000000000000018,5,475.7201293945312
3496,-6.01,4,497.36046981811523
3497,0.0,3,808.6753946940104
3498,-1.09,10,494.1214233398438
3499,-5.03,4,518.4459533691406
3500,-1.52,4,373.1484146118164
3501,-1.09,10,520.8293243408203
3502,-1.09,10,652.6520477294922
3503,0.48,4,628.9748306274414
3504,-1.58,10,634.2666931152344
3505,-1.09,10,550.9996337890625
3506,0.97,4,469.71307373046875
3507,-1.04,5,466.30322265625
3508,-1.07,8,533.6571960449219
3509,-1.58,10,563.2635848999023
3510,-5.5600000000000005,8,481.17211723327637
3511,4.96,5,624.3182861328125
3512,4.95,6,535.0996500651041
3513,-1.05,6,745.7390950520834
3514,0.9299999999999999,8,606.9573287963867
3515,-1.09,10,496.235612487793
3516,-1.06,7,511.0015345982143
3517,-1.09,10,598.9690505981446
3518,-1.05,6,569.8663380940756
3519,-1.03,4,750.6026763916016
3520,-1.04,5,487.3391967773438
3521,0.98,3,692.7808634440104
3522,-1.05,6,552.3354441324869
3523,4.97,4,559.1194839477539
3524,-5.04,5,488.3810211181641
3525,-1.09,10,475.7872741699219
3526,-1.04,5,553.07685546875
3527,-1.09,10,598.9842742919922
3528,-1.04,5,376.2400756835938
3529,-1.58,10,594.0556915283203
3530,-5.02,3,530.3046569824219
3531,-5.02,3,706.7494913736979
3532,-1.09,10,591.8690765380859
3533,-1.09,10,603.4666717529296
3534,-1.09,10,555.7005737304687
3535,-1.09,10,437.5149612426758
3536,4.4399999999999995,8,556.3811225891113
3537,-6.0600000000000005,9,587.2522718641493
3538,-1.09,10,557.7225708007812
3539,-1.58,10,804.2663543701171
3540,-5.08,9,541.4251759847006
3541,-5.52,4,529.0029830932617
3542,0.43999999999999995,8,496.2271308898926
3543,0.96,5,398.20032958984376
3544,4.4399999999999995,8,624.1849746704102
3545,-1.09,10,474.04036712646484
3546,-1.09,10,605.2339904785156
3547,0.98,3,572.4815063476562
3548,-5.05,6,620.1378936767578
3549,4.97,4,589.7587585449219
3550,-5.02,3,509.57619222005206
3551,4.47,5,809.8415771484375
3552,0.95,6,444.87583923339844
3553,-1.04,5,671.7522399902343
3554,-1.52,4,416.6220245361328
3555,0.98,3,619.4696350097656
3556,0.97,4,845.1170425415039
3557,-1.02,3,728.2421875
3558,-1.08,9,652.4391038682726
3559,-5.08,9,568.5575832790798
3560,-1.58,10,691.4428619384765
3561,-1.09,10,616.2549591064453
3562,-1.56,8,687.4133567810059
3563,-1.09,10,548.3506866455078
3564,0.96,5,669.5400756835937
3565,-5.06,7,727.2663051060268
3566,4.97,4,706.6345062255859
3567,4.96,5,676.5352722167969
3568,4.47,5,848.2440673828125
3569,4.97,4,474.44149017333984
3570,-5.05,6,647.8999328613281
3571,-1.58,10,591.3021087646484
3572,4.92,9,649.3518761528862
3573,4.95,6,385.0679473876953
3574,0.94,7,603.2033037458148
3575,-5.53,5,788.4462890625
3576,-1.09,10,741.3346618652344
3577,4.93,8,593.2470512390137
3578,-1.09,10,667.021435546875
3579,4.43,9,785.9002685546875
3580,4.0,3,602.8983764648438
3581,-1.09,10,615.6200500488281
3582,0.98,3,552.7203877766927
3583,-1.09,10,703.6944976806641
3584,-1.02,3,486.2920735677083
3585,-6.0,3,520.7624918619791
3586,-1.09,10,678.5732604980469
3587,-1.09,10,696.8862060546875
3588,4.47,5,614.269677734375
3589,4.98,3,427.45810953776044
3590,4.46,6,761.7982381184896
3591,-5.02,3,747.3043212890625
3592,4.92,9,582.0440707736545
3593,0.96,5,540.4402648925782
3594,-1.05,6,574.0420989990234
3595,-1.09,10,547.1379455566406
3596,0.42999999999999994,9,627.0516323513455
3597,-1.09,10,718.9809753417969
3598,-1.58,10,638.9984375
3599,-1.02,3,752.8724975585938
3600,-1.06,7,558.8615853445871
3601,-1.09,10,621.1493621826172
3602,-1.09,10,785.5114929199219
3603,-6.0,3,502.68568929036456
3604,-5.05,6,586.2268269856771
3605,-1.03,4,440.11940002441406
3606,4.96,5,575.371484375
3607,4.98,3,664.4403686523438
3608,-1.09,10,777.6019165039063
3609,-1.09,10,712.8719146728515
3610,-1.03,4,543.5730361938477
3611,-1.09,10,613.8980590820313
3612,-1.06,7,463.3593096051897
3613,-1.56,8,539.9781398773193
3614,4.98,3,456.404541015625
3615,-1.09,10,744.3308288574219
3616,0.95,6,633.2365163167318
3617,-5.51,3,703.8307291666666
3618,-1.09,10,573.3974212646484
3619,4.47,5,805.8050415039063
3620,0.94,7,644.7710309709821
3621,0.96,5,640.5524536132813
3622,4.0,3,788.3368937174479
3623,-1.09,10,556.2009765625
3624,4.97,4,639.6252288818359
3625,0.98,3,698.5759073893229
3626,-1.09,10,507.9116470336914
3627,4.98,3,814.3629150390625
3628,-1.09,10,628.5293548583984
3629,-1.09,10,644.5504425048828
3630,-5.08,9,794.0076226128472
3631,0.95,6,770.6600138346354
3632,-5.5600000000000005,8,589.8820209503174
3633,-1.09,10,648.9907348632812
3634,-5.02,3,687.0156860351562
3635,-5.05,6,813.7343597412109
3636,4.96,5,643.8075012207031
3637,-1.09,10,585.8132598876953
3638,-1.07,8,480.7137699127197
3639,0.9299999999999999,8,707.4202690124512
3640,-1.09,10,756.9138641357422
3641,-0.030000000000000027,6,567.6916453043619
3642,-1.52,4,446.13621520996094
3643,0.94,7,488.5880693708147
3644,-1.09,10,552.3141937255859
3645,0.49,3,483.48362223307294
3646,0.96,5,644.7297973632812
3647,0.97,4,435.63319396972656
3648,-1.09,10,612.2978561401367
3649,-1.58,10,632.5286254882812
3650,-1.08,9,787.4104071723091
3651,0.97,4,603.4790725708008
3652,-1.58,10,611.1218353271485
3653,-5.53,5,922.112255859375
3654,4.94,7,828.5303431919643
3655,-1.09,10,723.7200378417969
3656,-5.02,3,598.3564656575521
3657,-1.09,10,796.3801132202149
3658,4.92,9,654.033192952474
3659,0.98,3,671.0645141601562
3660,-5.52,4,709.1930084228516
3661,-1.09,10,667.0370544433594
3662,-1.58,10,690.9738891601562
3663,4.93,8,753.9091415405273
3664,4.95,6,553.6170984903971
3665,4.95,6,714.3130798339844
3666,-1.09,10,598.7305511474609
3667,-2.0,3,601.4053344726562
3668,-1.06,7,557.3651471819196
3669,0.96,5,700.0685913085938
3670,-1.53,5,621.9864440917969
3671,-5.04,5,558.7429260253906
3672,-1.51,3,752.4945271809896
3673,-1.09,10,596.8751770019531
3674,-1.07,8,779.8673324584961
3675,-1.09,10,685.891488647461
3676,0.98,3,530.778330485026
3677,-1.09,10,627.5055572509766
3678,0.45999999999999996,6,618.7431640625
3679,-1.58,10,671.2627990722656
3680,-1.09,10,674.3194152832032
3681,-1.51,3,663.7196960449219
3682,-1.08,9,700.9119194878472
3683,-1.09,10,688.1153747558594
3684,0.95,6,590.2988637288412
3685,-1.58,10,751.738671875
3686,0.98,3,609.9840901692709
3687,-1.04,5,564.7601318359375
3688,-1.53,5,598.5610717773437
3689,-1.07,8,803.8876571655273
3690,-1.58,10,714.3199859619141
3691,-1.09,10,595.788687133789
3692,-1.09,10,733.0234222412109
3693,-1.07,8,961.2535743713379
3694,0.45999999999999996,6,753.3341929117838
3695,-1.06,7,471.16258457728793
3696,-1.09,10,530.3930419921875
3697,-1.09,10,613.4039901733398
3698,-5.53,5,674.3366882324219
3699,-1.58,10,654.9989074707031
3700,-1.09,10,559.2931427001953
3701,-5.07,8,1016.4861030578613
3702,-1.09,10,700.2067016601562
3703,0.95,6,550.5073445638021
3704,4.49,3,727.9849650065104
3705,-1.04,5,783.2822509765625
3706,-1.58,10,768.9507873535156
3707,-1.06,7,687.359113420759
3708,-1.56,8,716.7585525512695
3709,0.97,4,423.4681701660156
3710,-1.03,4,656.2953720092773
3711,-1.09,10,594.8359832763672
3712,-1.58,10,686.1024230957031
3713,0.96,5,953.6292236328125
3714,0.47,5,726.507666015625
3715,-1.04,5,654.021337890625
3716,-1.09,10,702.4122894287109
3717,0.97,4,830.5854034423828
3718,-1.09,10,596.8364562988281
3719,-1.08,9,710.9611070421007
3720,0.49,3,537.0996907552084
3721,0.47,5,455.7328582763672
3722,-1.03,4,573.211067199707
3723,-1.56,8,696.2231521606445
3724,-1.58,10,563.9565628051757
3725,0.95,6,607.1812337239584
3726,-1.08,9,652.6319817437065
3727,0.92,9,742.9348687065972
3728,-1.09,10,678.1684600830079
3729,-1.57,9,644.069332546658
3730,0.96,5,705.2619262695313
3731,-1.52,4,488.3800926208496
3732,-1.53,5,622.065966796875
3733,-1.09,10,653.6566131591796
3734,-5.08,9,731.713626437717
3735,4.92,9,637.454098171658
3736,-5.5600000000000005,8,834.6771430969238
3737,-1.09,10,707.5066040039062
3738,4.98,3,720.7826131184896
3739,-1.09,10,673.8448486328125
3740,-1.02,3,501.24901326497394
3741,-1.55,7,956.4314749581473
3742,-1.09,10,688.4033935546875
3743,4.97,4,396.10093688964844
3744,0.98,3,542.8220926920573
3745,-1.09,10,590.3906402587891
3746,-5.5600000000000005,8,725.3554382324219
3747,-1.09,10,634.2485198974609
3748,4.92,9,756.7979329427084
3749,4.46,6,554.6214345296224
3750,-1.58,10,721.6701812744141
3751,-1.09,10,755.3851318359375
3752,-1.58,10,777.1944702148437
3753,-1.51,3,699.7793579101562
3754,-2.0700000000000003,10,597.5764465332031
3755,-1.09,10,777.8444290161133
3756,-1.09,10,908.6610656738281
3757,4.94,7,687.8571428571429
3758,-1.09,10,845.2226257324219
3759,-1.07,8,764.8244018554688
3760,-1.52,4,553.6803359985352
3761,0.9299999999999999,8,863.194766998291
3762,-1.09,10,699.8876159667968
3763,-1.51,3,914.6628824869791
3764,-1.04,5,1038.0986694335938
3765,-1.09,10,809.787466430664
3766,-1.09,10,598.7733428955078
3767,-1.58,10,725.3236602783203
3768,-1.09,10,809.6776000976563
3769,-1.58,10,784.7084136962891
3770,-1.02,3,467.9664713541667
3771,-1.58,10,733.206446838379
3772,-1.55,7,737.129865373884
3773,-5.05,6,666.7015380859375
3774,4.98,3,915.2040608723959
3775,-1.09,10,532.1529205322265
3776,-1.02,3,791.9151814778646
3777,-1.58,10,672.7491943359375
3778,-1.09,10,766.315298461914
3779,0.9299999999999999,8,760.4406967163086
3780,0.98,3,614.0360107421875
3781,-1.09,10,794.3211059570312
3782,0.97,4,769.9736633300781
3783,-1.06,7,516.70607648577
3784,-1.02,3,599.5122273763021
3785,0.43999999999999995,8,742.6994094848633
3786,-2.0700000000000003,10,736.6722534179687
3787,-1.58,10,790.6419921875
3788,-1.09,10,911.1479553222656
3789,-1.03,4,921.3696136474609
3790,0.9299999999999999,8,737.8187103271484
3791,-1.56,8,815.8418884277344
3792,-1.09,10,674.1496765136719
3793,-1.58,10,697.8434234619141
3794,-1.58,10,796.9264953613281
3795,-2.0700000000000003,10,771.5675720214844
3796,-1.09,10,724.4119812011719
3797,-1.09,10,741.5819442749023
3798,0.95,6,871.903554280599
3799,0.97,4,969.5397872924805
3800,-1.06,7,499.8031485421317
3801,-1.09,10,812.9713806152344
3802,0.9299999999999999,8,851.8393898010254
3803,-1.08,9,747.061781141493
3804,-1.09,10,896.193212890625
3805,-1.09,10,835.17744140625
3806,-1.09,10,958.81884765625
3807,-1.57,9,782.1855061848959
3808,-1.58,10,654.2605651855469
3809,0.92,9,809.0265638563368
3810,-1.04,5,1023.9770812988281
3811,-1.58,10,662.1060821533204
3812,-1.08,9,798.8188883463541
3813,0.98,3,626.8519083658854
3814,-1.04,5,966.8964721679688
3815,4.95,6,834.5777994791666
3816,-5.06,7,787.221195765904
3817,0.9299999999999999,8,741.5874786376953
3818,-1.09,10,940.7950439453125
3819,-1.02,3,733.8132934570312
3820,-1.54,6,818.2174682617188
3821,-1.09,10,808.8276489257812
3822,-1.09,10,651.5122680664062
3823,-1.58,10,768.0571533203125
3824,-2.01,4,768.9963226318359
3825,-5.02,3,612.5843302408854
3826,4.94,7,1033.1651524135045
3827,-5.04,5,628.8616943359375
3828,0.9299999999999999,8,844.4792213439941
3829,-1.09,10,633.8111694335937
3830,4.94,7,909.3550153459821
3831,-1.58,10,766.6118133544921
3832,-5.03,4,562.7121429443359
3833,-1.02,3,1008.9932454427084
3834,0.95,6,772.2161916097006
3835,-1.05,6,742.6717987060547
3836,-1.05,6,621.306894938151
3837,0.94,7,1074.150111607143
3838,-1.09,10,785.2881713867188
3839,0.48,4,682.4955596923828
3840,0.97,4,729.795524597168
3841,0.96,5,648.1469451904297
3842,-1.04,5,864.497900390625
3843,-1.09,10,753.2883941650391
3844,-1.07,8,764.5037574768066
3845,-1.58,10,754.8117401123047
3846,-1.02,3,1259.7203776041667
3847,0.49,3,605.8101094563802
3848,0.42999999999999994,9,681.0534159342448
3849,0.92,9,697.7571072048611
3850,-1.04,5,719.442919921875
3851,-1.09,10,888.539208984375
3852,-1.09,10,919.7203674316406
3853,-1.09,10,952.6433898925782
3854,-1.09,10,732.6414245605469
3855,0.44999999999999996,7,762.0039760044643
3856,-1.51,3,859.7505696614584
3857,-1.52,4,760.9104919433594
3858,-6.02,5,719.7014770507812
3859,-5.54,6,695.9937947591146
3860,-1.09,10,813.4579162597656
3861,-1.09,10,591.647819519043
3862,-1.58,10,718.1046905517578
3863,-5.07,8,1037.3972930908203
3864,-1.09,10,718.4765655517579
3865,0.96,5,727.9252868652344
3866,0.47,5,860.1606811523437
3867,-1.09,10,806.1401916503906
3868,-1.09,10,605.7821502685547
3869,-1.09,10,1008.0732147216797
3870,4.96,5,860.3626708984375
3871,-1.09,10,779.1691864013671
3872,-1.09,10,817.6021057128906
3873,-1.08,9,679.3983425564236
3874,-5.02,3,762.0147705078125
3875,-1.58,10,656.2137344360351
3876,-1.51,3,579.2915852864584
3877,4.4399999999999995,8,835.1164093017578
3878,0.9299999999999999,8,614.9148330688477
3879,-1.02,3,781.9568481445312
3880,4.93,8,971.9590682983398
3881,0.96,5,805.0407592773438
3882,0.49,3,675.9292399088541
3883,-1.09,10,820.4028747558593
3884,0.98,3,779.9300537109375
3885,-1.02,3,565.8036905924479
3886,-5.03,4,558.7660369873047
3887,4.98,3,554.4546305338541
3888,-2.0700000000000003,10,692.39306640625
3889,-1.09,10,793.6298767089844
3890,-1.04,5,816.39892578125
3891,-1.06,7,1207.8396780831474
3892,0.96,5,839.5721313476563
3893,-1.09,10,917.9644287109375
3894,-1.09,10,827.31259765625
3895,-1.53,5,587.3262329101562
3896,-5.02,3,793.8685099283854
3897,-1.05,6,967.8159891764323
3898,-1.09,10,557.9118927001953
3899,-1.09,10,637.623892211914
3900,-5.08,9,778.707763671875
3901,-5.02,3,675.682139078776
3902,0.97,4,552.1237945556641
3903,-1.07,8,873.4709968566895
3904,0.9299999999999999,8,738.1622276306152
3905,-1.54,6,680.8736826578776
3906,-1.09,10,750.7600708007812
3907,-1.09,10,890.6609619140625
3908,-1.58,10,745.4507598876953
3909,0.94,7,681.9223109654018
3910,-5.52,4,637.8458251953125
3911,-1.58,10,792.5005676269532
3912,0.9299999999999999,8,567.6285705566406
3913,-1.58,10,919.8049438476562
3914,-1.04,5,852.1904418945312
3915,-1.02,3,783.1493733723959
3916,-1.56,8,715.2101669311523
3917,0.47,5,809.86826171875
3918,-6.05,8,871.9920768737793
3919,0.96,5,793.0587158203125
3920,-1.04,5,819.02646484375
3921,-1.02,3,783.7524617513021
3922,-1.09,10,853.9204284667969
3923,-1.02,3,443.30544026692706
3924,-5.57,9,1109.3853285047744
3925,0.98,3,807.8919474283854
3926,-1.09,10,861.9031799316406
3927,-1.08,9,862.6401299370659
3928,-5.08,9,672.792249891493
3929,-1.09,10,966.9652679443359
3930,-1.03,4,642.1070098876953
3931,-5.5600000000000005,8,931.1540184020996
3932,-1.09,10,790.3704772949219
3933,-1.58,10,931.6922210693359
3934,-5.03,4,963.2601013183594
3935,4.98,3,758.3662923177084
3936,-5.02,3,701.0371704101562
3937,0.45999999999999996,6,958.1773071289062
3938,-5.03,4,675.7656402587891
3939,4.97,4,956.4277954101562
3940,-1.09,10,599.2541870117187
3941,-5.07,8,898.7301177978516
3942,-1.09,10,976.5730438232422
3943,-1.09,10,776.9826568603515
3944,-1.58,10,847.9662994384765
3945,-1.55,7,1016.6468418666294
3946,0.96,5,661.228125
3947,-1.09,10,694.0349548339843
3948,-1.09,10,754.2494750976563
3949,-1.08,9,794.5478719075521
3950,4.49,3,858.8244018554688
3951,-1.09,10,802.809048461914
3952,-5.05,6,953.7869669596354
3953,0.92,9,1003.0124782986111
3954,0.45999999999999996,6,857.1309967041016
3955,-1.09,10,626.9949798583984
3956,4.94,7,737.3916538783482
3957,4.47,5,794.9975830078125
3958,4.98,3,1033.167460123698
3959,-5.02,3,426.24013264973956
3960,-5.04,5,730.0949096679688
3961,-5.03,4,1023.2458190917969
3962,-1.09,10,913.7488250732422
3963,-1.09,10,673.8051361083984
3964,-1.09,10,860.782177734375
3965,-1.03,4,755.5761566162109
3966,-5.02,3,1041.337666829427
3967,-1.07,8,715.3985977172852
3968,-1.09,10,700.8322448730469
3969,4.97,4,985.8722076416016
3970,0.96,5,930.34931640625
3971,-1.05,6,759.5379130045573
3972,4.95,6,962.8069356282552
3973,-1.58,10,721.233773803711
3974,-1.58,10,730.3084564208984
3975,-1.09,10,936.2733215332031
3976,0.94,7,765.3986729213169
3977,-2.05,8,849.9620704650879
3978,0.98,3,788.0860493977865
3979,-5.55,7,819.3484758649554
3980,-1.58,10,949.0101379394531
3981,0.96,5,988.1990966796875
3982,-1.09,10,849.4851135253906
3983,-1.58,10,927.6478698730468
3984,-1.09,10,1035.4910888671875
3985,-1.09,10,939.5644409179688
3986,-1.09,10,849.4908416748046
3987,-1.09,10,1288.783514404297
3988,0.44999999999999996,7,953.2633405412946
3989,4.95,6,670.4270426432291
3990,-5.02,3,410.76247151692706
3991,4.94,7,805.4036778041294
3992,-5.03,4,851.2319030761719
3993,-5.02,3,581.876942952474
3994,-1.09,10,1150.3492492675782
3995,-5.03,4,744.6794281005859
3996,-1.09,10,912.1839538574219
3997,-1.07,8,946.1883010864258
3998,-2.0700000000000003,10,1043.1539978027345
3999,0.42999999999999994,9,887.562730577257
4000,0.98,3,723.0070597330729
4001,-1.53,5,933.6759887695313
4002,0.48,4,548.5350799560547
4003,-5.03,4,599.9266662597656
4004,4.45,7,992.3123953683036
4005,-1.09,10,882.4703796386718
4006,-5.06,7,1044.2951049804688
4007,-1.58,10,928.0550231933594
4008,-1.06,7,923.8854544503348
4009,-1.09,10,911.7898345947266
4010,0.42999999999999994,9,782.0046047634548
4011,-1.04,5,928.5273376464844
4012,4.96,5,992.1671630859375
4013,-5.03,4,1040.6818542480469
4014,-1.53,5,792.347705078125
4015,0.9299999999999999,8,943.9123191833496
4016,0.45999999999999996,6,1001.0708516438802
4017,-5.51,3,740.3936767578125
4018,-1.58,10,744.7478210449219
4019,0.98,3,764.4009602864584
4020,-1.09,10,921.9654968261718
4021,-1.09,10,1069.6650390625
4022,-1.03,4,919.4047698974609
4023,-1.58,10,919.6336334228515
4024,4.94,7,1062.3331211635045
4025,-6.04,7,717.7782200404575
4026,-1.06,7,985.0618373325893
4027,-1.05,6,1034.0652262369792
4028,-1.58,10,1016.8840087890625
4029,4.94,7,1047.375941685268
4030,-1.09,10,1043.5249908447265
4031,-1.02,3,673.6417236328125
4032,0.44999999999999996,7,893.5112566266741
4033,-1.09,10,1023.635546875
4034,0.96,5,836.7161499023438
4035,-1.09,10,712.0068359375
4036,-1.07,8,831.6398849487305
4037,-1.09,10,704.7067901611329
4038,3.99,4,957.9103088378906
4039,0.9299999999999999,8,768.6701202392578
4040,-1.09,10,747.7366119384766
4041,-1.09,10,601.0259445190429
4042,-1.02,3,650.4110616048177
4043,-1.09,10,899.757861328125
4044,0.43999999999999995,8,952.7577629089355
4045,0.0,3,779.1352945963541
4046,0.92,9,721.5881415473091
4047,-1.09,10,725.7291259765625
4048,-1.56,8,934.4273529052734
4049,0.92,9,694.7375318739149
4050,-1.09,10,767.3380859375
4051,-1.09,10,880.1376098632812
4052,0.48,4,688.6005096435547
4053,-1.09,10,1022.2835968017578
4054,-6.0,3,1074.34375
4055,-1.58,10,937.1326293945312
4056,4.94,7,758.050275530134
4057,-1.56,8,860.1067657470703
4058,0.97,4,920.1797180175781
4059,-1.09,10,965.2980590820313
4060,-1.53,5,886.7801025390625
4061,0.9299999999999999,8,639.6048927307129
4062,-1.09,10,828.981005859375
4063,0.97,4,868.3697509765625
4064,0.98,3,1141.678466796875
4065,0.98,3,826.5961507161459
4066,0.0,3,922.4497273763021
4067,-1.09,10,783.7067047119141
4068,-1.09,10,1037.823504638672
4069,0.49,3,877.5684305826823
4070,-1.09,10,779.2601684570312
4071,4.96,5,1097.3300354003907
4072,0.98,3,589.4792073567709
4073,-1.09,10,677.3217163085938
4074,-1.09,10,848.490087890625
4075,-1.07,8,1075.8909797668457
4076,0.44999999999999996,7,877.6237880161831
4077,-1.09,10,1080.259506225586
4078,-1.06,7,817.7176208496094
4079,0.98,3,871.3754272460938
4080,0.9299999999999999,8,782.6390686035156
4081,-1.09,10,823.015347290039
4082,-5.54,6,645.6298370361328
4083,4.95,6,804.8195292154948
4084,4.45,7,777.6328212193081
4085,4.98,3,632.8301086425781
4086,4.98,3,841.091796875
4087,4.95,6,906.3242492675781
4088,0.9299999999999999,8,950.6706008911133
4089,-1.58,10,679.1658782958984
4090,-5.04,5,801.7539794921875
4091,-1.02,3,697.2291463216146
4092,-1.09,10,820.3048553466797
4093,4.94,7,984.594499860491
4094,-5.08,9,835.831529405382
4095,-1.09,10,683.5616760253906
4096,0.96,5,970.8224060058594
4097,-1.09,10,926.6248321533203
4098,-1.08,9,1021.2593994140625
4099,-1.09,10,812.7437469482422
4100,4.92,9,939.4205729166666
4101,0.48,4,718.3318023681641
4102,-5.04,5,1206.685498046875
4103,-5.52,4,865.8755035400391
4104,3.9699999999999998,6,800.3179880777994
4105,-1.09,10,908.2814086914062
4106,-1.09,10,958.8615478515625
4107,-1.58,10,832.0478332519531
4108,-1.09,10,784.6364440917969
4109,3.96,7,927.4392351422991
4110,0.45999999999999996,6,1023.4501139322916
4111,-1.09,10,1141.980078125
4112,-1.09,10,923.4652465820312
4113,-1.58,10,750.5274444580078
4114,-1.07,8,1232.789894104004
4115,-1.02,3,644.0249226888021
4116,-1.07,8,887.2964210510254
4117,-1.09,10,989.9358520507812
4118,-1.09,10,935.1126037597656
4119,0.45999999999999996,6,817.2587280273438
4120,-1.09,10,925.1811218261719
4121,0.97,4,840.8653564453125
4122,-1.09,10,895.7892333984375
4123,4.95,6,832.8349049886068
4124,-1.09,10,709.246206665039
4125,-1.09,10,1115.4438354492188
4126,-1.58,10,944.6237609863281
4127,-1.09,10,729.3056182861328
4128,4.97,4,980.1209106445312
4129,0.98,3,877.2634073893229
4130,-1.09,10,1092.1381042480468
4131,-5.55,7,656.6268964494977
4132,-5.02,3,772.7612101236979
4133,-5.52,4,905.7049102783203
4134,-1.09,10,851.8624267578125
4135,4.92,9,920.1915113661024
4136,-5.03,4,831.4021987915039
4137,-1.58,10,822.1089569091797
4138,4.97,4,915.7248840332031
4139,-1.09,10,908.2888275146485
4140,-5.04,5,1100.1214965820313
4141,-5.05,6,964.3024698893229
4142,-1.09,10,985.100717163086
4143,-1.58,10,1009.5451873779297
4144,-1.09,10,1006.1627746582031
4145,-1.09,10,777.0266418457031
4146,-1.09,10,781.360140991211
4147,0.96,5,912.7503784179687
4148,4.95,6,756.3409830729166
4149,-5.02,3,1624.33154296875
4150,-1.09,10,842.5363891601562
4151,0.45999999999999996,6,806.801015218099
4152,0.0,3,663.72265625
4153,-1.07,8,1023.7969551086426
4154,-1.09,10,828.4337219238281
4155,-1.02,3,808.3960571289062
4156,-1.05,6,891.7382507324219
4157,-1.02,3,871.6783447265625
4158,4.92,9,873.3355102539062
4159,0.96,5,826.1372009277344
4160,-1.58,10,747.306396484375
4161,-1.09,10,936.305044555664
4162,-1.54,6,808.3115895589193
4163,0.43999999999999995,8,764.2359352111816
4164,-1.02,3,867.6738688151041
4165,-1.09,10,1012.0747314453125
4166,-1.09,10,1021.0306335449219
4167,-1.09,10,866.4008972167969
4168,-1.09,10,1050.668505859375
4169,-1.09,10,1075.918310546875
4170,-1.09,10,948.5350463867187
4171,0.97,4,1170.4512329101562
4172,-5.03,4,720.5941162109375
4173,-1.09,10,1007.8275909423828
4174,-1.09,10,1007.7675170898438
4175,-5.54,6,938.7074178059896
4176,-1.58,10,744.4187194824219
4177,0.96,5,1322.4921264648438
4178,-1.09,10,1024.666552734375
4179,-1.03,4,1240.4740905761719
4180,-1.09,10,1015.5755615234375
4181,-1.09,10,1340.514825439453
4182,-1.58,10,832.7103698730468
4183,4.97,4,956.9745941162109
4184,-5.51,3,896.7144775390625
4185,4.43,9,945.0453626844618
4186,-1.09,10,886.7687438964844
4187,-1.58,10,914.2551330566406
4188,0.97,4,1121.8938751220703
4189,-1.58,10,986.5496887207031
4190,-1.04,5,1141.7635620117187
4191,-1.09,10,1102.2125518798828
4192,0.94,7,1181.1015101841517
4193,-1.09,10,919.361181640625
4194,0.96,5,1145.9012329101563
4195,4.95,6,844.5650075276693
4196,-1.09,10,886.4508911132813
4197,-5.05,6,999.7107899983724
4198,4.98,3,684.7186279296875
4199,0.94,7,985.2476152692523
4200,0.97,4,813.2366180419922
4201,4.45,7,1081.159415108817
4202,0.97,4,1672.9822387695312
4203,4.98,3,843.1051228841146
4204,-5.05,6,937.477294921875
4205,-5.05,6,893.6613260904948
4206,-1.09,10,897.5912902832031
4207,-1.09,10,1003.220849609375
4208,0.94,7,1135.1044660295759
4209,0.95,6,1006.6446533203125
4210,-1.52,4,961.99072265625
4211,-1.51,3,562.3907674153646
4212,4.94,7,842.514142717634
4213,-5.57,9,926.3433973524305
4214,4.97,4,1140.7472534179688
4215,0.0,3,917.6594848632812
4216,-1.09,10,878.6006530761719
4217,-1.09,10,770.6092468261719
4218,-1.54,6,1052.3132425944011
4219,-1.51,3,683.2968139648438
4220,-1.54,6,1271.1245218912761
4221,-1.55,7,1172.1864188058037
4222,0.97,4,1385.8634643554688
4223,-1.09,10,854.7885070800781
4224,-1.09,10,1130.031494140625
4225,-2.0,3,806.0814819335938
4226,-1.58,10,1102.3988159179687
4227,0.0,3,807.4278564453125
4228,-1.09,10,1050.9604187011719
4229,0.96,5,919.5593872070312
4230,4.4399999999999995,8,810.4734725952148
4231,4.49,3,1321.1124877929688
4232,-5.06,7,1168.0042811802455
4233,-5.08,9,814.041995578342
4234,-1.09,10,1506.3783264160156
4235,0.47,5,1417.066943359375
4236,0.97,4,981.6889495849609
4237,4.97,4,1127.3937377929688
4238,-5.02,3,965.5038655598959
4239,-1.08,9,866.9350314670139
4240,-1.09,10,1146.2163330078124
4241,-1.09,10,1111.878564453125
4242,-5.05,6,735.7331492106119
4243,-1.04,5,1123.0401977539063
4244,-5.08,9,1209.002414279514
4245,-1.09,10,951.0129150390625
4246,0.92,9,831.8538309733073
4247,0.98,3,599.4691365559896
4248,0.92,9,920.309556749132
4249,4.93,8,840.8973503112793
4250,-1.58,10,984.2863006591797
4251,0.97,4,993.0716857910156
4252,-1.03,4,671.8667373657227
4253,-1.06,7,1244.9120919363838
4254,4.49,3,1057.6613362630208
4255,-1.09,10,948.3470306396484
4256,-1.09,10,1062.5989074707031
4257,-1.03,4,1034.2182312011719
4258,4.98,3,1045.9759928385417
4259,-1.52,4,797.0890274047852
4260,-1.52,4,897.0191192626953
4261,0.94,7,1106.7698364257812
4262,0.97,4,1200.146255493164
4263,0.49,3,1506.9133707682292
4264,-1.52,4,1163.5202026367188
4265,0.49,3,1262.3948567708333
4266,-1.09,10,1130.6971008300782
4267,-5.03,4,896.1034088134766
4268,4.4399999999999995,8,929.9949417114258
4269,-1.09,10,1087.8950500488281
4270,-1.58,10,957.8753082275391
4271,-5.06,7,1668.671186174665
4272,-1.58,10,829.9370330810547
4273,-1.09,10,1072.677670288086
4274,-2.0700000000000003,10,1226.442694091797
4275,-5.06,7,844.0390886579241
4276,-1.09,10,1354.2507629394531
4277,0.45999999999999996,6,1002.8972218831381
4278,-1.09,10,875.1283020019531
4279,-1.04,5,1435.6081909179688
4280,-1.09,10,1251.2112396240234
4281,-1.09,10,1108.6386444091797
4282,-1.09,10,1088.3413513183593
4283,-1.09,10,955.3875549316406
4284,-1.58,10,1062.5899871826173
4285,-1.58,10,1214.0274536132813
4286,-1.09,10,939.2859436035156
4287,-1.07,8,1221.6808471679688
4288,4.97,4,1063.6967315673828
4289,-5.05,6,953.5958506266276
4290,-1.09,10,1091.0619873046876
4291,-1.09,10,920.2781951904296
4292,-1.09,10,830.9795379638672
4293,-1.09,10,929.6171447753907
4294,-2.02,5,1205.9505126953125
4295,0.94,7,1033.7630615234375
4296,-1.09,10,1144.5853698730468
4297,0.97,4,1354.0679626464844
4298,0.95,6,1374.3207295735676
4299,0.98,3,893.008056640625
4300,-1.09,10,1018.0804321289063
4301,-5.04,5,1116.2301879882812
4302,-5.03,4,1520.8016510009766
4303,4.97,4,1036.589111328125
4304,-5.07,8,937.0155258178711
4305,0.98,3,1306.2878011067708
4306,-1.58,10,1161.5363830566407
4307,0.95,6,963.0720621744791
4308,-1.09,10,1469.6767517089843
4309,0.96,5,1002.4964538574219
4310,4.49,3,1152.637451171875
4311,0.9299999999999999,8,932.6466789245605
4312,-1.58,10,1138.952166748047
4313,-5.04,5,1325.2066528320313
4314,4.93,8,1163.7722778320312
4315,-5.02,3,967.3514200846354
4316,-1.09,10,1395.0018493652344
4317,-5.03,4,950.7721710205078
4318,-5.06,7,1056.6031232561384
4319,3.99,4,1402.7470092773438
4320,-5.03,4,1006.5519256591797
4321,-1.58,10,1402.3814514160156
4322,-1.09,10,1239.963690185547
4323,-1.09,10,1020.6016418457032
4324,-5.04,5,1204.4404296875
4325,-1.09,10,932.1843505859375
4326,-2.0700000000000003,10,1078.1976837158204
4327,4.98,3,1183.7895914713542
4328,-1.58,10,970.1338073730469
4329,-5.07,8,1000.3498649597168
4330,-5.57,9,1299.812038845486
4331,-1.09,10,1206.9800170898438
4332,4.96,5,1118.6801513671876
4333,-1.58,10,974.9359619140625
4334,-1.09,10,939.5941436767578
4335,-5.02,3,1162.816385904948
4336,-1.09,10,1267.3188598632812
4337,4.92,9,1053.7481350368923
4338,4.93,8,859.4219207763672
4339,-1.09,10,974.4916442871094
4340,-1.09,10,1429.823422241211
4341,0.97,4,1504.0926513671875
4342,-5.04,5,1378.2493408203125
4343,-1.09,10,1305.5999816894532
4344,4.95,6,985.559315999349
4345,-1.09,10,1213.1920837402345
4346,-1.09,10,1057.6787506103515
4347,-1.53,5,1536.8012084960938
4348,-1.53,5,1243.1172607421875
4349,0.96,5,977.1628540039062
4350,-1.09,10,1237.540509033203
4351,-1.09,10,1281.7436645507812
4352,-1.04,5,1478.5098876953125
4353,-1.05,6,1155.3816630045574
4354,0.98,3,1112.5181681315105
4355,-1.58,10,970.1805389404296
4356,0.49,3,1015.4744873046875
4357,-1.09,10,1036.2723571777344
4358,-2.04,7,1163.2171412876673
4359,-1.08,9,1112.2980821397568
4360,-1.06,7,1149.027827671596
4361,-1.05,6,1302.4373881022136
4362,-1.09,10,937.5527191162109
4363,0.96,5,1022.7224975585938
4364,-1.02,3,1485.2834981282551
4365,-2.0700000000000003,10,1410.044744873047
4366,-1.04,5,1168.64912109375
4367,-2.02,5,1312.836376953125
4368,0.49,3,1569.5491943359375
4369,-1.09,10,974.3532867431641
4370,-1.09,10,1137.2551727294922
4371,-1.02,3,1090.8694458007812
4372,-1.09,10,1241.8805603027345
4373,-1.02,3,969.651123046875
4374,-5.04,5,1277.1029541015625
4375,4.94,7,1383.236851283482
4376,-1.08,9,1162.2569308810764
4377,-1.09,10,1214.0064239501953
4378,0.95,6,1077.1455078125
4379,-1.09,10,1192.1895874023437
4380,-1.08,9,1050.98095703125
4381,-1.02,3,927.330312093099
4382,4.98,3,1452.0719401041667
4383,-5.04,5,993.2253173828125
4384,4.97,4,1203.5554504394531
4385,-1.58,10,1104.6026123046875
4386,0.0,3,1780.7493896484375
4387,0.96,5,1626.5711791992187
4388,0.94,7,1048.7545427594866
4389,0.98,3,1350.1951497395833
4390,0.98,3,714.9751586914062
4391,0.96,5,1255.6431518554687
4392,0.97,4,1319.8349304199219
4393,-1.09,10,1287.2434143066407
4394,0.98,3,1010.6520589192709
4395,-1.56,8,1331.843894958496
4396,-1.09,10,1171.61259765625
4397,0.49,3,1085.1186930338542
4398,-1.09,10,1408.9206970214843
4399,-1.09,10,1222.3961059570313
4400,-1.09,10,1171.6100341796875
4401,-1.08,9,1110.8618299696182
4402,-1.58,10,1085.301611328125
4403,-5.04,5,1328.5080322265626
4404,-1.09,10,1314.5305969238282
4405,4.95,6,1065.4455871582031
4406,-1.09,10,957.4332092285156
4407,-1.09,10,1161.7044189453125
4408,-1.09,10,1335.6940551757812
4409,0.45999999999999996,6,1283.8008422851562
4410,-1.02,3,1088.3826090494792
4411,0.94,7,1108.5637904575892
4412,-1.09,10,1192.2283203125
4413,0.94,7,1383.592782156808
4414,0.96,5,1160.35107421875
4415,-1.06,7,1221.2576642717634
4416,-1.54,6,1336.780497233073
4417,-1.05,6,1292.5046284993489
4418,-1.06,7,1071.154296875
4419,-1.09,10,1522.2634399414062
4420,-1.09,10,1071.5393127441407
4421,-1.09,10,1061.2597595214843
4422,-1.09,10,1142.570050048828
4423,-1.58,10,1156.7337524414063
4424,-5.06,7,1191.8060389927455
4425,4.96,5,1025.69892578125
4426,-1.58,10,986.91748046875
4427,4.95,6,1137.6613362630208
4428,-1.09,10,1068.134716796875
4429,-1.09,10,1030.1968627929687
4430,-1.58,10,1352.2260620117188
4431,-1.03,4,922.4527969360352
4432,-1.03,4,1157.3099365234375
4433,0.95,6,1490.9674886067708
4434,-1.09,10,1202.8438842773437
4435,-1.09,10,1260.1661437988282
4436,0.92,9,1191.8326416015625
4437,4.97,4,999.9852600097656
4438,-5.06,7,1390.3908168247767
4439,-5.05,6,1469.643046061198
4440,-1.09,10,1288.6864929199219
4441,-1.06,7,976.5674264090402
4442,4.46,6,938.0674336751302
4443,-1.09,10,996.9440063476562
4444,-1.08,9,1400.7944675021702
4445,-1.09,10,1021.4053527832032
4446,4.94,7,1386.9523228236608
4447,0.94,7,1265.5745326450892
4448,0.95,6,1292.5165913899739
4449,0.96,5,1322.0844787597657
4450,-1.09,10,1108.3156311035157
4451,-1.09,10,1415.3387329101563
4452,-1.09,10,1200.7792846679688
4453,-1.09,10,932.9634094238281
4454,0.98,3,1442.1386108398438
4455,-1.52,4,1281.8939971923828
4456,4.98,3,1389.6837565104167
4457,-1.09,10,1265.7007293701172
4458,0.49,3,790.7808430989584
4459,0.98,3,1709.5400797526042
4460,0.97,4,975.7065277099609
4461,0.48,4,1003.9134216308594
4462,0.97,4,982.0361709594727
4463,-5.07,8,1086.9022979736328
4464,4.45,7,1173.302490234375
4465,-2.0700000000000003,10,1206.336981201172
4466,-1.53,5,1058.7437377929687
4467,4.98,3,1376.7991536458333
4468,-1.07,8,1125.4407806396484
4469,-1.09,10,894.4355712890625
4470,0.96,5,1005.1036987304688
4471,-5.04,5,1545.8507080078125
4472,-1.09,10,1354.055401611328
4473,0.97,4,876.0411376953125
4474,4.93,8,1357.009651184082
4475,4.93,8,1241.6001091003418
4476,-1.09,10,1188.9495513916015
4477,-1.09,10,1325.6624298095703
4478,4.92,9,1273.5867445203994
4479,0.97,4,1502.9710693359375
4480,-1.09,10,1423.7686767578125
4481,0.0,3,1958.9306640625
4482,-1.02,3,1200.2643229166667
4483,0.92,9,1481.0382554796006
4484,-1.09,10,1052.2282653808593
4485,-1.09,10,1124.9902954101562
4486,-1.58,10,1090.8796081542969
4487,-1.09,10,1460.3425170898438
4488,-1.03,4,863.6477966308594
4489,-1.09,10,1111.543389892578
4490,-1.03,4,1659.472396850586
4491,0.98,3,1138.4498697916667
4492,-1.03,4,944.2811737060547
4493,-1.09,10,1256.4610748291016
4494,4.48,4,1251.475830078125
4495,-1.09,10,1479.1213073730469
4496,-1.09,10,1556.1434753417968
4497,0.95,6,898.7893829345703
4498,-1.09,10,1347.7665557861328
4499,-1.58,10,1194.1733520507812
4500,0.45999999999999996,6,1180.7278137207031
4501,4.96,5,1107.2584289550782
4502,0.96,5,1455.3295776367188
4503,-1.58,10,939.5330871582031
4504,-1.09,10,1097.7132568359375
4505,0.95,6,1195.8178304036458
4506,-1.09,10,1126.3373596191407
4507,0.96,5,1185.7251342773438
4508,0.97,4,1397.0177917480469
4509,0.97,4,1299.5580291748047
4510,0.95,6,1456.955057779948
4511,0.92,9,1440.5694105360244
4512,-1.09,10,1186.8532470703126
4513,-1.09,10,1239.091860961914
4514,0.96,5,1315.434375
4515,-1.09,10,1092.4988067626953
4516,-1.09,10,1247.7849914550782
4517,4.46,6,1496.2506815592449
4518,-1.09,10,1090.1646697998046
4519,0.96,5,1224.680078125
4520,-1.09,10,1241.8358581542968
4521,0.44999999999999996,7,1124.6918683733259
4522,-1.09,10,1113.961685180664
4523,-1.09,10,1413.1621215820312
4524,0.94,7,1153.8525390625
4525,-1.52,4,1212.4967651367188
4526,4.45,7,1288.4951782226562
4527,-1.09,10,1281.4349060058594
4528,-1.02,3,1138.036397298177
4529,-1.08,9,1143.9213324652778
4530,-1.07,8,1063.0904388427734
4531,-5.03,4,1348.4121398925781
4532,4.97,4,1099.0257873535156
4533,-1.51,3,1397.9241536458333
4534,-1.09,10,1342.3765747070313
4535,-1.09,10,1306.6335815429688
4536,-1.09,10,1234.0353149414063
4537,-5.53,5,1294.3086669921875
4538,-1.09,10,1306.0806030273438
4539,-2.0700000000000003,10,1364.451416015625
4540,4.93,8,1379.730369567871
4541,-5.02,3,2052.0181884765625
4542,-2.0700000000000003,10,1230.2856018066407
4543,-1.58,10,1111.8563018798827
4544,-1.58,10,1173.4110412597656
4545,-1.09,10,1076.6944641113282
4546,0.96,5,1638.8917724609375
4547,-0.020000000000000018,5,2002.9187255859374
4548,-1.58,10,1318.7974334716796
4549,-1.09,10,1442.1634399414063
4550,-1.09,10,1434.219415283203
4551,0.0,3,1954.6600341796875
4552,-1.09,10,1382.639337158203
4553,-5.08,9,1052.9200405544705
4554,-1.05,6,1324.0350952148438
4555,-1.58,10,1467.178533935547
4556,-1.52,4,1572.6146697998047
4557,-1.09,10,1401.5568969726562
4558,4.43,9,1042.5547722710503
4559,0.97,4,1343.1954040527344
4560,-5.05,6,1438.6765645345051
4561,-1.58,10,1424.7013549804688
4562,-1.09,10,1499.565447998047
4563,4.96,5,1165.027813720703
4564,-1.09,10,1467.2156127929688
4565,-1.09,10,1302.4449096679687
4566,-1.09,10,1206.60966796875
4567,-1.05,6,1398.017369588216
4568,4.97,4,1340.9894104003906
4569,0.97,4,1148.9313659667969
4570,-1.58,10,1156.7644775390625
4571,-1.08,9,1159.3975423177083
4572,-1.09,10,1219.6170471191406
4573,-1.09,10,1287.8614807128906
4574,0.96,5,1136.5800842285157
4575,-1.09,10,1373.1862548828126
4576,-1.58,10,1094.7628967285157
4577,-1.09,10,1333.6616516113281
4578,-1.02,3,1324.1121419270833
4579,4.97,4,1417.2840118408203
4580,-5.06,7,1683.9109584263392
4581,-1.58,10,902.4783813476563
4582,-5.07,8,1604.044017791748
4583,-5.52,4,861.0703582763672
4584,-1.09,10,1680.1706787109374
4585,-1.09,10,1497.6876403808594
4586,-1.09,10,1609.115057373047
4587,4.94,7,1194.8212018694196
4588,-5.03,4,1320.018310546875
4589,4.94,7,1118.9594159807477
4590,-1.09,10,1410.3438110351562
4591,-1.04,5,1209.1362060546876
4592,-1.09,10,1381.9184936523438
4593,0.96,5,1063.0612548828126
4594,-1.09,10,1235.9280334472655
4595,-1.09,10,1220.4556121826172
4596,0.96,5,843.3472839355469
4597,-1.09,10,1512.8272827148437
4598,-1.09,10,1442.9109985351563
4599,0.47,5,1410.0778442382812
4600,-1.55,7,1370.8539341517858
4601,-1.05,6,1078.958251953125
4602,-1.06,7,1578.8430698939733
4603,-1.09,10,1197.2589233398437
4604,-1.03,4,1162.2010498046875
4605,4.94,7,1387.4893711635045
4606,-1.08,9,891.5222337510851
4607,0.96,5,1562.9327880859375
4608,0.0,3,1655.6796061197917
4609,-1.09,10,1391.0771118164062
4610,-1.58,10,1497.3955688476562
4611,-1.09,10,1319.5331268310547
4612,4.94,7,1497.0559910365514
4613,-1.09,10,1338.7374877929688
4614,-1.02,3,683.664316813151
4615,-1.58,10,1553.0012145996093
4616,-1.09,10,1378.8563171386718
4617,-1.03,4,1270.2287292480469
4618,0.9299999999999999,8,1349.9766311645508
4619,4.49,3,1766.2675374348958
4620,-1.06,7,1671.0921107700892
4621,-1.06,7,1366.8236607142858
4622,0.98,3,887.2135823567709
4623,-1.56,8,1174.3952941894531
4624,4.95,6,1359.4666951497395
4625,-1.58,10,1464.5899291992187
4626,-5.02,3,1483.1378173828125
4627,-1.09,10,1037.839584350586
4628,-5.03,4,1320.9139556884766
4629,-1.09,10,1336.446551513672
4630,-5.08,9,1482.7546251085068
4631,-5.07,8,902.9442977905273
4632,-1.03,4,1337.0718841552734
4633,-5.5600000000000005,8,1041.5146789550781
4634,-5.02,3,1891.7877197265625
4635,4.98,3,1105.356953938802
4636,-5.08,9,1270.3253987630208
4637,-1.09,10,1261.602685546875
4638,-1.09,10,1238.3907287597656
4639,-1.09,10,1183.2974853515625
4640,0.0,3,1253.9081115722656
4641,-1.05,6,1425.2982889811199
4642,-1.03,4,1618.7951965332031
4643,-5.52,4,1748.2236022949219
4644,-1.09,10,1346.6889038085938
4645,-5.06,7,1116.3140607561384
4646,-1.02,3,1205.9714762369792
4647,4.96,5,934.3231201171875
4648,-1.09,10,1269.7776977539063
4649,-1.09,10,1743.514959716797
4650,-5.02,3,1484.8163248697917
4651,-5.04,5,1453.5084228515625
4652,4.94,7,1660.2324916294642
4653,-5.03,4,1505.6623229980469
4654,-5.06,7,1236.9275163922991
4655,0.9299999999999999,8,1817.96484375
4656,-1.02,3,1575.2928059895833
4657,0.9299999999999999,8,1506.9006576538086
4658,-1.09,10,1466.5273193359376
4659,-1.09,10,1685.7842895507813
4660,0.98,3,1466.0199584960938
4661,-1.09,10,1222.7819580078126
4662,0.9299999999999999,8,1442.398120880127
4663,-1.09,10,1480.577410888672
4664,-1.58,10,1491.67568359375
4665,-1.09,10,1410.7610412597655
4666,4.46,6,1339.1488342285156
4667,-1.09,10,1233.0713989257813
4668,4.96,5,1452.877685546875
4669,-5.02,3,1292.0362955729167
4670,-1.09,10,999.7815216064453
4671,0.92,9,1390.6885579427083
4672,-1.58,10,1393.7644897460937
4673,4.93,8,1286.4743728637695
4674,-1.09,10,1750.2625122070312
4675,4.98,3,948.5014444986979
4676,0.94,7,1245.6173444475446
4677,-5.03,4,1052.5731658935547
4678,0.98,3,1281.9761149088542
4679,-1.02,3,2232.1783854166665
4680,-1.09,10,1501.5482421875
4681,0.94,7,1468.7054879324776
4682,-1.09,10,1296.8286346435548
4683,-1.09,10,1517.6188171386718
4684,-1.09,10,1414.6819396972655
4685,-1.09,10,1215.9210815429688
4686,-1.09,10,1348.7156555175782
4687,-1.09,10,1138.0033569335938
4688,0.48,4,1498.3757934570312
4689,-1.07,8,1399.986629486084
4690,-1.08,9,1493.969733344184
4691,-1.09,10,1197.2674560546875
4692,-1.56,8,964.1927947998047
4693,-1.09,10,1308.6345703125
4694,-1.58,10,1366.2359436035156
4695,0.9299999999999999,8,1597.6107482910156
4696,-1.09,10,1795.6259521484376
4697,-1.08,9,937.0337388780382
4698,-1.58,10,1726.7919799804688
4699,0.95,6,1616.795878092448
4700,0.44999999999999996,7,1992.378130231585
4701,-2.01,4,1441.5565490722656
4702,-1.09,10,1380.4850860595702
4703,0.98,3,1700.4258219401042
4704,-1.09,10,1553.6991638183595
4705,-1.09,10,1590.3403198242188
4706,0.44999999999999996,7,1330.0001046316963
4707,-1.02,3,1594.5893147786458
4708,-1.09,10,1554.223974609375
4709,4.49,3,1381.2408447265625
4710,-5.05,6,1481.635233561198
4711,0.95,6,1853.5172322591145
4712,-1.09,10,1346.7414123535157
4713,-1.09,10,2225.500390625
4714,-5.02,3,1704.9269612630208
4715,4.49,3,1741.429931640625
4716,4.98,3,1514.6088460286458
4717,-1.09,10,1336.6124267578125
4718,-5.04,5,1038.7224975585937
4719,-1.55,7,1814.0550711495537
4720,4.94,7,1751.381138392857
4721,4.95,6,1537.1690368652344
4722,-5.51,3,1143.4014180501301
4723,-1.09,10,1407.7494201660156
4724,-1.09,10,1358.6368896484375
4725,-1.09,10,1555.6752624511719
4726,0.0,3,1427.580810546875
4727,-1.09,10,1261.3934600830078
4728,0.47,5,1260.5815551757812
4729,-1.54,6,1421.1817830403645
4730,-1.06,7,1398.0256609235491
4731,0.94,7,1889.0676531110491
4732,0.98,3,1533.651102701823
4733,-1.09,10,1436.9241821289063
4734,-1.05,6,1407.5930480957031
4735,-1.03,4,1991.3120574951172
4736,-1.06,7,1894.7961948939733
4737,-1.09,10,1582.224432373047
4738,-1.09,10,1447.8440673828125
4739,-1.02,3,1167.7117513020833
4740,-1.09,10,1489.408673095703
4741,-1.09,10,1554.5794799804687
4742,-5.07,8,1619.008674621582
4743,-1.09,10,2033.2314331054688
4744,-1.09,10,1383.3153747558595
4745,-1.09,10,1388.3025512695312
4746,4.96,5,1537.2827270507812
4747,0.44999999999999996,7,1379.297372000558
4748,-1.07,8,1444.9906311035156
4749,-1.09,10,1344.7984008789062
4750,-1.58,10,1427.03349609375
4751,-5.04,5,1701.4681762695313
4752,0.98,3,1577.9816284179688
4753,-1.09,10,1505.4106994628905
4754,-1.09,10,1432.4171569824218
4755,0.97,4,1356.5635681152344
4756,-5.02,3,1144.2661946614583
4757,0.44999999999999996,7,1397.37744140625
4758,4.97,4,1524.504638671875
4759,0.97,4,1810.1910400390625
4760,-1.09,10,1276.5081939697266
4761,-5.02,3,1545.5616861979167
4762,-1.09,10,1344.965887451172
4763,-1.09,10,1640.064599609375
4764,-1.04,5,1137.1851318359375
4765,-1.09,10,1481.9225036621094
4766,-2.0,3,1929.5862630208333
4767,-5.08,9,1525.7105712890625
4768,-1.58,10,1381.5776123046876
4769,-1.09,10,1945.2213439941406
4770,-1.09,10,1730.5103515625
4771,-1.09,10,1527.8742614746093
4772,0.94,7,1493.040283203125
4773,-1.51,3,1074.8755289713542
4774,0.96,5,1518.1889587402343
4775,0.42999999999999994,9,1556.2788628472222
4776,0.9299999999999999,8,1212.2414169311523
4777,4.49,3,1845.6192626953125
4778,-1.09,10,1567.553692626953
4779,-1.58,10,1187.192529296875
4780,-1.09,10,1568.801449584961
4781,-1.55,7,1432.910356794085
4782,-1.08,9,1337.8148803710938
4783,-1.09,10,1146.6937103271484
4784,-1.02,3,1776.1633707682292
4785,0.94,7,1399.8049142020088
4786,-1.58,10,1708.2190734863282
4787,-1.09,10,1275.070574951172
4788,0.47,5,1588.17998046875
4789,-1.09,10,1609.1658569335937
4790,-1.09,10,1440.3760131835938
4791,0.97,4,1320.8689880371094
4792,0.9299999999999999,8,1329.8013076782227
4793,-1.09,10,1657.8541198730468
4794,-1.04,5,1717.3190185546875
4795,-1.09,10,1868.111590576172
4796,-1.09,10,1832.1639831542968
4797,0.49,3,1463.3518880208333
4798,-1.05,6,1972.5288492838542
4799,0.98,3,1345.0182698567708
4800,0.94,7,1570.079799107143
4801,-1.58,10,1671.3879516601562
4802,-1.02,3,1713.3609619140625
4803,-1.09,10,1557.3599487304687
4804,0.98,3,1577.2384033203125
4805,-1.03,4,1535.0848999023438
4806,-1.09,10,1494.7276245117187
4807,-1.09,10,1915.7901428222656
4808,0.92,9,1426.925543891059
4809,-1.05,6,1381.1720072428386
4810,-5.06,7,1400.7802036830358
4811,-1.09,10,1535.5854736328124
4812,-1.08,9,1734.9745279947917
4813,-1.08,9,1536.932888454861
4814,-1.08,9,1893.9810180664062
4815,-1.58,10,1691.9610778808594
4816,-1.09,10,1699.5144653320312
4817,-1.58,10,1535.1930053710937
4818,0.44999999999999996,7,1741.9409702845983
4819,4.95,6,1306.7444763183594
4820,-1.09,10,1630.5912353515625
4821,-1.03,4,1733.4963073730469
4822,-1.58,10,1450.2065307617188
4823,-1.09,10,1545.3514282226563
4824,-1.09,10,1639.2510131835938
4825,-5.54,6,1618.320048014323
4826,-2.0700000000000003,10,1373.6783630371094
4827,-6.0,3,957.8419189453125
4828,-1.09,10,1498.7328063964844
4829,-1.58,10,1655.4081970214843
4830,-5.05,6,1685.9498494466145
4831,4.93,8,1860.9991989135742
4832,-1.09,10,1814.3681762695312
4833,-1.09,10,1540.1454956054688
4834,0.9299999999999999,8,1705.5716094970703
4835,-1.07,8,1805.326889038086
4836,-1.08,9,1324.2463243272568
4837,-5.53,5,1201.45673828125
4838,4.92,9,1953.874267578125
4839,-2.0700000000000003,10,1524.128924560547
4840,0.96,5,1344.945849609375
4841,-1.09,10,1476.1807250976562
4842,-1.08,9,1640.7539198133682
4843,0.96,5,1580.730517578125
4844,-5.02,3,2199.3736979166665
4845,-1.09,10,1632.2707458496093
4846,-1.58,10,1916.119647216797
4847,-1.09,10,1563.8847351074219
4848,-5.05,6,1320.054707845052
4849,-5.04,5,1672.81787109375
4850,-5.02,3,1207.0463460286458
4851,-1.09,10,1456.7103912353516
4852,-1.09,10,1688.538134765625
4853,0.98,3,2268.7327880859375
4854,-1.58,10,1204.5728576660156
4855,-1.05,6,1556.757080078125
4856,-1.58,10,1906.9105712890625
4857,-1.09,10,1443.1147155761719
4858,4.98,3,1955.1894938151042
4859,-1.09,10,2116.7853881835936
4860,-1.58,10,1968.059326171875
4861,4.98,3,2112.971964518229
4862,-5.06,7,1405.1086992536273
4863,0.45999999999999996,6,1908.7874654134114
4864,-5.05,6,1822.13330078125
4865,-1.53,5,1475.0001220703125
4866,-1.06,7,1666.6424211774554
4867,0.97,4,2026.485336303711
4868,0.92,9,1576.7771979437935
4869,-1.58,10,1691.7148803710938
4870,-1.09,10,1197.3687316894532
4871,-1.09,10,1833.9685668945312
4872,-1.09,10,1758.2997741699219
4873,-1.09,10,1619.5438598632813
4874,-1.09,10,1817.727960205078
4875,-1.02,3,1824.3251953125
4876,0.96,5,1354.5275390625
4877,-1.09,10,1571.9653442382812
4878,-1.09,10,1869.8425354003907
4879,-1.09,10,1887.6160522460937
4880,-1.09,10,1519.0426208496094
4881,-1.58,10,1433.9588745117187
4882,-1.09,10,1671.4158813476563
4883,-1.09,10,2091.847900390625
4884,0.95,6,1402.7440287272136
4885,-5.08,9,1503.2669542100693
4886,-1.09,10,1383.9584106445313
4887,4.97,4,1340.8066864013672
4888,-1.58,10,1773.43701171875
4889,0.94,7,1282.7884695870537
4890,-1.09,10,1954.2842163085938
4891,-1.58,10,1543.3364624023438
4892,0.94,7,1651.0933576311384
4893,0.45999999999999996,6,1311.1116231282551
4894,-1.09,10,1432.1547058105468
4895,-5.06,7,1971.7471575055804
4896,-1.58,10,1501.5408721923827
4897,-1.09,10,2111.5304260253906
4898,-1.09,10,1563.6139038085937
4899,-1.09,10,1328.6879638671876
4900,-1.09,10,1640.2206420898438
4901,-1.09,10,1500.9487060546876
4902,3.94,9,1877.6019287109375
4903,-5.08,9,1382.2930230034722
4904,4.93,8,2024.2281494140625
4905,-5.53,5,1475.4397094726562
4906,0.9299999999999999,8,1635.7142028808594
4907,-1.58,10,2005.8346069335937
4908,-1.09,10,1922.9209716796875
4909,0.96,5,1730.9035522460938
4910,-1.09,10,1681.4628479003907
4911,-1.58,10,1943.9031005859374
4912,-1.58,10,1463.7880859375
4913,-5.05,6,1941.375020345052
4914,4.4399999999999995,8,1802.200439453125
4915,4.94,7,1557.186000279018
4916,-1.09,10,1795.4790161132812
4917,-1.53,5,1509.0381958007813
4918,-5.51,3,1312.0287679036458
4919,-1.09,10,2190.9719360351564
4920,-1.02,3,2046.6097819010417
4921,-1.09,10,1627.404052734375
4922,4.96,5,1709.815966796875
4923,-2.0700000000000003,10,1774.3855285644531
4924,-1.05,6,1416.540735880534
4925,-1.03,4,1687.8450317382812
4926,0.47,5,1689.7000732421875
4927,-1.51,3,1155.721923828125
4928,0.92,9,1506.5592447916667
4929,0.9299999999999999,8,1650.5223693847656
4930,-1.09,10,2111.5024291992186
4931,0.96,5,1843.2582275390625
4932,-1.09,10,1425.212628173828
4933,-1.09,10,1534.4271118164063
4934,4.92,9,1652.0826416015625
4935,4.94,7,1346.011518205915
4936,0.95,6,1345.4880472819011
4937,0.92,9,1324.6142035590278
4938,0.95,6,1689.0163981119792
4939,-1.09,10,1862.8452758789062
4940,-1.58,10,1672.846746826172
4941,-5.04,5,883.1121337890625
4942,-5.03,4,1826.8135375976562
4943,-1.09,10,2091.78818359375
4944,-1.02,3,1989.6277669270833
4945,0.97,4,1658.0303039550781
4946,-1.05,6,2211.966796875
4947,0.92,9,1610.944064670139
4948,-5.57,9,1766.325663248698
4949,-1.09,10,1739.1856872558594
4950,-5.02,3,2302.0926920572915
4951,0.92,9,1600.531521267361
4952,0.96,5,2049.7357421875
4953,-5.03,4,1687.6090087890625
4954,-1.58,10,2094.9669799804688
4955,0.49,3,1887.6630452473958
4956,-1.06,7,1369.440717424665
4957,-1.03,4,1902.2068634033203
4958,4.95,6,1532.0133717854817
4959,-1.09,10,1724.9176025390625
4960,-1.03,4,1437.9316864013672
4961,0.94,7,1819.0396292550224
4962,-1.09,10,2286.582958984375
4963,-1.09,10,1891.247998046875
4964,-1.58,10,1985.2720458984375
4965,-1.07,8,1071.7665634155273
4966,-1.02,3,1650.533711751302
4967,-1.09,10,1205.2982177734375
4968,-1.03,4,1378.3342590332031
4969,-1.09,10,1477.6689819335938
4970,-1.09,10,1379.011328125
4971,-1.02,3,1060.9063517252605
4972,4.96,5,1643.308349609375
4973,-1.09,10,1625.5692077636718
4974,-1.04,5,1264.0692077636718
4975,-1.54,6,1913.2745971679688
4976,-1.09,10,1767.4890502929688
4977,-1.09,10,1439.462664794922
4978,-1.05,6,1800.0298258463542
4979,-5.04,5,1177.7340698242188
4980,-1.02,3,1770.6447347005208
4981,-1.51,3,1828.7822265625
4982,-5.08,9,1332.9476352267795
4983,-1.09,10,1745.8299682617187
4984,-1.09,10,1982.6470703125
4985,-1.54,6,1382.5710347493489
4986,0.96,5,1643.8968994140625
4987,-1.09,10,1252.4557189941406
4988,-1.09,10,1769.6889526367188
4989,-1.05,6,1448.5042215983074
4990,0.96,5,1666.5816162109375
4991,0.94,7,2032.5328194754463
4992,-1.09,10,1988.9606628417969
4993,0.94,7,1463.5337785993304
4994,-1.09,10,1408.389306640625
4995,-1.09,10,1701.6190795898438
4996,-1.09,10,1675.6178833007812
4997,-5.55,7,1810.1080147879463
4998,4.98,3,1401.7972005208333
4999,-5.05,6,2642.867919921875
5000,-1.58,10,1597.6489318847657
5001,-1.58,10,1743.3329345703125
5002,4.98,3,1894.0784912109375
5003,4.97,4,1763.2034301757812
5004,4.48,4,2064.3807373046875
5005,-1.06,7,1503.7887006487165
5006,-1.09,10,1700.5949768066407
5007,-1.09,10,1699.2062622070312
5008,4.92,9,1468.586886935764
5009,-1.02,3,2022.1883951822917
5010,-5.03,4,1705.1739501953125
5011,0.97,4,1172.4265747070312
5012,-1.09,10,1919.5103332519532
5013,0.0,3,1965.9654541015625
5014,-1.07,8,1759.5944213867188
5015,-1.03,4,1488.9466552734375
5016,0.43999999999999995,8,1751.5280685424805
5017,-1.04,5,1589.8011962890625
5018,-1.51,3,1509.8431803385417
5019,0.94,7,1793.6854509626116
5020,-1.58,10,1780.77177734375
5021,-1.09,10,1768.1484008789062
5022,0.98,3,1882.5455322265625
5023,-1.09,10,1894.212451171875
5024,0.94,7,1234.4298357282366
5025,-1.05,6,1508.6856892903645
5026,-1.58,10,1437.12578125
5027,-1.09,10,1550.8418090820312
5028,0.92,9,1631.0898030598958
5029,-1.58,10,1321.7672119140625
5030,4.92,9,1701.9124484592014
5031,4.92,9,1474.5020209418403
5032,-1.09,10,1637.5490783691407
5033,-1.09,10,1403.7266662597656
5034,4.94,7,2049.156180245536
5035,-1.09,10,2194.3106079101562
5036,-1.06,7,1779.3214285714287
5037,0.9299999999999999,8,1458.2861557006836
5038,-1.07,8,1753.5140838623047
5039,-1.09,10,1497.8192810058595
5040,-1.09,10,1458.7651672363281
5041,-1.51,3,963.911122639974
5042,0.9299999999999999,8,2047.3834686279297
5043,-1.03,4,2007.4407653808594
5044,-1.06,7,1524.1040910993304
5045,-1.09,10,1971.1970703125
5046,4.94,7,2098.4260777064733
5047,-1.08,9,2081.026353624132
5048,0.42999999999999994,9,1551.6765272352432
5049,-5.02,3,1739.354248046875
5050,-1.09,10,1746.8473815917969
5051,-1.09,10,1608.6646057128905
5052,-1.58,10,1693.3693603515626
5053,4.95,6,1620.0917663574219
5054,-1.09,10,1810.031982421875
5055,-1.02,3,1368.6686401367188
5056,4.96,5,1516.889892578125
5057,-1.02,3,1498.1086018880208
5058,0.97,4,879.4821472167969
5059,-5.02,3,1430.5858968098958
5060,-1.07,8,1430.5793685913086
5061,0.96,5,1167.1074584960938
5062,-1.09,10,1507.2656555175781
5063,-1.09,10,1507.9957397460937
5064,-1.58,10,1969.7256103515624
5065,-1.09,10,1612.3894470214843
5066,-1.09,10,1437.2981567382812
5067,-5.02,3,1511.20361328125
5068,-5.03,4,1694.1836242675781
5069,4.95,6,2027.8790791829426
5070,-5.54,6,1644.2975463867188
5071,-1.09,10,1854.4538208007812
5072,-5.04,5,1871.6294921875
5073,-1.03,4,1452.15576171875
5074,0.48,4,1616.7786560058594
5075,-1.54,6,1807.5165405273438
5076,-1.58,10,1845.9753295898438
5077,-1.09,10,1734.3767333984374
5078,0.96,5,1728.5865966796875
5079,0.42999999999999994,9,1936.3812120225693
5080,-1.09,10,2136.4697509765624
5081,0.98,3,1849.6504720052083
5082,-1.09,10,1901.530908203125
5083,0.97,4,1907.9373474121094
5084,-1.09,10,1810.651611328125
5085,0.47,5,1449.1619567871094
5086,-1.58,10,1917.9885375976562
5087,0.95,6,1524.5577494303386
5088,-1.09,10,2048.235400390625
5089,-1.09,10,1121.7949096679688
5090,-1.02,3,2213.493123372396
5091,0.98,3,2387.7434895833335
5092,-1.58,10,1516.8023559570313
5093,-1.03,4,1908.8670501708984
5094,-5.03,4,1315.1603088378906
5095,-1.09,10,2049.1502197265627
5096,0.95,6,1919.703125
5097,-1.09,10,1407.2818237304687
5098,0.98,3,1699.3941243489583
5099,0.97,4,3184.8817138671875
5100,-1.09,10,1947.4762390136718
5101,-1.58,10,1617.7189208984375
5102,-1.08,9,1767.5796305338542
5103,-1.58,10,1663.383038330078
5104,0.0,3,1662.8586018880208
5105,0.92,9,1851.468017578125
5106,-1.03,4,1456.2942810058594
5107,-1.58,10,2058.1970153808593
5108,-1.09,10,1929.0360595703125
5109,-2.02,5,1817.397802734375
5110,-5.02,3,1907.4945475260417
5111,-1.58,10,1552.4084228515626
5112,-1.09,10,1974.987078857422
5113,-5.07,8,1743.9878234863281
5114,-1.05,6,1445.6810709635417
5115,0.96,5,2142.4002197265627
5116,-1.09,10,1275.7625244140625
5117,-1.09,10,1838.0401489257813
5118,-1.02,3,1888.2508951822917
5119,0.42999999999999994,9,1366.4417453342014
5120,-1.09,10,1489.756005859375
5121,-5.04,5,1454.4825439453125
5122,-5.02,3,2244.6278483072915
5123,-1.09,10,2030.822119140625
5124,-1.09,10,1441.2184020996094
5125,-2.0700000000000003,10,1720.058447265625
5126,4.47,5,1188.2096313476563
5127,0.9299999999999999,8,1714.060447692871
5128,-5.06,7,1906.0479038783483
5129,0.96,5,2025.4852294921875
5130,-1.09,10,1659.6525817871093
5131,-1.58,10,1466.3302978515626
5132,4.97,4,2734.0956420898438
5133,-1.02,3,1809.4252115885417
5134,-1.09,10,1865.1481323242188
5135,-5.03,4,1839.1177062988281
5136,4.98,3,1320.8661702473958
5137,-1.09,10,1942.2830932617187
5138,-1.09,10,1889.1275756835937
5139,-1.58,10,1603.2243530273438
5140,-5.02,3,2256.8335774739585
5141,-5.03,4,1470.1482543945312
5142,-5.53,5,1649.301318359375
5143,4.45,7,1796.8235735212054
5144,-1.06,7,1585.610072544643
5145,-5.03,4,1188.5005950927734
5146,4.96,5,1981.1577880859375
5147,4.47,5,1790.067333984375
5148,4.95,6,1689.5538126627605
5149,4.49,3,1297.326171875
5150,-5.07,8,1436.3755111694336
5151,4.97,4,2027.7054443359375
5152,-5.02,3,1548.7691243489583
5153,-1.58,10,1321.0943115234375
5154,-5.04,5,1036.7935913085937
5155,-1.09,10,1903.3514526367187
5156,-5.52,4,1759.2147216796875
5157,-5.05,6,1850.3234456380208
5158,-1.09,10,1927.7318725585938
5159,-1.06,7,1938.1098109654017
5160,0.98,3,1848.2099609375
5161,-1.09,10,1216.2296936035157
5162,4.4399999999999995,8,1778.7688293457031
5163,4.48,4,901.9489135742188
5164,-5.51,3,1067.8518880208333
5165,-1.06,7,1627.2665230887276
5166,-1.09,10,1710.4137939453126
5167,-1.09,10,2036.6276733398438
5168,-1.58,10,1718.877947998047
5169,-1.09,10,1830.089599609375
5170,-1.09,10,1870.2763366699219
5171,-1.51,3,2020.86181640625
5172,-1.06,7,1501.0531005859375
5173,-1.09,10,1637.3050048828125
5174,-5.04,5,1409.212158203125
5175,-1.09,10,1723.5706909179687
5176,-2.0,3,1511.5179443359375
5177,-1.51,3,1741.2072347005208
5178,0.94,7,1852.0780726841517
5179,-1.06,7,1638.1152082170759
5180,-1.09,10,1636.1655303955079
5181,-1.09,10,1444.6288757324219
5182,-1.03,4,2556.968475341797
5183,-5.04,5,2349.487841796875
5184,4.97,4,1763.5507507324219
5185,-1.09,10,1799.039013671875
5186,0.96,5,1399.742041015625
5187,-1.58,10,2059.9114501953127
5188,-1.09,10,2191.7906860351563
5189,-1.08,9,1824.2310248480903
5190,0.92,9,2050.1362575954863
5191,4.95,6,1359.4767557779949
5192,-1.58,10,2164.60400390625
5193,-1.58,10,1639.7386962890625
5194,0.98,3,2876.2047526041665
5195,4.94,7,1628.866219656808
5196,-1.09,10,1570.194024658203
5197,-1.09,10,1912.787353515625
5198,-1.09,10,1705.9867614746095
5199,-1.58,10,1358.921484375
5200,-1.04,5,2490.9267517089843
5201,-1.09,10,2009.1435913085938
5202,-1.09,10,1914.4435180664063
5203,-5.07,8,1330.9216766357422
5204,-1.09,10,1808.4553161621093
5205,-0.06000000000000005,9,1221.0933498806423
5206,-1.09,10,1317.6632141113282
5207,-1.51,3,1347.4395955403645
5208,0.96,5,1582.0200317382812
5209,-1.04,5,1642.521142578125
5210,-1.09,10,1874.7957824707032
5211,0.92,9,2102.2161865234375
5212,-1.55,7,1906.4644775390625
5213,0.96,5,1823.0639404296876
5214,-1.09,10,2306.044140625
5215,-1.09,10,1619.8760681152344
5216,-1.09,10,1765.1234252929687
5217,-1.09,10,1799.2743713378907
5218,-1.09,10,2289.46474609375
5219,0.95,6,2005.634989420573
5220,-5.05,6,2087.8794962565103
5221,-1.09,10,1838.3130004882812
5222,-1.09,10,1731.0841918945312
5223,-1.09,10,1363.1482421875
5224,-1.09,10,1600.083721923828
5225,-1.06,7,1751.359130859375
5226,-1.09,10,2242.651025390625
5227,-1.58,10,1786.934619140625
5228,-1.09,10,1571.98173828125
5229,-1.06,7,2382.1775425502233
5230,-1.58,10,1911.7294799804688
5231,-1.09,10,1814.6589599609374
5232,-1.05,6,1786.0997823079426
5233,-1.06,7,1735.8838065011162
5234,-1.54,6,1815.525899251302
5235,4.96,5,2203.7419677734374
5236,4.96,5,2159.6161865234376
5237,-1.09,10,1593.9890014648438
5238,4.0,3,1620.9932861328125
5239,-5.07,8,1857.7994079589844
5240,0.49,3,1840.1766357421875
5241,-1.51,3,2631.6651204427085
5242,-1.09,10,1426.66435546875
5243,-1.58,10,1515.3877075195312
5244,-1.09,10,2084.56396484375
5245,0.42999999999999994,9,1577.4796956380208
5246,-1.09,10,1460.6800598144532
5247,-5.02,3,2295.0523478190103
5248,-5.04,5,1938.81787109375
5249,4.95,6,2222.1312662760415
5250,-1.09,10,1639.1110473632812
5251,-1.09,10,2116.6154907226564
5252,4.97,4,2230.830612182617
5253,-5.07,8,1961.0090637207031
5254,-1.09,10,1594.0839965820312
5255,-5.04,5,1608.6853393554688
5256,-1.09,10,1444.1734619140625
5257,-1.03,4,2642.9605102539062
5258,-5.03,4,1657.011962890625
5259,-1.51,3,1950.3548990885417
5260,-1.09,10,1919.5008483886718
5261,-5.03,4,1567.767578125
5262,4.92,9,1803.3303087022568
5263,-1.09,10,1663.247314453125
5264,-2.0700000000000003,10,2172.248419189453
5265,-1.09,10,1855.6633178710938
5266,0.9299999999999999,8,1356.6287231445312
5267,-0.010000000000000009,4,2512.8274841308594
5268,-1.02,3,1629.3164876302083
5269,0.95,6,1532.8323567708333
5270,-1.09,10,1574.1055603027344
5271,0.94,7,2290.053536551339
5272,4.97,4,1581.0228271484375
5273,-5.52,4,1300.9490203857422
5274,-1.58,10,1617.2619689941407
5275,-1.09,10,1795.3201538085937
5276,-1.09,10,1865.91220703125
5277,-1.04,5,1626.6722900390625
5278,-1.09,10,1350.225390625
5279,-1.09,10,1507.1069458007812
5280,-1.09,10,1541.0622314453126
5281,0.98,3,1889.2168782552083
5282,0.47,5,1457.5911865234375
5283,-1.09,10,1854.8787963867187
5284,-1.09,10,1872.4619445800781
5285,-1.54,6,1800.5996907552083
5286,-1.03,4,2174.912841796875
5287,-1.09,10,1791.073828125
5288,-2.0700000000000003,10,1547.4255004882812
5289,0.97,4,1605.483413696289
5290,4.95,6,1237.5617065429688
5291,0.97,4,1222.071304321289
5292,0.94,7,1965.5967058454241
5293,-1.09,10,1654.447119140625
5294,-1.02,3,1563.7059326171875
5295,0.95,6,2137.6679484049478
5296,4.96,5,1847.7606689453125
5297,-1.58,10,1809.6503662109376
5298,-1.58,10,1695.41044921875
5299,-1.09,10,1728.775830078125
5300,-1.05,6,1649.0133260091145
5301,-1.09,10,1596.7963562011719
5302,-1.04,5,1930.7205810546875
5303,4.92,9,1745.5427585177952
5304,-1.54,6,1212.1770121256511
5305,-1.09,10,1530.18232421875
5306,-1.58,10,1695.921533203125
5307,0.97,4,1707.7512512207031
5308,-1.09,10,1751.7908203125
5309,0.45999999999999996,6,1461.3404744466145
5310,-1.09,10,1441.525830078125
5311,-2.0700000000000003,10,1746.6805114746094
5312,-1.09,10,1862.7319458007812
5313,-1.09,10,1645.0520050048829
5314,0.95,6,1770.5702463785808
5315,-1.58,10,1786.3452209472657
5316,0.98,3,2279.941935221354
5317,0.96,5,1681.8113525390625
5318,-1.09,10,2126.23359375
5319,-1.06,7,1152.3945835658483
5320,-1.09,10,1527.722021484375
5321,-1.09,10,1604.5642578125
5322,0.94,7,1317.1079973493304
5323,-1.57,9,2169.913818359375
5324,-1.09,10,2154.8492431640625
5325,-1.09,10,1961.65732421875
5326,-1.58,10,1814.4500122070312
5327,-1.53,5,1782.5650268554687
5328,-1.51,3,1601.555399576823
5329,-1.05,6,2030.5917561848958
5330,-1.09,10,1851.2950073242187
5331,0.98,3,1374.775390625
5332,-1.04,5,1872.521435546875
5333,-1.02,3,1600.6800944010417
5334,-1.02,3,1463.6731770833333
5335,-1.09,10,2451.4142456054688
5336,-1.02,3,1553.2314453125
5337,-1.51,3,2089.7021484375
5338,-1.09,10,1926.469140625
5339,-1.09,10,1930.0477294921875
5340,0.92,9,1840.6618041992188
5341,-1.05,6,1703.827372233073
5342,-1.09,10,2064.5356323242186
5343,-1.09,10,1698.0904541015625
5344,0.92,9,1714.6814371744792
5345,-1.05,6,1938.4106038411458
5346,-1.05,6,2075.2652587890625
5347,-1.58,10,1384.6631958007813
5348,0.42999999999999994,9,2053.4474487304688
5349,-1.09,10,1955.9441833496094
5350,0.98,3,2435.6361490885415
5351,-1.57,9,1425.429924858941
5352,0.92,9,1983.0770874023438
5353,-1.09,10,1916.3317504882812
5354,-1.09,10,1917.5238037109375
5355,-1.09,10,1755.2446350097657
5356,-1.09,10,2228.2674194335937
5357,-1.09,10,2746.5781127929686
5358,-1.09,10,1850.9853515625
5359,-1.09,10,1683.0505432128907
5360,-1.51,3,2565.8048502604165
5361,-1.09,10,1725.8663513183594
5362,0.42999999999999994,9,2102.698920355903
5363,-1.07,8,1911.9545135498047
5364,-1.55,7,1700.9037824358259
5365,-1.09,10,1896.117987060547
5366,-1.07,8,2105.27303314209
5367,-5.08,9,2401.793687608507
5368,-5.53,5,1934.8768310546875
5369,0.97,4,2120.905517578125
5370,-1.58,10,2299.442626953125
5371,-1.09,10,1822.0914306640625
5372,-1.09,10,1515.7960083007813
5373,-1.06,7,1542.34965297154
5374,-1.09,10,1662.3643127441405
5375,4.0,3,1650.447265625
5376,4.98,3,2067.8966064453125
5377,-1.05,6,1747.4674886067708
5378,-1.58,10,1875.9821166992188
5379,-1.09,10,2620.360009765625
5380,4.98,3,1477.4228922526042
5381,-1.09,10,1724.5287109375
5382,-0.020000000000000018,5,1274.27958984375
5383,-1.05,6,2003.426737467448
5384,-1.58,10,2589.5426635742188
5385,-1.04,5,1992.652490234375
5386,-1.02,3,1595.6514892578125
5387,-1.04,5,1891.5933349609375
5388,0.44999999999999996,7,1718.9635968889509
5389,-1.58,10,1992.6412353515625
5390,-1.07,8,2277.446044921875
5391,0.92,9,1841.8372938368057
5392,-5.55,7,1917.188223702567
5393,0.95,6,1935.1839192708333
5394,-5.03,4,2653.4732666015625
5395,-5.07,8,2050.464828491211
5396,0.96,5,2382.4641357421874
5397,4.46,6,1992.1180013020833
5398,-1.09,10,2287.083172607422
5399,-1.09,10,2034.6566040039063
5400,0.97,4,2266.537353515625
5401,4.94,7,1433.1248604910713
5402,-1.04,5,2526.000439453125
5403,-1.05,6,1866.1730346679688
5404,0.42999999999999994,9,2436.019327799479
5405,-1.09,10,2113.043322753906
5406,-1.09,10,2251.6115844726564
5407,0.48,4,2115.442138671875
5408,-1.09,10,2084.7845764160156
5409,-1.04,5,1958.984033203125
5410,-1.09,10,2123.178356933594
5411,-1.02,3,2559.0904947916665
5412,-0.020000000000000018,5,1663.7177734375
5413,-1.09,10,1778.0521728515625
5414,-1.05,6,1888.1407572428386
5415,-1.09,10,2427.3356323242188
5416,-1.06,7,2614.4311174665177
5417,-1.09,10,2063.5227111816407
5418,-1.06,7,1921.2750418526787
5419,-2.01,4,2058.056915283203
5420,-1.09,10,1826.5582397460937
5421,-1.09,10,1864.6559997558593
5422,-1.09,10,1937.516455078125
5423,-5.04,5,1435.4040283203126
5424,-1.09,10,1993.3106506347656
5425,-1.09,10,2138.4586181640625
5426,-1.09,10,1490.404559326172
5427,-1.09,10,2147.885595703125
5428,-1.09,10,2033.9290649414063
5429,-1.09,10,1949.206494140625
5430,-1.09,10,2225.7459228515627
5431,-1.05,6,2023.5438232421875
5432,0.44999999999999996,7,2050.0791015625
5433,-1.09,10,1678.7177307128907
5434,-1.05,6,2093.9261881510415
5435,-1.09,10,2743.4391479492188
5436,-1.04,5,2259.559375
5437,0.95,6,1769.2282104492188
5438,-1.02,3,2353.3048095703125
5439,-1.09,10,2075.886090087891
5440,-1.08,9,2229.7384033203125
5441,0.97,4,1343.5290069580078
5442,-1.04,5,2159.016748046875
5443,0.98,3,1943.9791259765625
5444,-1.09,10,2218.782995605469
5445,-1.03,4,2030.8438720703125
5446,-1.06,7,2504.8337751116073
5447,-0.030000000000000027,6,2526.5010986328125
5448,0.9299999999999999,8,2334.627975463867
5449,-1.06,7,2179.945486886161
5450,0.94,7,2176.314278738839
5451,-1.58,10,2207.2317504882812
5452,-1.09,10,1876.6006958007813
5453,-1.09,10,1751.1108154296876
5454,-1.02,3,2541.1070963541665
5455,-1.58,10,2575.7292236328126
5456,-1.09,10,2188.0254760742187
5457,-1.58,10,1834.4608154296875
5458,-1.09,10,2245.5936279296875
5459,0.47,5,2136.1545166015626
5460,-1.09,10,2345.683642578125
5461,-1.53,5,2171.715087890625
5462,-1.09,10,2157.347863769531
5463,0.9299999999999999,8,1933.9985046386719
5464,-1.09,10,2549.8376953125
5465,-1.04,5,2632.93369140625
5466,-1.09,10,1770.97900390625
5467,-1.09,10,1958.39765625
5468,0.97,4,1848.935806274414
5469,0.47,5,2757.7782470703123
5470,-1.51,3,2823.4789225260415
5471,0.95,6,1549.2806396484375
5472,-1.06,7,1997.7075718470983
5473,-1.09,10,2220.1367095947267
5474,-1.09,10,2165.94365234375
5475,-1.09,10,3002.7764526367187
5476,-1.09,10,2567.077490234375
5477,-1.09,10,2572.239013671875
5478,0.49,3,2422.0491536458335
5479,-1.09,10,1992.2720825195313
5480,-1.09,10,2160.9239013671877
5481,-1.02,3,2381.6805013020835
5482,4.94,7,2037.8690011160713
5483,-1.04,5,1799.4775268554688
5484,-1.58,10,2576.005908203125
5485,-1.58,10,2313.343194580078
5486,0.98,3,2841.9976399739585
5487,-1.04,5,1946.698388671875
5488,-1.52,4,2034.0884246826172
5489,-1.09,10,2337.4094482421874
5490,0.97,4,2738.2091064453125
5491,-1.09,10,1937.0855834960937
5492,0.92,9,1807.0829535590278
5493,-1.02,3,1853.5463460286458
5494,-1.03,4,2096.3541259765625
5495,-1.04,5,2223.475537109375
5496,-1.58,10,2727.911572265625
5497,-1.09,10,2294.102783203125
5498,-1.02,3,1506.6252848307292
5499,-5.07,8,2189.8208770751953
5500,4.98,3,1981.0880330403645
5501,-1.09,10,2173.5056884765627
5502,0.42999999999999994,9,2227.1090630425347
5503,-1.08,9,1680.670945909288
5504,-1.09,10,2281.4242431640623
5505,-1.04,5,1930.3531494140625
5506,-1.09,10,1579.4801391601563
5507,0.43999999999999995,8,2586.523391723633
5508,-1.09,10,2356.9889282226563
5509,0.95,6,2336.627970377604
5510,-1.09,10,2890.419079589844
5511,0.92,9,2399.379408094618
5512,-1.04,5,1862.4916015625
5513,0.96,5,2521.234130859375
5514,0.94,7,2047.4427490234375
5515,-1.09,10,1875.2653503417969
5516,0.47,5,2111.207568359375
5517,4.95,6,2305.9202270507812
5518,4.96,5,2173.331884765625
5519,0.97,4,2047.5314636230469
5520,-1.58,10,2159.5598083496093
5521,4.95,6,2370.5670572916665
5522,4.93,8,2386.603416442871
5523,-1.02,3,1996.2267659505208
5524,0.96,5,2192.7796264648437
5525,-1.07,8,2136.157272338867
5526,-1.09,10,2642.6632568359373
5527,-1.09,10,1960.6249084472656
5528,0.49,3,2359.043986002604
5529,-5.02,3,2485.67041015625
5530,-1.09,10,2549.6176147460938
5531,-1.09,10,2483.663037109375
5532,-1.09,10,2479.047265625
5533,-1.09,10,2433.8991088867188
5534,-1.02,3,1961.979736328125
5535,-1.04,5,1631.2925537109375
5536,-1.09,10,2359.9608154296875
5537,-1.09,10,2094.281787109375
5538,-1.02,3,2828.9510498046875
5539,0.98,3,1960.8875325520833
5540,0.94,7,2403.4489397321427
5541,-1.04,5,2596.9182861328127
5542,-1.09,10,2446.2068359375
5543,-1.09,10,3135.8818237304686
5544,-1.09,10,2586.7189331054688
5545,-1.58,10,2625.9750732421876
5546,-5.08,9,2917.655558268229
5547,-1.09,10,2461.5292236328123
5548,-5.08,9,2448.7398817274307
5549,-1.09,10,2302.5109619140626
5550,-5.5600000000000005,8,1904.1247787475586
5551,-1.09,10,1883.7638854980469
5552,-1.09,10,2582.764306640625
5553,4.94,7,2818.7828281947545
5554,-5.08,9,1738.8746202256943
5555,-5.03,4,1769.996353149414
5556,-1.09,10,1985.2489990234376
5557,4.96,5,2047.270556640625
5558,0.95,6,2520.4117431640625
5559,-1.09,10,2068.389776611328
5560,-1.09,10,2624.419287109375
5561,-1.09,10,2017.2179626464845
5562,-5.03,4,2127.8775329589844
5563,4.95,6,3064.553507486979
5564,-1.09,10,2135.0785278320313
5565,-1.09,10,2627.712371826172
5566,-1.09,10,1989.7109497070312
5567,4.98,3,2369.396728515625
5568,0.9299999999999999,8,1837.2011795043945
5569,-1.09,10,1852.0151672363281
5570,-1.05,6,2217.8198038736978
5571,-1.02,3,2001.5626627604167
5572,-1.02,3,1657.7814127604167
5573,0.97,4,2487.1746215820312
5574,0.98,3,2289.2832845052085
5575,0.96,5,2259.0662353515627
5576,0.48,4,2290.574951171875
5577,-1.09,10,2157.4926147460938
5578,-1.09,10,2307.7370849609374
5579,-1.09,10,2068.26748046875
5580,0.47,5,1999.3790649414063
5581,-1.05,6,2153.244425455729
5582,-1.09,10,2831.670764160156
5583,-1.09,10,2207.183459472656
5584,-1.58,10,1926.0486572265625
5585,-1.09,10,2242.1526306152346
5586,-1.09,10,2535.618762207031
5587,-1.58,10,2252.151806640625
5588,-1.09,10,2508.781945800781
5589,-1.07,8,1617.8704376220703
5590,-5.02,3,2679.5940755208335
5591,-5.5600000000000005,8,1681.8114929199219
5592,-1.09,10,2465.0678894042967
5593,-1.09,10,1892.7491455078125
5594,-1.09,10,2118.476837158203
5595,-1.09,10,2452.4243408203124
5596,-1.09,10,2131.801788330078
5597,0.98,3,3399.6295166015625
5598,-1.57,9,2042.538798014323
5599,-1.09,10,2251.2854125976564
5600,-1.06,7,2274.769757952009
5601,0.95,6,2915.0838216145835
5602,0.9299999999999999,8,2677.911575317383
5603,-1.09,10,2274.9866455078127
5604,-1.58,10,2262.267431640625
5605,-1.07,8,1706.669677734375
5606,-1.02,3,2640.681844075521
5607,-1.09,10,2270.6594970703127
5608,-1.09,10,2390.1077514648437
5609,-1.09,10,3258.775537109375
5610,0.98,3,3546.6649576822915
5611,-1.09,10,2129.751330566406
5612,-1.09,10,2974.1868286132812
5613,0.98,3,3253.5895182291665
5614,-1.09,10,2816.7678344726564
5615,-5.07,8,3026.4138946533203
5616,-1.58,10,2489.219689941406
5617,-1.09,10,2407.726885986328
5618,-1.51,3,2037.8181966145833
5619,-1.09,10,2985.4135009765623
5620,4.95,6,2356.6815592447915
5621,-1.09,10,2046.7925842285156
5622,0.98,3,2323.8372395833335
5623,0.98,3,2362.8988037109375
5624,-1.09,10,2124.296008300781
5625,-1.09,10,2322.458386230469
5626,-1.09,10,2489.618701171875
5627,-1.09,10,2872.321667480469
5628,-1.58,10,2103.48115234375
5629,-1.06,7,2610.8143223353795
5630,-1.09,10,2017.797833251953
5631,-1.09,10,2219.168634033203
5632,-1.09,10,2213.780163574219
5633,-1.09,10,1947.492626953125
5634,-1.09,10,1996.432861328125
5635,-1.06,7,1801.440883091518
5636,-1.06,7,2667.061052594866
5637,-0.010000000000000009,4,3133.4405822753906
5638,-1.09,10,2374.845086669922
5639,-1.06,7,2508.9131208147323
5640,-1.09,10,2636.1380615234375
5641,-1.09,10,2677.621826171875
5642,-1.09,10,2177.679638671875
5643,4.49,3,2432.4334309895835
5644,4.93,8,2449.6675415039062
5645,-5.02,3,5259.867024739583
5646,-1.09,10,2906.098681640625
5647,0.98,3,2248.5997721354165
5648,-1.09,10,2324.4152099609373
5649,4.97,4,2371.8589782714844
5650,4.93,8,3063.0699920654297
5651,4.96,5,2745.6318359375
5652,-1.09,10,2092.6428955078127
5653,3.99,4,2400.375701904297
5654,-1.58,10,2219.6481079101563
5655,-5.03,4,2870.7843322753906
5656,0.96,5,1971.2481201171875
5657,-1.05,6,1761.8555704752605
5658,-1.09,10,2581.47724609375
5659,-1.09,10,2645.6937255859375
5660,4.98,3,2529.9554850260415
5661,-5.03,4,2869.8070068359375
5662,4.98,3,1843.1598103841145
5663,4.47,5,2161.003369140625
5664,-1.07,8,2550.487777709961
5665,-1.09,10,2069.813916015625
5666,-1.57,9,2744.4737684461807
5667,-5.05,6,2834.3265380859375
5668,4.97,4,2265.8141479492188
5669,-1.09,10,2279.0304931640626
5670,-1.09,10,2581.8702880859373
5671,4.94,7,2687.9569963727677
5672,0.96,5,2321.3035522460937
5673,-5.02,3,2107.7890625
5674,-1.09,10,2487.435986328125
5675,-1.09,10,2727.5655517578125
5676,-1.09,10,2901.3174072265624
5677,-1.58,10,2009.5557373046875
5678,4.98,3,2352.4629720052085
5679,-1.09,10,2304.140869140625
5680,-5.08,9,2366.397508409288
5681,-1.03,4,3071.8753662109375
5682,-1.58,10,2629.481396484375
5683,-1.09,10,2871.2205078125
5684,-1.58,10,2860.8053588867188
5685,-1.09,10,2552.4401306152345
5686,-1.09,10,1766.4342102050782
5687,-1.05,6,2482.2345072428384
5688,-1.09,10,2593.8381958007812
5689,4.46,6,2726.944539388021
5690,-5.02,3,1964.853271484375
5691,-1.05,6,1492.1648356119792
5692,-1.09,10,2293.2474060058594
5693,0.97,4,3448.7008056640625
5694,-1.09,10,2153.9037963867186
5695,-5.53,5,3543.719140625
5696,-5.07,8,1945.1803970336914
5697,-1.09,10,2862.84697265625
5698,0.98,3,3065.8604329427085
5699,-1.09,10,2460.0865173339844
5700,-1.09,10,2461.272119140625
5701,-1.09,10,2229.7914306640623
5702,-1.09,10,2194.034143066406
5703,-1.02,3,1877.6859944661458
5704,-1.09,10,2713.3249084472654
5705,-1.09,10,2494.868615722656
5706,-1.09,10,2793.601916503906
5707,-1.58,10,2577.732861328125
5708,-1.09,10,2523.56962890625
5709,-1.09,10,2520.765185546875
5710,-1.09,10,2947.63876953125
5711,0.97,4,2243.1234741210938
5712,-1.05,6,2434.6315104166665
5713,-1.03,4,3542.037109375
5714,-1.09,10,2153.6236267089844
5715,-1.09,10,2839.6289184570314
5716,-1.09,10,1657.42578125
5717,-1.09,10,2650.7949951171877
5718,-1.09,10,2864.9507080078124
5719,-1.09,10,2425.386859130859
5720,-1.09,10,2595.9922119140624
5721,-1.04,5,2504.7428955078126
5722,4.4399999999999995,8,2007.4790802001953
5723,-5.51,3,1844.2850748697917
5724,-1.58,10,3221.6141967773438
5725,-1.09,10,1996.1713256835938
5726,-5.02,3,2512.0408528645835
5727,-1.09,10,2970.088970947266
5728,-1.02,3,2708.087687174479
5729,-1.09,10,2831.6843505859374
5730,-1.09,10,2432.7764099121096
5731,-1.09,10,2321.4555725097657
5732,-1.09,10,2270.6720581054688
5733,0.94,7,2827.67911202567
5734,-1.09,10,2712.4302612304687
5735,-2.02,5,2116.1412109375
5736,-1.56,8,2939.5215911865234
5737,-1.09,10,3017.78623046875
5738,-1.09,10,2568.305810546875
5739,-1.09,10,2753.1220581054686
5740,4.94,7,2898.0606776646205
5741,-5.03,4,2295.032196044922
5742,0.98,3,2660.4114583333335
5743,-1.09,10,2536.462188720703
5744,-1.03,4,2516.851043701172
5745,-1.09,10,2197.8892578125
5746,-1.58,10,2848.0776245117186
5747,0.9299999999999999,8,2311.346908569336
5748,-1.02,3,2835.9017740885415
5749,-1.09,10,2236.092639160156
5750,-1.58,10,2523.9699584960936
5751,-1.09,10,2427.632116699219
5752,-1.09,10,2451.213897705078
5753,-1.09,10,2674.057568359375
5754,-1.58,10,2855.142822265625
5755,-1.09,10,2891.697802734375
5756,-1.09,10,2840.662548828125
5757,0.94,7,2920.563494001116
5758,0.9299999999999999,8,2730.5098571777344
5759,-1.05,6,2843.9957275390625
5760,-1.09,10,2379.4996337890625
5761,-1.09,10,1978.2265930175781
5762,-1.09,10,2643.3434448242188
5763,-1.09,10,2984.3322265625
5764,0.96,5,3438.082666015625
5765,0.97,4,2413.4309997558594
5766,-1.07,8,3237.5199584960938
5767,-1.02,3,2574.9266357421875
5768,-1.09,10,2363.8759155273438
5769,-1.58,10,2312.946185302734
5770,-1.04,5,1963.8010009765626
5771,-1.09,10,2099.847967529297
5772,-1.58,10,2930.2823974609373
5773,0.96,5,3193.815869140625
5774,-1.09,10,2273.8480590820313
5775,-1.58,10,2370.830358886719
5776,-1.09,10,2683.5329467773436
5777,-1.58,10,2308.057092285156
5778,-1.09,10,2680.2944396972657
5779,-1.03,4,3168.305389404297
5780,-1.57,9,2735.401597764757
5781,-1.09,10,2954.2937866210937
5782,0.9299999999999999,8,2750.553176879883
5783,-1.09,10,2534.491345214844
5784,0.94,7,2175.380126953125
5785,4.97,4,2104.3443298339844
5786,-1.09,10,2994.2102661132812
5787,-1.09,10,1994.159912109375
5788,-1.09,10,3065.3674560546874
5789,-1.09,10,2760.751116943359
5790,-1.09,10,1923.2355712890626
5791,4.96,5,3097.040673828125
5792,-1.09,10,2400.6689697265624
5793,-1.58,10,2607.4126586914062
5794,-1.07,8,2483.3047790527344
5795,-1.09,10,2087.148077392578
5796,-1.07,8,2254.396942138672
5797,-1.09,10,2511.6515563964845
5798,-1.03,4,2789.2955322265625
5799,-1.09,10,2581.6591186523438
5800,-1.09,10,2012.678125
5801,-1.09,10,3142.433233642578
5802,-1.09,10,2837.137109375
5803,-1.09,10,2772.6015869140624
5804,-1.04,5,3103.870166015625
5805,-1.09,10,2656.7662353515625
5806,-1.09,10,2812.0980712890623
5807,-5.55,7,2271.2589372907364
5808,0.95,6,2080.0278523763022
5809,-1.09,10,1898.013409423828
5810,-1.03,4,2744.3826904296875
5811,0.9299999999999999,8,2794.734100341797
5812,-1.09,10,2668.6822509765625
5813,4.4399999999999995,8,2939.824058532715
5814,-1.09,10,3093.6730346679688
5815,-5.08,9,2983.2798122829863
5816,0.48,4,2967.8195190429688
5817,-1.03,4,2918.057861328125
5818,-1.09,10,2861.343212890625
5819,-1.58,10,2450.4054321289063
5820,-1.52,4,2358.8532104492188
5821,-1.09,10,2325.59521484375
5822,0.47,5,2446.69619140625
5823,-1.09,10,2891.5159240722655
5824,-1.09,10,2525.7428283691406
5825,4.93,8,2937.6524810791016
5826,4.98,3,2371.6839192708335
5827,-1.09,10,2201.635400390625
5828,-1.06,7,2982.6165945870534
5829,0.95,6,2767.7772216796875
5830,0.94,7,3248.8242536272323
5831,-1.09,10,3019.2527099609374
5832,-1.02,3,2480.934611002604
5833,-1.09,10,2678.020361328125
5834,-1.09,10,2153.334259033203
5835,-1.58,10,2069.4261840820313
5836,-1.09,10,3383.2070861816405
5837,-1.09,10,2497.3033935546873
5838,-1.09,10,2551.2338989257814
5839,4.95,6,1759.2717895507812
5840,-1.09,10,1937.7504028320313
5841,-1.09,10,2033.4964233398437
5842,0.94,7,1816.7562604631696
5843,4.98,3,3622.9268391927085
5844,4.92,9,2877.6213107638887
5845,0.43999999999999995,8,2163.4395141601562
5846,0.96,5,2487.288720703125
5847,-1.09,10,2861.149169921875
5848,0.92,9,2836.2075466579863
5849,-1.09,10,2414.141229248047
5850,-1.09,10,2602.577667236328
5851,-1.09,10,3012.509167480469
5852,-1.09,10,2184.7880859375
5853,-1.09,10,2333.8727844238283
5854,-1.09,10,2056.8618774414062
5855,-1.09,10,2981.1997192382814
5856,-1.09,10,3056.7438720703126
5857,-1.09,10,3056.128955078125
5858,0.95,6,2676.4801025390625
5859,-5.08,9,2642.448201497396
5860,0.95,6,2900.9483235677085
5861,-1.58,10,3262.1898803710938
5862,-1.09,10,2989.3384033203124
5863,-1.09,10,2861.735009765625
5864,4.47,5,3012.84609375
5865,4.98,3,2499.8668619791665
5866,-1.58,10,2721.5070190429688
5867,-1.09,10,3133.77001953125
5868,0.96,5,2878.8563232421875
5869,0.42999999999999994,9,2465.413628472222
5870,-1.58,10,2422.550048828125
5871,4.93,8,2748.2758178710938
5872,4.94,7,2653.4360002790177
5873,0.43999999999999995,8,2742.2022247314453
5874,-5.02,3,3258.9874674479165
5875,-1.09,10,2318.1724365234377
5876,-1.09,10,3125.9179443359376
5877,-5.06,7,2816.790597098214
5878,-1.03,4,2243.9637451171875
5879,-5.03,4,3072.6068115234375
5880,0.9299999999999999,8,2726.065658569336
5881,-5.08,9,2830.0054524739585
5882,-5.54,6,2825.788859049479
5883,-1.04,5,2679.99619140625
5884,-1.09,10,2666.9796875
5885,-1.09,10,2171.0845703125
5886,-1.58,10,2566.3839721679688
5887,-1.09,10,2751.668377685547
5888,-1.09,10,2580.53271484375
5889,-1.09,10,2478.2863159179688
5890,-1.06,7,1920.38916015625
5891,0.98,3,3551.1004231770835
5892,-1.09,10,2579.140234375
5893,-1.09,10,2831.7747314453127
5894,-1.09,10,1990.6465454101562
5895,-1.09,10,2913.0875
5896,4.97,4,4196.3779296875
5897,-1.53,5,3053.7754638671877
5898,-5.53,5,3110.242919921875
5899,-1.09,10,2778.149206542969
5900,-5.51,3,2238.581339518229
5901,-5.07,8,2076.6068954467773
5902,-1.09,10,2792.115869140625
5903,-1.09,10,2559.0635375976562
5904,-1.58,10,2589.8117065429688
5905,-5.54,6,2874.3892211914062
5906,-1.06,7,2765.4584612165177
5907,-1.58,10,3261.1925415039063
5908,-1.07,8,3539.6842041015625
5909,-1.09,10,2541.6884948730467
5910,-1.04,5,3161.968701171875
5911,-1.09,10,2208.621795654297
5912,-1.09,10,2489.6375244140627
5913,-1.03,4,2012.6371765136719
5914,-1.09,10,3213.8819274902344
5915,-1.09,10,2370.200714111328
5916,-1.58,10,2397.081677246094
5917,-1.09,10,3225.5530639648437
5918,4.4399999999999995,8,2879.072265625
5919,0.95,6,2703.191935221354
5920,4.92,9,3079.296440972222
5921,-5.05,6,2976.4671834309897
5922,-1.07,8,2675.1509704589844
5923,4.43,9,2475.6373901367188
5924,-1.51,3,2830.1600341796875
5925,4.94,7,3006.995832170759
5926,-1.09,10,2389.6928283691404
5927,0.97,4,3300.9086303710938
5928,-1.03,4,3922.2389526367188
5929,-1.09,10,2725.292858886719
5930,0.97,4,3164.3139038085938
5931,-1.09,10,2695.26162109375
5932,-1.09,10,2311.6611877441405
5933,-1.09,10,2853.0239013671876
5934,-6.01,4,2433.779998779297
5935,4.97,4,2876.5443725585938
5936,4.97,4,2957.7328186035156
5937,-1.58,10,2737.4910278320312
5938,-1.04,5,2550.4067626953124
5939,-1.09,10,2477.0335083007812
5940,-1.09,10,2976.720361328125
5941,-5.03,4,1475.4253387451172
5942,-5.51,3,2682.008056640625
5943,-1.09,10,3121.026086425781
5944,-1.09,10,3164.469873046875
5945,0.94,7,2799.5371442522323
5946,-1.58,10,2721.76123046875
5947,-1.09,10,2773.8680786132813
5948,-1.02,3,3562.184326171875
5949,-1.09,10,2813.244580078125
5950,-1.58,10,2672.9333984375
5951,-1.09,10,2696.6235900878905
5952,0.97,4,3270.95458984375
5953,4.92,9,2743.158969455295
5954,-1.09,10,3152.7037353515625
5955,-1.09,10,3110.5190673828124
5956,4.96,5,2835.044482421875
5957,-1.09,10,2701.7964721679687
5958,-1.09,10,2670.8390625
5959,0.97,4,2728.419921875
5960,-2.0700000000000003,10,2643.7283447265627
5961,-1.09,10,2377.230084228516
5962,-1.09,10,2015.3020141601562
5963,-5.08,9,1932.6561279296875
5964,-5.03,4,4270.122741699219
5965,-1.58,10,2966.2385131835936
5966,-1.09,10,2846.0271484375
5967,-1.09,10,3328.9693115234377
5968,-1.09,10,2209.7524291992186
5969,-1.09,10,2398.455419921875
5970,4.95,6,3349.467732747396
5971,4.92,9,1648.441426595052
5972,-5.03,4,3118.53857421875
5973,-1.09,10,2688.9674682617188
5974,-5.53,5,2274.970983886719
5975,-5.03,4,2863.9039916992188
5976,-1.09,10,2673.291223144531
5977,-1.09,10,3653.5569580078127
5978,-1.09,10,2337.429315185547
5979,4.96,5,2947.5142578125
5980,4.94,7,2526.5227486746653
5981,-1.09,10,2580.84609375
5982,-1.09,10,2478.950714111328
5983,0.47,5,3443.697216796875
5984,-1.09,10,2452.585827636719
5985,4.98,3,1293.9475504557292
5986,-1.09,10,3073.369763183594
5987,-5.02,3,4782.377848307292
5988,4.98,3,2805.9434407552085
5989,0.97,4,2179.5125732421875
5990,-1.09,10,2715.035925292969
5991,-1.58,10,2655.5185791015624
5992,-1.54,6,1689.2225138346355
5993,4.96,5,2508.617150878906
5994,-1.09,10,3243.9322998046873
5995,-1.09,10,3435.581298828125
5996,-1.09,10,2923.225244140625
5997,0.9299999999999999,8,3221.1893310546875
5998,-1.58,10,3236.92197265625
5999,-1.09,10,2818.52158203125
6000,-1.09,10,3378.958288574219
6001,-1.09,10,2391.4989318847656
6002,-1.09,10,2892.9995239257814
6003,-5.06,7,3167.5401436941966
6004,4.94,7,1728.7565133231026
6005,0.95,6,3029.6970418294272
6006,-1.53,5,2905.054541015625
6007,-1.09,10,3678.010876464844
6008,0.98,3,1690.2406412760417
6009,-1.09,10,2758.0119750976564
6010,-5.04,5,2200.041748046875
6011,-1.09,10,2912.3522216796873
6012,-1.09,10,2525.3229736328126
6013,-1.09,10,2579.5901123046874
6014,-1.06,7,2647.4604840959823
6015,-5.53,5,2517.203955078125
6016,-1.58,10,3286.645886230469
6017,-1.09,10,2774.129473876953
6018,-1.02,3,2030.5621541341145
6019,0.95,6,3211.623819986979
6020,-1.09,10,3673.5767333984377
6021,-1.09,10,2507.305798339844
6022,-1.58,10,3181.6146850585938
6023,-1.09,10,2861.78154296875
6024,-1.09,10,3016.584753417969
6025,0.98,3,3874.472452799479
6026,-1.58,10,3682.8880126953127
6027,-1.09,10,2611.737268066406
6028,-1.09,10,3873.8766662597654
6029,-1.09,10,2823.9981201171877
6030,-1.02,3,2544.561075846354
6031,-1.09,10,2159.1458984375
6032,-1.09,10,3254.535791015625
6033,-1.09,10,2843.74736328125
6034,4.98,3,3953.5277506510415
6035,-1.09,10,2547.4758911132812
6036,-1.09,10,3128.710723876953
6037,-1.58,10,3377.251416015625
6038,0.97,4,2724.0455932617188
6039,-1.09,10,2509.8212341308595
6040,-1.09,10,2389.1217041015625
6041,-1.09,10,2392.8033752441406
6042,-1.09,10,3081.114855957031
6043,-1.09,10,2320.8664672851564
6044,4.98,3,1755.7305908203125
6045,-5.04,5,3512.916162109375
6046,4.98,3,1797.3337809244792
6047,-1.09,10,3227.21708984375
6048,-1.09,10,2528.1782958984377
6049,-1.09,10,2908.643035888672
6050,-1.58,10,3098.1251708984373
6051,0.9299999999999999,8,2941.5888061523438
6052,-1.58,10,3046.4708984375
6053,-1.09,10,2859.0539794921874
6054,0.98,3,1753.3516438802083
6055,-1.09,10,4001.60654296875
6056,-1.09,10,2574.3556884765626
6057,-1.09,10,2485.420306396484
6058,-1.09,10,2589.9482177734376
6059,0.98,3,3150.465128580729
6060,-1.09,10,2710.3585571289063
6061,-1.05,6,2341.7559814453125
6062,-1.09,10,2972.220422363281
6063,-1.58,10,2892.0230712890625
6064,0.49,3,2581.8678385416665
6065,-1.09,10,3647.4704467773436
6066,-1.09,10,2664.0189453125
6067,-1.09,10,3454.2136840820312
6068,0.97,4,2519.866180419922
6069,-1.53,5,3449.653564453125
6070,-5.07,8,2295.2132720947266
6071,-1.09,10,3473.733746337891
6072,4.96,5,2838.6225341796876
6073,-5.08,9,2916.922268337674
6074,-1.09,10,2254.6460693359377
6075,-1.58,10,3159.9957763671873
6076,-1.09,10,3222.52890625
6077,-1.09,10,3224.8153747558595
6078,-1.09,10,3542.591162109375
6079,-1.58,10,3786.336669921875
6080,-1.09,10,3288.088513183594
6081,-1.09,10,3139.9142211914063
6082,-1.09,10,3289.7868774414064
6083,-1.51,3,2160.2861328125
6084,-5.07,8,3179.472122192383
6085,-0.020000000000000018,5,1984.600537109375
6086,-1.09,10,2318.052569580078
6087,-1.07,8,2871.051742553711
6088,-1.08,9,2867.248053656684
6089,-1.09,10,3028.6114807128906
6090,-1.09,10,2968.0473388671876
6091,-1.09,10,4076.456298828125
6092,-1.09,10,3190.2202270507814
6093,0.96,5,2188.926904296875
6094,-1.09,10,3642.63193359375
6095,-1.58,10,2721.5355224609375
6096,0.98,3,3456.9403483072915
6097,-1.04,5,2707.442333984375
6098,-1.03,4,2386.4729919433594
6099,-1.09,10,2820.116357421875
6100,-1.58,10,2878.7441528320314
6101,-1.08,9,3954.2450358072915
6102,-1.09,10,2854.641564941406
6103,0.43999999999999995,8,3689.0467834472656
6104,-1.07,8,2734.8507919311523
6105,-5.08,9,2811.6365966796875
6106,-1.09,10,3589.7808837890625
6107,-5.05,6,3594.0409952799478
6108,-1.06,7,3545.5806012834823
6109,-1.09,10,2954.85927734375
6110,-1.09,10,2532.4662231445313
6111,-1.09,10,3462.9753845214846
6112,-1.09,10,2621.50439453125
6113,-1.09,10,3606.2385986328127
6114,-1.09,10,2772.227783203125
6115,-1.06,7,2680.8409598214284
6116,-1.04,5,2577.32568359375
6117,0.45999999999999996,6,2637.3525594075522
6118,-1.07,8,3329.2582397460938
6119,-1.56,8,3332.1444091796875
6120,-1.58,10,3017.0936767578123
6121,-1.52,4,3519.9939575195312
6122,-1.09,10,3318.754345703125
6123,0.9299999999999999,8,3098.841033935547
6124,-1.02,3,5088.4140625
6125,-1.09,10,2618.050506591797
6126,-1.09,10,3333.698028564453
6127,-1.09,10,2818.001501464844
6128,-1.05,6,3282.1687825520835
6129,-1.09,10,3280.8927612304688
6130,0.98,3,3526.4883626302085
6131,-1.05,6,3491.8361002604165
6132,-6.0,3,2509.3258056640625
6133,-5.03,4,3409.3017578125
6134,4.94,7,2872.6808035714284
6135,-1.09,10,2973.0422180175783
6136,-1.09,10,3303.5463256835938
6137,4.98,3,2655.6946614583335
6138,-1.58,10,3285.8201416015627
6139,-1.09,10,2923.5970703125
6140,-1.09,10,2705.2582885742186
6141,-1.09,10,3089.06142578125
6142,-1.09,10,3463.6044677734376
6143,-2.0700000000000003,10,3144.4892456054686
6144,-1.03,4,3631.58984375
6145,-1.09,10,3760.1626098632814
6146,-1.09,10,3563.495263671875
6147,-1.09,10,2940.745080566406
6148,-1.58,10,2605.704638671875
6149,-1.52,4,3720.0599365234375
6150,-1.09,10,3635.607373046875
6151,-1.09,10,3798.80224609375
6152,-1.58,10,3225.1420654296876
6153,-1.58,10,2848.469775390625
6154,-1.09,10,3016.878137207031
6155,4.4399999999999995,8,3994.4083557128906
6156,-1.09,10,2803.977685546875
6157,0.97,4,2578.837646484375
6158,-1.56,8,3510.2124633789062
6159,-1.09,10,3250.0738891601563
6160,-1.09,10,3914.927490234375
6161,-1.03,4,4179.020935058594
6162,-1.09,10,3622.2576293945312
6163,-1.09,10,3873.1224609375
6164,0.97,4,4298.1396484375
6165,-1.09,10,3568.69638671875
6166,-1.09,10,3484.4440063476563
6167,-1.09,10,3681.7621215820313
6168,-1.09,10,2541.1919799804687
6169,-1.09,10,2541.256976318359
6170,-1.09,10,3164.8083984375
6171,-1.05,6,2885.9071451822915
6172,4.92,9,2490.0628594292534
6173,-1.09,10,3607.0063232421876
6174,-1.09,10,4001.6625244140623
6175,-5.07,8,3627.0543670654297
6176,0.45999999999999996,6,2707.182902018229
6177,0.9299999999999999,8,3551.667709350586
6178,-1.09,10,4083.763134765625
6179,0.96,5,3192.7317138671874
6180,-1.09,10,2787.38603515625
6181,4.47,5,3902.56669921875
6182,0.96,5,2690.485107421875
6183,-1.09,10,2986.2443603515626
6184,-1.09,10,3898.2603759765625
6185,-1.09,10,3335.9150268554686
6186,-1.58,10,3218.149267578125
6187,-1.09,10,3262.0874267578124
6188,-1.09,10,2072.0202392578126
6189,0.95,6,3711.921101888021
6190,-1.08,9,3670.6846516927085
6191,0.94,7,2775.2746058872767
6192,-1.09,10,3348.847314453125
6193,0.49,3,2552.3128255208335
6194,-1.09,10,3458.2159057617187
6195,0.94,7,3225.7412109375
6196,-1.09,10,3448.7003173828125
6197,-1.09,10,3180.1304565429687
6198,-1.05,6,2741.1973876953125
6199,0.94,7,4310.0107421875
6200,-1.52,4,3744.7354736328125
6201,-1.09,10,3850.9041259765627
6202,-1.09,10,2986.75498046875
6203,0.97,4,2860.8768920898438
6204,-1.02,3,3569.06396484375
6205,-1.09,10,3006.0676513671874
6206,-1.58,10,2866.1783142089844
6207,-1.05,6,3031.6925659179688
6208,-1.09,10,2850.682507324219
6209,-1.06,7,3462.1304059709823
6210,-1.09,10,3733.603076171875
6211,-1.09,10,3008.7107177734374
6212,-2.0700000000000003,10,4536.806494140625
6213,0.97,4,3147.8804931640625
6214,-5.54,6,2795.0717569986978
6215,0.92,9,4351.099853515625
6216,-5.04,5,2650.9974609375
6217,-1.09,10,3038.237744140625
6218,-1.09,10,3195.154187011719
6219,0.9299999999999999,8,3330.9183197021484
6220,4.97,4,4522.839111328125
6221,-1.09,10,4144.666967773437
6222,0.48,4,2512.829391479492
6223,-1.09,10,4107.305981445313
6224,0.9299999999999999,8,4164.9093017578125
6225,-1.55,7,4485.163922991072
6226,-1.09,10,3715.1433349609374
6227,-1.09,10,2791.33828125
6228,-5.03,4,4253.788391113281
6229,-1.09,10,3970.1715576171873
6230,-1.09,10,3656.3593505859376
6231,-1.03,4,3995.47509765625
6232,-1.58,10,3387.733251953125
6233,-1.51,3,2631.8794759114585
6234,-1.09,10,3485.560302734375
6235,-1.04,5,1739.4908935546875
6236,-1.07,8,3726.104217529297
6237,-1.02,3,3571.2205403645835
6238,-1.09,10,3766.22119140625
6239,-1.09,10,3798.071728515625
6240,0.94,7,4365.185023716518
6241,-1.09,10,3852.8504028320312
6242,-1.09,10,4098.216003417969
6243,-1.09,10,2990.0756958007814
6244,-1.04,5,4133.240087890625
6245,-1.09,10,4071.7871337890624
6246,0.47,5,2932.302880859375
6247,-1.58,10,3789.0440185546877
6248,-1.51,3,4538.874267578125
6249,0.95,6,3032.537556966146
6250,-1.57,9,3512.0577256944443
6251,0.9299999999999999,8,2897.2723693847656
6252,-1.09,10,3151.585791015625
6253,-1.07,8,2621.8748474121094
6254,0.95,6,3673.051228841146
6255,0.96,5,3870.224609375
6256,0.98,3,3568.1806640625
6257,-1.09,10,4798.358642578125
6258,-1.09,10,3358.887243652344
6259,0.45999999999999996,6,2943.4546712239585
6260,-2.0,3,3880.0498046875
6261,-1.51,3,2947.72021484375
6262,-1.06,7,3663.2338344029017
6263,-1.09,10,2965.083215332031
6264,-1.04,5,3900.875390625
6265,-1.09,10,3156.9331909179687
6266,-1.09,10,3991.0709228515625
6267,-1.09,10,2808.0566162109376
6268,-1.09,10,3325.35009765625
6269,-5.51,3,4189.231363932292
6270,-1.09,10,3111.627819824219
6271,-1.09,10,4167.576184082031
6272,-1.09,10,4076.3701416015624
6273,-1.09,10,3499.367333984375
6274,-1.08,9,4497.50732421875
6275,-1.09,10,3886.347375488281
6276,-5.04,5,3764.87197265625
6277,-1.09,10,2881.48349609375
6278,-1.58,10,3422.422119140625
6279,0.98,3,3309.8693033854165
6280,-1.04,5,3714.9300537109375
6281,0.95,6,2746.3953247070312
6282,0.97,4,3139.2220764160156
6283,-1.09,10,3391.931494140625
6284,-1.09,10,2808.5562744140625
6285,-1.02,3,2859.7430826822915
6286,-1.09,10,3893.6835693359376
6287,-1.09,10,4064.042724609375
6288,-1.09,10,3608.4067504882814
6289,-1.09,10,4131.104296875
6290,-1.07,8,3575.1539001464844
6291,4.98,3,3110.113037109375
6292,4.97,4,3926.7117309570312
6293,-1.04,5,4001.6379638671874
6294,-1.09,10,2642.6607421875
6295,-1.04,5,4115.941796875
6296,-1.09,10,3538.1835693359376
6297,4.92,9,3480.4982638888887
6298,4.45,7,3309.878173828125
6299,-1.09,10,3708.99951171875
6300,-1.09,10,3268.0116455078123
6301,4.95,6,3276.6678059895835
6302,-5.06,7,2532.2843191964284
6303,-1.58,10,3174.2493408203127
6304,-1.09,10,4623.188818359375
6305,0.49,3,3902.1859537760415
6306,-1.58,10,4133.268444824219
6307,-1.09,10,4296.072351074219
6308,-5.06,7,3851.2079031808034
6309,-1.09,10,3683.95302734375
6310,-1.09,10,3065.6047241210936
6311,-1.09,10,3084.7101318359373
6312,-1.09,10,3901.488488769531
6313,-1.09,10,3905.304931640625
6314,-1.09,10,4071.16376953125
6315,-1.02,3,3291.2632649739585
6316,-1.09,10,2763.798046875
6317,-1.09,10,3578.7696044921877
6318,-1.58,10,4165.703100585937
6319,-1.09,10,3650.9237854003904
6320,-1.04,5,4515.456201171875
6321,-6.0,3,3290.290242513021
6322,-1.05,6,4234.288818359375
6323,-1.09,10,3107.6636962890625
6324,-1.58,10,3130.4194946289062
6325,-1.09,10,3429.37705078125
6326,-1.09,10,3655.83056640625
6327,-5.55,7,3489.9682965959823
6328,-1.09,10,3969.378515625
6329,-1.09,10,2623.8788818359376
6330,0.92,9,2926.642862955729
6331,-1.04,5,2674.729443359375
6332,0.98,3,3175.8328450520835
6333,-1.09,10,3779.742810058594
6334,-5.03,4,2373.4434204101562
6335,-1.09,10,2749.5543701171873
6336,-1.06,7,3119.124982561384
6337,4.95,6,3616.4927571614585
6338,-1.09,10,3671.9147705078126
6339,-1.09,10,3474.366650390625
6340,-1.09,10,2645.6382446289062
6341,0.98,3,2437.2609049479165
6342,0.96,5,2555.94248046875
6343,-1.09,10,3747.3623779296877
6344,-1.09,10,3563.849084472656
6345,-1.09,10,3892.71630859375
6346,-1.09,10,4518.42421875
6347,-5.06,7,3353.6478271484375
6348,-1.09,10,3666.397265625
6349,-1.09,10,3286.9408752441404
6350,-1.09,10,3360.6807556152344
6351,-1.09,10,3817.3920776367186
6352,-1.09,10,3886.5324462890626
6353,-1.09,10,3364.25224609375
6354,-5.06,7,3559.164568219866
6355,-1.09,10,4346.444580078125
6356,-1.58,10,3504.9956787109377
6357,-1.09,10,3862.3736328125
6358,-5.51,3,2235.6215006510415
6359,-1.08,9,4032.669379340278
6360,0.98,3,2780.793253580729
6361,-1.06,7,3980.706787109375
6362,0.9299999999999999,8,3818.8836669921875
6363,-1.09,10,3371.6171997070314
6364,-1.05,6,4062.5761515299478
6365,-1.03,4,3612.126708984375
6366,-1.07,8,3683.5120239257812
6367,-1.09,10,3223.0112182617186
6368,-1.09,10,4471.942944335938
6369,-1.09,10,3167.2224609375
6370,-1.09,10,3385.6080688476563
6371,-1.09,10,3164.8154418945314
6372,-1.09,10,3366.423828125
6373,-1.09,10,3888.75615234375
6374,-1.09,10,4414.729504394531
6375,-5.04,5,2305.3255859375
6376,-1.02,3,3622.1080729166665
6377,-1.02,3,4254.795166015625
6378,-1.58,10,3260.10771484375
6379,-1.58,10,2890.89970703125
6380,-1.09,10,3109.2644104003907
6381,-1.09,10,4352.874487304687
6382,-1.09,10,3948.70263671875
6383,-1.09,10,3360.11328125
6384,-5.04,5,3537.0385498046876
6385,-1.04,5,4285.15380859375
6386,-1.09,10,3413.8777465820312
6387,0.95,6,3322.7071329752603
6388,-1.09,10,3982.8608642578124
6389,-1.03,4,4095.4139404296875
6390,-1.09,10,3196.431433105469
6391,-1.58,10,3607.2102294921874
6392,-1.09,10,4252.897485351563
6393,-1.02,3,3479.1271158854165
6394,-5.06,7,4429.245029994419
6395,-1.09,10,4003.3293701171874
6396,4.92,9,3948.3541802300347
6397,-5.5600000000000005,8,3560.2637481689453
6398,-1.09,10,3892.9771362304687
6399,-1.09,10,3679.36181640625
6400,-1.09,10,3050.8880981445313
6401,-1.09,10,3956.6083984375
6402,-1.09,10,4031.47724609375
6403,4.96,5,3481.01875
6404,4.94,7,3138.100272042411
6405,-1.09,10,3774.8588989257814
6406,-5.02,3,5636.13525390625
6407,-5.02,3,2697.4607747395835
6408,-1.09,10,4067.1763671875
6409,0.97,4,2468.155059814453
6410,-1.09,10,4315.621362304688
6411,0.48,4,3594.7826538085938
6412,0.49,3,1631.627176920573
6413,-1.58,10,4800.361254882812
6414,-5.04,5,4521.786767578125
6415,-1.09,10,3571.294641113281
6416,-1.09,10,4195.796557617187
6417,-1.09,10,4250.347204589843
6418,-1.02,3,5202.6256917317705
6419,-1.09,10,3805.5904907226563
6420,-1.09,10,4105.41708984375
6421,-1.09,10,3525.205944824219
6422,-1.07,8,4139.554962158203
6423,-1.03,4,3253.737060546875
6424,-1.58,10,3512.150280761719
6425,-5.5600000000000005,8,3912.0665283203125
6426,4.98,3,2130.2969563802085
6427,4.97,4,4223.895202636719
6428,-5.02,3,3254.9571533203125
6429,4.92,9,3610.7613389756943
6430,-5.02,3,3677.6490071614585
6431,-5.05,6,4091.3394775390625
6432,-1.09,10,2893.5684814453125
6433,0.97,4,3670.850067138672
6434,0.98,3,3991.3533528645835
6435,-1.04,5,3133.225634765625
6436,-1.03,4,3556.8671875
6437,4.97,4,3453.1744995117188
6438,-1.09,10,4306.573132324219
6439,0.96,5,3492.6480712890625
6440,-1.05,6,4550.095784505208
6441,0.96,5,3999.093505859375
6442,0.98,3,4199.366373697917
6443,-1.06,7,3143.8723493303573
6444,4.96,5,2566.221728515625
6445,-5.04,5,4187.645458984375
6446,-1.09,10,4060.2364990234373
6447,-1.09,10,3518.1973388671877
6448,-1.58,10,4812.0250244140625
6449,4.49,3,2865.413533528646
6450,-5.06,7,3790.1405203683034
6451,-1.58,10,3131.4723999023436
6452,0.97,4,4347.042785644531
6453,-1.06,7,3983.5984933035716
6454,-1.09,10,4499.777685546875
6455,-1.58,10,3745.989013671875
6456,-1.09,10,3817.1559326171873
6457,-1.09,10,3426.52314453125
6458,-1.04,5,2976.300537109375
6459,0.95,6,3230.8869425455728
6460,0.49,3,3427.601318359375
6461,-1.04,5,3006.8560546875
6462,0.96,5,3551.2864501953127
6463,-1.54,6,4191.7330322265625
6464,-1.09,10,4585.72578125
6465,-1.09,10,3684.859423828125
6466,-1.09,10,5148.549658203125
6467,-1.58,10,4278.949951171875
6468,-1.09,10,3772.3855590820312
6469,0.95,6,3562.4624837239585
6470,4.96,5,3270.91142578125
6471,-1.09,10,3581.5891845703127
6472,-1.04,5,3070.494580078125
6473,-1.52,4,3912.3950805664062
6474,-1.07,8,4336.755859375
6475,-1.09,10,4131.128100585937
6476,-1.09,10,3681.9038818359377
6477,0.45999999999999996,6,3770.0248209635415
6478,-1.02,3,3862.6338704427085
6479,-1.58,10,3996.50205078125
6480,-1.09,10,3957.028564453125
6481,0.94,7,3488.7807268415177
6482,-1.09,10,4839.121801757812
6483,-1.09,10,4244.929162597657
6484,-1.04,5,3319.5123779296873
6485,-1.09,10,3699.146875
6486,-1.09,10,3804.4970581054686
6487,-1.09,10,3667.0925537109374
6488,4.47,5,3072.72890625
6489,-5.02,3,2840.2333170572915
6490,-1.09,10,4045.4060546875
6491,-1.09,10,3666.0165771484376
6492,-1.02,3,3166.3224283854165
6493,0.97,4,2264.836181640625
6494,-1.09,10,3530.6909912109377
6495,-1.09,10,4451.58798828125
6496,0.98,3,2339.718790690104
6497,-1.02,3,4505.02783203125
6498,-1.58,10,3317.75029296875
6499,-1.09,10,3874.502160644531
6500,-0.020000000000000018,5,4632.43427734375
6501,-1.09,10,4299.7591552734375
6502,0.97,4,4112.1241455078125
6503,-1.58,10,3700.9520263671875
6504,-1.09,10,3103.4290161132812
6505,-1.02,3,3667.0396321614585
6506,0.97,4,4357.038513183594
6507,-1.09,10,3473.5355224609375
6508,-1.58,10,3792.289587402344
6509,-1.09,10,3904.907958984375
6510,-1.09,10,3765.702673339844
6511,-1.51,3,4587.903157552083
6512,4.95,6,3730.56689453125
6513,4.94,7,3976.5548270089284
6514,4.97,4,3847.624755859375
6515,-1.04,5,5888.2845703125
6516,-1.09,10,4747.746313476562
6517,-1.04,5,4498.5703125
6518,-5.03,4,4121.607604980469
6519,-1.09,10,4120.161962890625
6520,-1.09,10,4014.4806274414063
6521,4.49,3,3931.0222981770835
6522,-1.58,10,3961.345166015625
6523,-1.55,7,4208.193987165178
6524,0.96,5,3424.831494140625
6525,-5.05,6,3456.202433268229
6526,-1.58,10,3395.6133544921877
6527,-1.09,10,3556.956439208984
6528,-1.09,10,3770.224658203125
6529,-1.03,4,3605.5340576171875
6530,-1.58,10,3996.835205078125
6531,4.97,4,3654.5418090820312
6532,-1.09,10,2849.835339355469
6533,-1.09,10,4629.265576171875
6534,-1.09,10,4156.996728515625
6535,0.43999999999999995,8,4245.703094482422
6536,0.98,3,2848.1144205729165
6537,-1.09,10,3899.5774169921874
6538,-1.08,9,3644.6888834635415
6539,-1.09,10,4236.171411132813
6540,-1.02,3,4009.1083984375
6541,-1.58,10,4701.50927734375
6542,-2.0,3,5104.108561197917
6543,-1.05,6,4169.664713541667
6544,-1.09,10,3687.3302978515626
6545,-1.09,10,4356.847094726562
6546,0.95,6,3396.197062174479
6547,-1.09,10,3998.0612548828126
6548,-1.06,7,4443.189348493303
6549,-1.58,10,4479.650341796875
6550,-1.09,10,3761.5138671875
6551,0.95,6,4126.173095703125
6552,-1.09,10,3833.7901611328125
6553,-1.09,10,3288.7101440429688
6554,-1.51,3,3135.0576171875
6555,-1.06,7,4300.748988560268
6556,-5.02,3,4543.294514973958
6557,-1.09,10,3540.5174560546875
6558,-1.06,7,3466.7476981026784
6559,-1.09,10,3801.1995361328127
6560,-1.09,10,4468.627270507813
6561,4.95,6,4424.0944417317705
6562,0.92,9,3261.0775689019097
6563,-1.09,10,3684.507666015625
6564,4.94,7,3287.585205078125
6565,-5.06,7,4428.53728376116
6566,-1.09,10,3880.6984375
6567,-1.09,10,4696.141174316406
6568,-1.02,3,2679.090087890625
6569,-1.58,10,3873.7788330078124
6570,-1.09,10,4703.339038085937
6571,-1.58,10,3532.767224121094
6572,-1.58,10,4055.373486328125
6573,-1.09,10,3641.6996948242186
6574,-1.58,10,3992.168798828125
6575,0.98,3,4581.149332682292
6576,-1.03,4,3530.0781860351562
6577,-1.09,10,4366.091284179687
6578,-1.09,10,4390.937805175781
6579,-1.09,10,4230.228295898438
6580,-1.09,10,3488.69013671875
6581,-1.58,10,3723.4069702148436
6582,-1.58,10,4878.991955566406
6583,-1.09,10,4407.188513183593
6584,0.0,3,3986.1140950520835
6585,4.43,9,4262.719875759549
6586,-1.09,10,4312.855310058594
6587,4.92,9,3913.8557942708335
6588,4.93,8,3312.9767150878906
6589,-1.09,10,4170.958666992187
6590,-1.09,10,4779.438391113281
6591,-1.09,10,4526.593908691406
6592,-1.03,4,4669.8934326171875
6593,-1.06,7,4489.849155970982
6594,-1.09,10,4056.958642578125
6595,-1.09,10,4741.83486328125
6596,-1.09,10,3657.6731689453127
6597,-1.09,10,4133.7751953125
6598,-1.09,10,4526.279833984375
6599,0.98,3,4261.9659423828125
6600,-1.09,10,4774.857397460937
6601,4.48,4,2694.3687744140625
6602,-1.09,10,3492.5635498046877
6603,-1.09,10,4821.873193359375
6604,0.98,3,4690.321940104167
6605,-1.09,10,3763.2928466796875
6606,0.94,7,4125.475202287947
6607,-1.09,10,3989.2451904296877
6608,-1.09,10,4149.49599609375
6609,-1.09,10,4920.454736328125
6610,-1.09,10,5066.99658203125
6611,4.94,7,3255.9193987165177
6612,-1.09,10,4051.7494384765623
6613,-1.09,10,4053.7818603515625
6614,-1.09,10,4200.0518798828125
6615,0.98,3,4427.20751953125
6616,4.49,3,4280.178548177083
6617,-2.0700000000000003,10,3537.699816894531
6618,-5.05,6,4863.1422119140625
6619,-1.09,10,4746.013354492187
6620,-1.53,5,3873.45888671875
6621,-1.05,6,5546.503011067708
6622,-1.08,9,4049.3276638454863
6623,-1.09,10,3558.4364990234376
6624,-2.01,4,6250.9742431640625
6625,0.0,3,3841.8414713541665
6626,-1.09,10,4236.267822265625
6627,-1.09,10,3998.2946533203126
6628,-1.57,9,4423.989732530382
6629,-1.09,10,4714.243994140625
6630,-1.09,10,4618.408520507813
6631,-1.58,10,4587.15751953125
6632,-1.09,10,4406.31162109375
6633,-1.09,10,4416.295629882812
6634,0.94,7,6157.744489397322
6635,-1.09,10,4559.608361816407
6636,-1.09,10,4504.017919921875
6637,0.98,3,4765.090006510417
6638,-1.02,3,4811.525553385417
6639,0.94,7,5217.91911969866
6640,4.92,9,4399.339409722223
6641,-1.09,10,4228.297924804688
6642,-1.06,7,4216.455043247768
6643,-1.09,10,4171.616015625
6644,-6.0,3,3725.10693359375
6645,-1.09,10,4240.352465820312
6646,-1.58,10,3691.9161865234373
6647,-1.09,10,4328.472998046875
6648,-1.09,10,4633.283410644532
6649,-1.04,5,4497.031005859375
6650,-1.58,10,3934.6739501953125
6651,-1.55,7,3709.5374581473216
6652,-1.09,10,4489.457421875
6653,-1.58,10,3886.9020385742188
6654,-5.05,6,5710.074788411458
6655,4.94,7,4116.250453404018
6656,-1.09,10,3773.890173339844
6657,-1.58,10,4285.832092285156
6658,-1.09,10,4735.890124511719
6659,-1.09,10,4506.9521484375
6660,-1.09,10,3476.049072265625
6661,0.97,4,3623.9002685546875
6662,-1.08,9,4645.161810980902
6663,-1.09,10,4261.866186523437
6664,-1.09,10,3300.239294433594
6665,-1.09,10,4566.918969726563
6666,-1.09,10,4500.185888671875
6667,-1.03,4,5857.701416015625
6668,0.95,6,4660.2254638671875
6669,-1.09,10,4491.977954101562
6670,-1.09,10,3609.814111328125
6671,-1.02,3,5286.507080078125
6672,-1.03,4,6237.5408935546875
6673,-5.04,5,3519.67255859375
6674,-1.09,10,5082.681970214844
6675,-1.58,10,4144.983227539063
6676,0.98,3,3701.23974609375
6677,0.94,7,4173.08447265625
6678,-1.09,10,4152.7735595703125
6679,-1.09,10,4248.499975585937
6680,-6.01,4,4695.3531494140625
6681,-1.09,10,3636.0734741210936
6682,4.96,5,4569.75537109375
6683,-1.09,10,3355.85244140625
6684,-1.04,5,4781.88681640625
6685,-1.09,10,4251.472387695312
6686,-1.09,10,4415.956079101563
6687,0.92,9,3182.237046983507
6688,0.96,5,3157.6097900390623
6689,-1.58,10,4751.264990234375
6690,-1.09,10,4479.313525390625
6691,-1.58,10,3958.6906005859373
6692,-1.04,5,4625.402563476562
6693,-1.52,4,3847.2711791992188
6694,-1.09,10,4854.577001953125
6695,-1.09,10,2854.866015625
6696,-1.09,10,4511.327111816407
6697,0.94,7,4245.0654296875
6698,4.0,3,3860.165283203125
6699,-1.07,8,5701.271331787109
6700,-1.03,4,3325.4635620117188
6701,-1.09,10,4058.3806396484374
6702,-1.06,7,4456.54150390625
6703,-1.58,10,3902.9412841796875
6704,0.98,3,5482.714192708333
6705,-1.09,10,4561.0389404296875
6706,0.92,9,3191.9580349392363
6707,-1.09,10,3537.7483093261717
6708,-1.05,6,3793.4388020833335
6709,-1.09,10,3840.7650390625
6710,-5.07,8,4033.718536376953
6711,-1.08,9,3773.950249565972
6712,-1.09,10,3414.043798828125
6713,-2.0,3,4488.978841145833
6714,-1.09,10,3799.5284912109373
6715,-1.09,10,4517.853735351562
6716,-1.07,8,3661.932159423828
6717,0.95,6,3330.3058064778647
6718,-1.09,10,3981.189099121094
6719,-1.09,10,3609.4149169921875
6720,-1.09,10,3832.330126953125
6721,-1.09,10,4270.01591796875
6722,-1.55,7,3850.2232840401784
6723,-1.09,10,4441.834301757813
6724,-1.09,10,3603.3833129882814
6725,4.95,6,4609.388671875
6726,-1.09,10,4734.725061035157
6727,-5.03,4,4375.995361328125
6728,-5.05,6,3016.3618977864585
6729,-5.07,8,4682.8646240234375
6730,-1.09,10,4346.0877685546875
6731,-1.09,10,4160.406591796875
6732,-1.09,10,3383.180310058594
6733,-1.09,10,4865.050561523438
6734,-1.05,6,4247.12548828125
6735,-1.09,10,3068.9226806640627
6736,-1.58,10,3886.9775268554686
6737,-1.09,10,3773.9043701171877
6738,-1.09,10,4642.021484375
6739,-1.51,3,4034.6167805989585
6740,-1.09,10,5073.23046875
6741,-1.03,4,4593.643493652344
6742,-1.09,10,4600.806176757813
6743,-1.09,10,5839.440380859375
6744,-1.09,10,3605.676025390625
6745,-1.09,10,4761.408666992187
6746,-1.58,10,2708.181103515625
6747,-1.02,3,3592.7151692708335
6748,-1.09,10,4621.895678710937
6749,-1.04,5,5530.734912109375
6750,-1.09,10,4815.082177734375
6751,-1.58,10,4006.2345703125
6752,-1.09,10,3512.1425170898438
6753,-5.05,6,3867.166300455729
6754,-1.09,10,4425.300158691406
6755,-1.58,10,4785.932104492187
6756,-5.02,3,4738.132649739583
6757,-1.09,10,4810.639208984375
6758,-1.06,7,3410.0832170758927
6759,-1.09,10,4615.770190429687
6760,-1.09,10,3676.2753662109376
6761,0.95,6,3600.2589721679688
6762,4.94,7,4023.5296805245534
6763,-1.09,10,4056.254150390625
6764,-5.05,6,3875.513671875
6765,-1.09,10,3952.524072265625
6766,-1.58,10,4226.274926757813
6767,-1.04,5,4521.226318359375
6768,-1.09,10,4435.766467285156
6769,-1.58,10,4134.512231445313
6770,-5.06,7,3197.1829833984375
6771,-1.09,10,4867.714306640625
6772,-1.58,10,4141.990771484375
6773,-1.09,10,3385.942626953125
6774,-1.09,10,3574.4398559570313
6775,-5.03,4,6194.2713623046875
6776,-1.58,10,3598.7777465820313
6777,-1.09,10,5056.104760742188
6778,-1.09,10,4121.865454101562
6779,4.94,7,4049.9272809709823
6780,-1.09,10,4569.324365234375
6781,-1.02,3,4048.1064453125
6782,-1.58,10,5451.012463378906
6783,-1.58,10,3535.2433227539063
6784,-5.03,4,3786.8971557617188
6785,-1.09,10,5009.3336181640625
6786,0.95,6,4729.593892415364
6787,-1.09,10,3444.086633300781
6788,4.45,7,3563.5689871651784
6789,-5.04,5,5547.0396484375
6790,-1.06,7,4035.6052594866073
6791,0.95,6,4234.566080729167
6792,4.93,8,4552.30859375
6793,-1.09,10,4205.213330078125
6794,-1.09,10,4457.913842773438
6795,-1.09,10,4957.991381835937
6796,-1.09,10,3664.018896484375
6797,-1.09,10,3000.2007690429687
6798,-1.09,10,4836.636645507812
6799,-1.06,7,5306.708339146206
6800,0.97,4,5545.918701171875
6801,-1.09,10,4363.347180175781
6802,-1.57,9,4018.5091417100693
6803,-1.09,10,4264.07275390625
6804,-1.09,10,4279.6634521484375
6805,-1.06,7,4598.43425641741
6806,-1.04,5,3845.3939453125
6807,-1.09,10,4867.678198242187
6808,-1.09,10,4368.16640625
6809,-1.05,6,4524.016520182292
6810,-1.05,6,5193.030924479167
6811,0.95,6,4427.5319417317705
6812,-1.09,10,4963.78837890625
6813,-1.09,10,4399.7550048828125
6814,-1.09,10,5377.7742919921875
6815,-1.09,10,4219.564392089844
6816,-1.09,10,3982.4732055664062
6817,-1.02,3,3021.1626790364585
6818,-1.09,10,4525.496740722656
6819,0.96,5,3372.75439453125
6820,-1.09,10,3956.0004760742186
6821,-1.07,8,4218.3902587890625
6822,-1.02,3,5365.070231119792
6823,0.42999999999999994,9,4170.906412760417
6824,-1.09,10,4892.1759765625
6825,-1.09,10,4296.353186035156
6826,-1.09,10,4282.543920898437
6827,-1.09,10,4005.953564453125
6828,-1.09,10,4799.180834960937
6829,-1.09,10,3730.675244140625
6830,-1.58,10,6123.054663085937
6831,-1.09,10,4777.776098632812
6832,-5.04,5,4209.77197265625
6833,-1.09,10,4475.870373535156
6834,-1.05,6,4625.7055257161455
6835,-1.58,10,4829.374157714844
6836,-1.58,10,4927.220166015625
6837,-1.09,10,4409.504248046875
6838,-1.06,7,4559.632742745535
6839,-1.09,10,4605.272485351563
6840,-1.09,10,4743.7482421875
6841,-5.02,3,5041.700032552083
6842,4.93,8,3727.3009490966797
6843,-1.09,10,4384.469677734375
6844,-1.09,10,3935.9082641601562
6845,-1.04,5,4977.675341796875
6846,4.47,5,4627.628955078125
6847,-1.09,10,3607.9994384765623
6848,-1.09,10,5173.992602539062
6849,-1.09,10,4770.92197265625
6850,-1.09,10,3819.1390747070313
6851,-5.53,5,3838.4078857421873
6852,-5.04,5,4440.7037353515625
6853,4.93,8,4614.546051025391
6854,0.94,7,5779.723109654018
6855,0.97,4,3949.418212890625
6856,-1.09,10,4486.264306640625
6857,-1.09,10,4679.2921142578125
6858,-1.09,10,4642.491552734375
6859,-1.09,10,3576.0134033203126
6860,0.9299999999999999,8,2993.4749145507812
6861,-1.09,10,3960.1830322265623
6862,-1.09,10,3747.4330200195313
6863,-1.09,10,4184.2337890625
6864,-1.02,3,3921.395751953125
6865,-1.09,10,4293.0565185546875
6866,-1.03,4,4239.240234375
6867,-1.09,10,4242.24931640625
6868,-1.09,10,5056.639379882812
6869,-1.09,10,3792.4432861328123
6870,0.45999999999999996,6,3075.2014973958335
6871,-1.09,10,4196.196154785156
6872,-1.09,10,4740.662133789063
6873,-1.09,10,4056.697314453125
6874,0.97,4,4974.3060302734375
6875,0.98,3,4673.6817626953125
6876,-1.09,10,3658.1119140625
6877,-1.02,3,2121.4256998697915
6878,0.9299999999999999,8,4815.058013916016
6879,0.97,4,2791.4578857421875
6880,-1.09,10,3991.928125
6881,-1.51,3,4290.7052001953125
6882,0.98,3,4997.41845703125
6883,-1.09,10,4542.360815429687
6884,-1.09,10,3615.8322631835936
6885,-1.09,10,5805.2977294921875
6886,-1.09,10,4194.71708984375
6887,-1.09,10,5341.526416015625
6888,-1.09,10,4169.768395996094
6889,-1.58,10,4561.283349609375
6890,-1.09,10,4155.460583496094
6891,-1.58,10,4738.240209960937
6892,4.97,4,4757.907958984375
6893,-1.09,10,5502.072680664062
6894,-1.09,10,5091.1623046875
6895,-1.09,10,5224.043896484375
6896,-1.58,10,4823.479418945312
6897,-1.09,10,5435.288989257812
6898,-1.09,10,4017.631396484375
6899,-1.09,10,4481.485766601562
6900,0.94,7,3971.845703125
6901,-1.58,10,4459.628491210938
6902,-1.09,10,4918.262670898437
6903,-1.09,10,2998.153076171875
6904,-1.55,7,4649.186000279018
6905,4.0,3,4878.738606770833
6906,-1.02,3,4153.651774088542
6907,-1.09,10,3960.4453125
6908,-1.09,10,4205.316589355469
6909,-1.08,9,5300.093288845486
6910,0.96,5,6010.21328125
6911,-1.03,4,4901.3834228515625
6912,-1.09,10,4572.318408203125
6913,-1.09,10,4719.148901367187
6914,-1.09,10,5901.136083984375
6915,-1.09,10,4130.985009765625
6916,0.9299999999999999,8,4764.634979248047
6917,-1.09,10,4105.228198242187
6918,-1.02,3,5497.033528645833
6919,-1.58,10,4141.40322265625
6920,-1.09,10,2763.02294921875
6921,0.92,9,5140.758490668402
6922,-1.58,10,4891.701062011719
6923,0.9299999999999999,8,4800.847930908203
6924,-1.09,10,5345.47060546875
6925,0.98,3,4328.770182291667
6926,-1.09,10,4674.756640625
6927,-1.09,10,5412.169921875
6928,-1.09,10,5108.007421875
6929,-1.09,10,4101.338098144532
6930,-1.58,10,4130.0506591796875
6931,4.98,3,5611.26611328125
6932,-1.58,10,4621.297290039062
6933,-1.09,10,3617.280969238281
6934,-1.09,10,4067.6350830078127
6935,-1.09,10,5486.305590820312
6936,-1.58,10,4623.8582763671875
6937,-1.09,10,4837.373767089844
6938,0.47,5,4326.84716796875
6939,-1.09,10,4718.9869140625
6940,-1.03,4,5323.560729980469
6941,-1.09,10,4722.50771484375
6942,-1.09,10,5146.869848632812
6943,-1.09,10,4617.624975585937
6944,-1.09,10,4524.467590332031
6945,-1.09,10,3854.6220947265624
6946,-6.0,3,6559.480305989583
6947,-5.02,3,7506.77880859375
6948,-1.09,10,4808.895129394531
6949,0.95,6,4762.356913248698
6950,-1.09,10,5102.43720703125
6951,-1.09,10,5271.7413330078125
6952,-1.09,10,5166.861572265625
6953,-1.05,6,3979.379150390625
6954,-1.07,8,5185.1949462890625
6955,-5.51,3,5389.28564453125
6956,-1.09,10,4577.234460449219
6957,0.96,5,4969.9103515625
6958,-1.09,10,5990.014233398438
6959,4.98,3,4239.063802083333
6960,-1.09,10,5227.58076171875
6961,-1.09,10,5862.355749511718
6962,-1.09,10,5087.307189941406
6963,-1.09,10,4903.756896972656
6964,-1.09,10,4514.8376953125
6965,-1.09,10,5063.72412109375
6966,-1.05,6,4776.29541015625
6967,-1.09,10,5636.593054199218
6968,-1.58,10,4212.017895507813
6969,0.96,5,5207.523828125
6970,-1.05,6,3636.2300008138022
6971,-1.09,10,4721.8524169921875
6972,0.47,5,4679.429541015625
6973,0.92,9,5046.444173177083
6974,-1.09,10,5181.837890625
6975,4.94,7,3520.544904436384
6976,-1.09,10,3756.2138244628904
6977,0.94,7,4848.636858258928
6978,-1.09,10,4119.560571289063
6979,-1.09,10,4230.2916259765625
6980,-1.09,10,3986.673876953125
6981,-5.05,6,4825.381103515625
6982,-1.09,10,4383.6781005859375
6983,-1.09,10,4877.826147460937
6984,-1.09,10,4180.775561523437
6985,-1.58,10,4978.4190673828125
6986,4.97,4,6565.8551025390625
6987,-5.55,7,5159.662493024553
6988,-5.08,9,4859.687337239583
6989,-1.09,10,5253.709399414062
6990,-1.09,10,4467.242602539062
6991,-1.09,10,4175.236682128906
6992,4.97,4,5044.251220703125
6993,-1.58,10,4860.065893554687
6994,-5.03,4,3334.594696044922
6995,-1.51,3,5747.791666666667
6996,-1.09,10,4732.045568847656
6997,-1.58,10,5297.186499023437
6998,-1.04,5,6739.6943359375
6999,0.9299999999999999,8,3949.79248046875
7000,-1.09,10,4698.992041015625
7001,-1.09,10,4572.951513671875
7002,-1.58,10,4779.1993408203125
7003,-1.09,10,4023.2550537109373
7004,-1.09,10,5314.7276611328125
7005,4.97,4,6159.4500732421875
7006,4.98,3,3540.7047526041665
7007,-1.58,10,4297.161437988281
7008,-1.09,10,4794.922192382813
7009,0.0,3,4179.994222005208
7010,-1.06,7,6853.217075892857
7011,0.95,6,3274.0887451171875
7012,-1.09,10,3643.8806030273436
7013,-1.06,7,3807.52978515625
7014,-1.56,8,3430.4774017333984
7015,0.97,4,6348.9560546875
7016,-1.03,4,4159.632751464844
7017,-1.09,10,4505.82705078125
7018,-1.09,10,4573.437805175781
7019,-1.09,10,3758.4708618164063
7020,-1.09,10,4462.324560546875
7021,-1.09,10,4824.203503417969
7022,-1.05,6,5019.427734375
7023,-1.09,10,5496.144677734375
7024,-2.0300000000000002,6,4987.3354899088545
7025,0.94,7,5014.767525809152
7026,-1.09,10,4248.158984375
7027,-1.58,10,5353.085473632813
7028,-2.0700000000000003,10,3476.8639404296873
7029,-1.09,10,4114.376721191406
7030,-1.09,10,4539.9048828125
7031,-1.09,10,5237.91748046875
7032,0.94,7,5532.65509905134
7033,-1.09,10,4422.375476074219
7034,-1.09,10,4735.95859375
7035,-1.06,7,5045.642717633928
7036,-1.03,4,3444.2931518554688
7037,-1.09,10,4395.476806640625
7038,-1.07,8,4605.667907714844
7039,-1.58,10,3524.9914794921874
7040,-1.09,10,5064.227368164063
7041,-1.09,10,3659.0606689453125
7042,-1.09,10,4996.033068847656
7043,-1.58,10,4735.944592285156
7044,-1.09,10,5333.168798828125
7045,0.97,4,5117.023193359375
7046,-1.09,10,4102.368029785156
7047,-1.09,10,5581.0091552734375
7048,-1.09,10,4973.839367675781
7049,-1.07,8,5712.1505126953125
7050,-1.09,10,3989.5392822265626
7051,-1.09,10,3777.9836181640626
7052,4.93,8,4879.039794921875
7053,-1.06,7,4228.751395089285
7054,-1.09,10,5960.32177734375
7055,-1.09,10,5036.55986328125
7056,-1.09,10,5617.4357421875
7057,-1.09,10,5324.992858886719
7058,-1.09,10,5339.211254882813
7059,-1.08,9,5293.443345811632
7060,0.94,7,4316.779697963169
7061,4.96,5,3944.426416015625
7062,0.97,4,3545.4772033691406
7063,-1.06,7,4551.52490234375
7064,-1.58,10,5132.831323242188
7065,-1.09,10,4974.041967773437
7066,-1.09,10,5542.998254394532
7067,-1.09,10,5455.972216796875
7068,-1.09,10,4793.4261474609375
7069,-1.09,10,4144.031744384765
7070,-1.09,10,4207.073950195312
7071,-1.02,3,4123.020589192708
7072,-1.03,4,3998.7079467773438
7073,-1.02,3,4580.584554036458
7074,-1.09,10,4953.8111328125
7075,-1.09,10,5844.23740234375
7076,-5.06,7,4603.266985212053
7077,-1.09,10,3942.467529296875
7078,-1.09,10,4372.71240234375
7079,0.9299999999999999,8,3969.8564453125
7080,-1.07,8,4895.050018310547
7081,0.9299999999999999,8,4522.254547119141
7082,-1.03,4,6294.727294921875
7083,-5.07,8,5213.136901855469
7084,-1.09,10,4438.893273925782
7085,-1.58,10,5032.676586914063
7086,0.92,9,3710.5584309895835
7087,-1.09,10,5110.714868164063
7088,-1.58,10,4044.1376953125
7089,-1.02,3,6036.865071614583
7090,-1.09,10,4575.990209960937
7091,0.98,3,5013.926595052083
7092,-1.09,10,4761.101672363281
7093,-1.04,5,3688.5212158203126
7094,-1.09,10,3760.8266845703124
7095,-1.09,10,4034.65888671875
7096,-1.58,10,5377.295947265625
7097,-1.09,10,4084.303369140625
7098,-1.09,10,4239.115222167969
7099,-5.04,5,4786.916796875
7100,-1.58,10,5142.910717773438
7101,-1.58,10,3860.418103027344
7102,4.43,9,4689.903130425348
7103,-5.05,6,4703.307373046875
7104,-1.58,10,5316.3489990234375
7105,4.46,6,5052.0087890625
7106,4.98,3,4350.397298177083
7107,-1.58,10,4619.240649414062
7108,-1.09,10,4948.828125
7109,-1.58,10,4252.077185058593
7110,-1.03,4,5911.421142578125
7111,-1.07,8,4441.228118896484
7112,0.97,4,3371.3484497070312
7113,-1.09,10,5703.53544921875
7114,-1.09,10,5162.149633789062
7115,-5.55,7,6265.891845703125
7116,-1.58,10,5272.663720703125
7117,-1.09,10,4731.132348632813
7118,-1.09,10,4304.938134765625
7119,-1.02,3,6141.669026692708
7120,0.44999999999999996,7,4931.350132533482
7121,-1.06,7,5735.255440848215
7122,-1.09,10,4348.4791015625
7123,-1.52,4,4738.6646728515625
7124,-1.09,10,3781.9526245117186
7125,0.92,9,5221.20703125
7126,-1.09,10,5455.05146484375
7127,-1.09,10,5109.128149414062
7128,-1.58,10,4913.851953125
7129,-1.52,4,4976.28955078125
7130,-1.09,10,4203.096252441406
7131,-1.09,10,4155.155493164062
7132,0.96,5,3891.6693359375
7133,-1.06,7,3272.4647391183034
7134,-1.09,10,4455.758972167969
7135,-1.09,10,5573.132568359375
7136,-1.09,10,5399.703210449219
7137,-1.09,10,4604.038403320313
7138,-1.09,10,3811.33046875
7139,-1.09,10,5153.889733886719
7140,0.94,7,4511.131243024553
7141,-1.09,10,4787.225390625
7142,-1.09,10,4392.844189453125
7143,-1.58,10,4245.741186523437
7144,-1.09,10,4983.083447265625
7145,-1.02,3,5407.3809000651045
7146,-1.09,10,6421.7607421875
7147,-1.09,10,4704.5086669921875
7148,-1.58,10,5886.5260009765625
7149,-1.05,6,4042.3568115234375
7150,-1.04,5,5245.288818359375
7151,0.98,3,5687.12158203125
7152,-1.08,9,4802.0378824869795
7153,0.49,3,4730.645426432292
7154,-1.09,10,5295.794506835938
7155,-1.09,10,4789.645727539062
7156,-1.03,4,5184.090759277344
7157,-1.09,10,5258.931958007813
7158,-1.58,10,4476.631518554687
7159,-1.09,10,5281.389404296875
7160,0.98,3,5424.261637369792
7161,-1.09,10,5046.267919921875
7162,-1.09,10,5498.766430664063
7163,0.94,7,4804.8175048828125
7164,-1.09,10,5584.534912109375
7165,-1.58,10,3866.7931640625
7166,-1.09,10,5425.739318847656
7167,-1.09,10,5470.14775390625
7168,-1.09,10,5132.032214355469
7169,-1.09,10,4510.694677734375
7170,-1.09,10,5400.510083007813
7171,-1.09,10,4894.35283203125
7172,-1.09,10,3467.0316650390623
7173,-1.09,10,4995.484509277344
7174,-1.09,10,5169.219067382813
7175,-1.09,10,5916.944018554687
7176,-1.09,10,4701.650939941406
7177,-1.09,10,4123.00048828125
7178,-1.09,10,4633.335034179688
7179,-1.09,10,5034.7453125
7180,-1.09,10,4848.615905761719
7181,0.9299999999999999,8,5240.556182861328
7182,-1.09,10,3878.4282470703124
7183,0.96,5,3879.716259765625
7184,-1.53,5,4991.154931640625
7185,-1.09,10,4708.155969238282
7186,-1.09,10,5378.814208984375
7187,-1.09,10,5420.079907226563
7188,-1.09,10,5484.307446289063
7189,4.95,6,4090.1883138020835
7190,-1.09,10,4418.31240234375
7191,-5.06,7,4845.778424944197
7192,-1.09,10,4525.888500976563
7193,-5.02,3,4316.987955729167
7194,-1.09,10,3759.598828125
7195,-1.58,10,3726.1635009765623
7196,-5.08,9,3314.410847981771
7197,-1.05,6,4073.841512044271
7198,-1.09,10,3714.263317871094
7199,-1.09,10,4038.9789306640623
7200,4.4399999999999995,8,5218.8377685546875
7201,-2.0700000000000003,10,3993.2170288085936
7202,0.97,4,6346.426086425781
7203,-1.04,5,3077.42666015625
7204,4.96,5,6021.33486328125
7205,-1.09,10,4200.2100830078125
7206,-1.09,10,4068.17578125
7207,0.94,7,4956.73015485491
7208,-1.57,9,3754.8155924479165
7209,-5.57,9,5554.141981336806
7210,-1.09,10,4200.062915039062
7211,4.95,6,4832.1599527994795
7212,-5.08,9,6451.498969184027
7213,-5.51,3,6509.9365234375
7214,0.0,3,4936.91357421875
7215,0.0,3,5020.2734375
7216,-1.09,10,4856.3887939453125
7217,-1.09,10,4824.071459960937
7218,-5.05,6,4349.813171386719
7219,0.97,4,2884.4260864257812
7220,-1.09,10,4565.948388671875
7221,-1.05,6,3833.8337198893228
7222,-1.09,10,3357.1718017578123
7223,0.97,4,4007.6868286132812
7224,-1.06,7,4803.914515904018
7225,-1.09,10,4429.4901123046875
7226,-1.09,10,4790.2578125
7227,-1.09,10,5006.840649414063
7228,-1.09,10,4349.92509765625
7229,-1.09,10,4236.981298828125
7230,4.95,6,3867.3609619140625
7231,-1.04,5,5956.69189453125
7232,-1.08,9,4026.2137315538193
7233,-1.09,10,3781.5742309570314
7234,-1.05,6,5486.152852376302
7235,-1.09,10,4085.08828125
7236,-1.07,8,4078.7626953125
7237,-1.09,10,5179.4976806640625
7238,-1.09,10,5164.98681640625
7239,0.97,4,5167.80419921875
7240,4.97,4,5004.5714111328125
7241,-5.05,6,5789.147481282552
7242,4.95,6,5034.174072265625
7243,-1.09,10,3986.4688720703125
7244,-1.09,10,5251.424169921875
7245,-1.09,10,3411.800390625
7246,-5.05,6,4619.3922119140625
7247,-1.09,10,3851.7096923828126
7248,4.98,3,2616.245890299479
7249,-5.54,6,5394.6474609375
7250,-1.09,10,5460.798022460937
7251,-1.09,10,4099.746179199219
7252,-1.09,10,4448.148498535156
7253,-1.09,10,4056.3033203125
7254,0.97,4,4205.67626953125
7255,-1.09,10,4593.09443359375
7256,-1.09,10,5471.687475585937
7257,-1.09,10,4337.603173828125
7258,-1.58,10,5044.066381835937
7259,-1.09,10,4111.2235107421875
7260,0.95,6,4291.535319010417
7261,-1.07,8,6307.124267578125
7262,-1.09,10,4387.1722412109375
7263,-1.05,6,4258.8046875
7264,-1.09,10,6067.3466796875
7265,-1.09,10,4110.0216796875
7266,-1.09,10,3694.0206909179688
7267,-1.58,10,5878.769995117187
7268,4.97,4,4234.106262207031
7269,4.96,5,4245.607397460937
7270,-1.09,10,5076.9802734375
7271,-1.09,10,4538.316333007812
7272,-1.53,5,4357.540283203125
7273,-1.07,8,4305.312072753906
7274,-1.07,8,4469.68408203125
7275,-1.08,9,3802.0340169270835
7276,0.98,3,4796.327962239583
7277,-1.09,10,4390.657202148437
7278,-1.09,10,5038.75498046875
7279,-1.09,10,4236.443994140625
7280,-5.02,3,3877.16357421875
7281,-5.08,9,3962.283053927951
7282,-1.09,10,4790.614526367188
7283,-1.09,10,4833.118090820312
7284,-1.09,10,4740.088598632812
7285,-1.58,10,3563.0239013671876
7286,-1.09,10,4448.118212890625
7287,-1.09,10,4516.275842285157
7288,-1.09,10,4593.074365234375
7289,-1.09,10,4973.761328125
7290,4.93,8,4817.119033813477
7291,-1.09,10,4673.315344238281
7292,4.96,5,3580.3615234375
7293,-5.03,4,4410.734100341797
7294,4.95,6,4658.7878824869795
7295,4.92,9,4705.231065538194
7296,-5.03,4,3364.78466796875
7297,-5.07,8,3578.7065353393555
7298,-1.09,10,4984.702416992188
7299,-1.09,10,5278.179150390625
7300,4.95,6,3671.369384765625
7301,-1.09,10,4002.4813842773438
7302,-1.09,10,5243.619653320313
7303,-1.09,10,4365.927746582031
7304,-1.09,10,4620.994311523437
7305,-5.02,3,3488.0924479166665
7306,4.97,4,3444.1442260742188
7307,4.94,7,3484.3871023995534
7308,-1.09,10,4393.502465820313
7309,4.95,6,4942.7515869140625
7310,-1.09,10,4483.489038085938
7311,-1.09,10,4229.187084960938
7312,-1.09,10,5263.582788085938
7313,4.92,9,4171.7732340494795
7314,-1.09,10,4647.084204101562
7315,0.92,9,4705.545030381944
7316,-1.03,4,3204.2816772460938
7317,-1.09,10,5075.383056640625
7318,-1.09,10,4700.6417236328125
7319,-1.58,10,5296.61875
7320,-1.09,10,4737.472033691406
7321,-1.06,7,3152.377110072545
7322,-1.09,10,4361.065747070313
7323,-1.09,10,4101.768493652344
7324,-1.09,10,3645.6727661132813
7325,4.96,5,3367.83837890625
7326,-1.09,10,5273.591687011719
7327,-1.09,10,4142.330432128906
7328,-1.58,10,5489.4315185546875
7329,0.97,4,4247.893371582031
7330,-1.02,3,3484.72216796875
7331,-1.09,10,4269.547479248047
7332,-1.09,10,3946.9875
7333,-1.09,10,3902.5587158203125
7334,-1.09,10,4137.497143554688
7335,-1.09,10,4945.064013671875
7336,-1.09,10,4127.290795898438
7337,-1.58,10,5108.751293945313
7338,-1.09,10,3962.9607177734374
7339,4.98,3,3445.024617513021
7340,-1.09,10,4182.030932617187
7341,-1.09,10,4140.499951171875
7342,-1.58,10,4415.110888671875
7343,-1.04,5,4038.986767578125
7344,-1.09,10,4004.3385498046873
7345,0.95,6,3617.072469075521
7346,-1.09,10,3433.614538574219
7347,-1.09,10,4962.036572265625
7348,-1.09,10,3986.581091308594
7349,4.94,7,5708.701799665178
7350,-1.09,10,3583.133996582031
7351,4.47,5,2715.9790771484377
7352,0.95,6,4597.0203857421875
7353,-1.06,7,3944.850027901786
7354,-1.04,5,4908.14013671875
7355,-5.07,8,4120.139404296875
7356,-1.09,10,3968.466943359375
7357,-1.09,10,4290.431787109375
7358,-1.09,10,4922.356640625
7359,0.96,5,3304.653662109375
7360,-1.07,8,4663.907257080078
7361,-1.54,6,4275.392659505208
7362,-1.09,10,5224.85234375
7363,-1.09,10,3350.7744750976562
7364,-1.02,3,4688.446451822917
7365,-1.09,10,3973.4243408203124
7366,-1.09,10,4553.980981445313
7367,-1.09,10,4328.484155273438
7368,-1.53,5,5242.81181640625
7369,-1.09,10,4575.939892578125
7370,-1.05,6,3571.066691080729
7371,0.9299999999999999,8,5508.931854248047
7372,-1.09,10,3932.3693359375
7373,0.97,4,5241.649841308594
7374,0.94,7,2703.303553989955
7375,-1.09,10,3918.8033813476563
7376,-1.09,10,4313.257824707031
7377,-1.58,10,4599.380126953125
7378,-1.09,10,5092.0535888671875
7379,0.98,3,3683.6891276041665
7380,-5.52,4,4214.544982910156
7381,-1.09,10,3462.0936889648438
7382,-1.58,10,3219.6279541015624
7383,-1.09,10,3991.3255615234375
7384,-1.09,10,3913.25546875
7385,-1.09,10,4697.267138671875
7386,-1.09,10,2806.3287841796873
7387,-1.04,5,4593.283642578125
7388,0.97,4,4822.248718261719
7389,-1.06,7,5624.41472516741
7390,-1.02,3,4157.379557291667
7391,0.97,4,2791.8089904785156
7392,-1.55,7,3968.8248116629466
7393,-1.58,10,3727.508508300781
7394,4.96,5,3648.918896484375
7395,-5.05,6,4752.6566162109375
7396,-1.09,10,4710.619775390625
7397,-1.09,10,4090.0615966796877
7398,-1.09,10,3403.601806640625
7399,-1.02,3,4284.617024739583
7400,-1.09,10,4003.064208984375
7401,4.96,5,4931.738232421875
7402,-1.09,10,3907.2493896484375
7403,0.98,3,3039.4991048177085
7404,4.96,5,4247.611279296875
7405,-1.09,10,4550.243115234375
7406,0.9299999999999999,8,3771.2094116210938
7407,0.92,9,4178.860948350694
7408,-1.09,10,5118.025805664062
7409,-1.09,10,4496.972644042969
7410,-1.09,10,3705.3181640625
7411,-1.09,10,3937.599157714844
7412,-1.03,4,2929.2291870117188
7413,0.98,3,5973.385904947917
7414,-1.09,10,3402.2003662109373
7415,-1.09,10,4152.0252685546875
7416,-1.09,10,4673.158056640625
7417,-1.09,10,3880.31826171875
7418,-1.09,10,3886.1257568359374
7419,4.94,7,3246.4712262834823
7420,-6.0,3,3758.7625325520835
7421,-1.09,10,4615.281811523438
7422,-1.09,10,3408.6045776367187
7423,-1.09,10,3470.800646972656
7424,-5.03,4,4674.19921875
7425,-1.04,5,5258.839697265625
7426,0.94,7,3221.472194126674
7427,-1.02,3,5602.9794921875
7428,-1.09,10,3898.1300048828125
7429,-5.03,4,3902.8572998046875
7430,-1.09,10,3157.3679931640627
7431,-1.09,10,4435.686279296875
7432,-1.09,10,4032.9576904296873
7433,-1.09,10,3754.75166015625
7434,-1.06,7,3923.1625627790177
7435,-1.09,10,5244.659326171875
7436,-1.09,10,3448.298974609375
7437,-1.09,10,4726.90673828125
7438,-1.05,6,5315.446858723958
7439,-1.09,10,4474.301330566406
7440,-1.09,10,3808.5353393554688
7441,-1.58,10,3585.4664306640625
7442,-5.04,5,5170.0455078125
7443,4.96,5,3178.33828125
7444,-5.06,7,4468.691545758928
7445,-1.06,7,4394.937273297991
7446,-1.09,10,3635.2411376953123
7447,-1.09,10,4419.682568359375
7448,-1.58,10,4198.381164550781
7449,-5.02,3,3659.349324544271
7450,-1.09,10,3896.9567138671873
7451,-1.53,5,4060.359814453125
7452,-1.58,10,3648.003063964844
7453,-1.08,9,4917.147162543402
7454,0.0,3,3994.86572265625
7455,-1.09,10,3834.7210205078127
7456,-5.02,3,4973.007649739583
7457,-1.09,10,3652.7416748046876
7458,-1.09,10,4649.215112304688
7459,-1.09,10,4740.069653320313
7460,-1.58,10,4093.0011474609373
7461,-1.09,10,3067.6394287109374
7462,-1.04,5,3208.0619873046876
7463,-1.58,10,3658.741589355469
7464,0.94,7,4384.57488141741
7465,-1.09,10,5414.839306640625
7466,-1.09,10,3794.552880859375
7467,-1.09,10,4758.809790039062
7468,0.9299999999999999,8,4531.987091064453
7469,-1.08,9,3935.510986328125
7470,0.98,3,4736.534098307292
7471,-1.09,10,4531.607934570313
7472,-1.58,10,4703.588061523437
7473,-1.09,10,3839.964013671875
7474,0.48,4,4033.6273193359375
7475,-5.51,3,4548.956217447917
7476,-1.09,10,4917.690490722656
7477,-1.08,9,3331.8648274739585
7478,0.98,3,4262.285888671875
7479,-1.09,10,4243.9324951171875
7480,-1.09,10,2984.2361328125
7481,-1.06,7,5851.746965680803
7482,-0.010000000000000009,4,5773.9227294921875
7483,-5.04,5,4911.00302734375
7484,-1.09,10,4265.193981933594
7485,-1.08,9,3492.425048828125
7486,-1.09,10,4716.622875976563
7487,-1.09,10,3459.27939453125
7488,-5.08,9,3606.5230170355903
7489,0.48,4,2755.8606567382812
7490,-1.58,10,4603.522473144531
7491,-1.09,10,3853.7312744140627
7492,-1.09,10,3944.596484375
7493,-1.09,10,4137.55537109375
7494,-1.09,10,4774.931616210937
7495,-1.09,10,3556.1678466796875
7496,-1.58,10,3849.5956787109376
7497,-1.09,10,3875.5837524414064
7498,-1.09,10,3845.3162353515627
7499,4.45,7,3858.7886090959823
7500,-5.08,9,3941.702541775174
7501,-1.09,10,3981.8611572265627
7502,-1.58,10,3651.3104248046875
7503,-5.5600000000000005,8,3461.4466705322266
7504,-1.09,10,4059.5109008789063
7505,-1.09,10,3402.1863525390627
7506,-5.03,4,4155.3052978515625
7507,-1.02,3,1850.6187744140625
7508,-1.09,10,3309.785290527344
7509,-1.09,10,4070.5765991210938
7510,-1.58,10,4084.588916015625
7511,-5.05,6,3651.562296549479
7512,-1.09,10,4105.886218261719
7513,4.96,5,3987.484521484375
7514,-1.09,10,4771.6624755859375
7515,4.97,4,2997.955596923828
7516,-1.02,3,4147.407877604167
7517,-1.09,10,4320.227856445313
7518,-1.09,10,4016.8785888671873
7519,-5.06,7,4616.271763392857
7520,-1.09,10,3614.3764709472657
7521,-1.09,10,3153.21005859375
7522,4.92,9,4007.886216905382
7523,-1.58,10,3782.3791259765626
7524,-5.05,6,3981.9271647135415
7525,4.94,7,3690.909022739955
7526,-5.03,4,4557.34375
7527,-1.09,10,2882.555554199219
7528,-1.09,10,4164.678149414062
7529,-1.09,10,4107.468212890625
7530,-1.52,4,3808.0867919921875
7531,-1.09,10,3873.82216796875
7532,4.93,8,4348.215240478516
7533,-1.04,5,3900.25478515625
7534,-1.58,10,4076.53828125
7535,-1.03,4,3971.6693115234375
7536,-1.09,10,4575.509790039063
7537,-1.09,10,4376.360400390625
7538,-1.09,10,4219.851049804687
7539,-1.02,3,3645.074462890625
7540,-1.09,10,4454.3322265625
7541,-1.09,10,5150.756115722656
7542,-5.06,7,4858.443708147322
7543,-1.09,10,3772.721240234375
7544,-5.02,3,5164.422770182292
7545,-1.09,10,4333.094763183593
7546,-1.09,10,3784.94482421875
7547,0.96,5,4074.95771484375
7548,-1.09,10,3847.664227294922
7549,-1.06,7,4510.828194754465
7550,-1.09,10,4152.054870605469
7551,-2.0,3,3449.136759440104
7552,-1.09,10,3598.915576171875
7553,0.98,3,5170.646484375
7554,-1.09,10,3742.1794921875
7555,-1.05,6,4172.810384114583
7556,-1.09,10,4452.118920898438
7557,0.96,5,3946.185791015625
7558,-1.09,10,3571.8288696289064
7559,-1.05,6,5215.778971354167
7560,-1.09,10,3889.548486328125
7561,-1.06,7,3706.759940011161
7562,-1.09,10,4030.8876953125
7563,-1.56,8,3507.9986267089844
7564,-1.09,10,3030.4800415039062
7565,-1.09,10,4623.32109375
7566,-1.09,10,3642.010498046875
7567,-1.09,10,4030.206591796875
7568,-1.07,8,5289.869934082031
7569,0.45999999999999996,6,4191.1755777994795
7570,-1.03,4,6293.8619384765625
7571,-1.58,10,3242.54404296875
7572,0.92,9,4311.871365017361
7573,-1.07,8,4155.38134765625
7574,0.98,3,5021.797526041667
7575,-1.09,10,5190.681958007813
7576,-1.57,9,4247.384629991319
7577,-1.09,10,3756.3765625
7578,-1.09,10,3412.2180908203127
7579,-1.03,4,2878.6558837890625
7580,-1.58,10,4148.444091796875
7581,4.98,3,4556.6435546875
7582,-1.09,10,3865.0654541015624
7583,-1.58,10,3939.018603515625
7584,0.94,7,2997.7528773716517
7585,-1.04,5,3456.07724609375
7586,4.96,5,4708.481787109375
7587,-5.57,9,3398.6016981336807
7588,-1.09,10,3594.7337646484375
7589,-1.09,10,4272.792578125
7590,-5.06,7,3675.736310686384
7591,-1.09,10,3695.55888671875
7592,4.98,3,3501.6420084635415
7593,-1.09,10,3717.7482421875
7594,-1.09,10,3215.486291503906
7595,0.92,9,3967.1605088975693
7596,-1.09,10,3507.1595947265623
7597,0.42999999999999994,9,4123.052029079861
7598,-1.09,10,3294.4914489746093
7599,-1.09,10,2804.591912841797
7600,-1.09,10,3621.0632934570312
7601,-1.09,10,3323.778173828125
7602,-1.09,10,4038.81474609375
7603,-1.09,10,4354.656726074219
7604,-1.06,7,2539.227294921875
7605,-1.09,10,3678.216796875
7606,-1.09,10,4004.8380615234373
7607,-1.09,10,4695.191674804688
7608,-1.09,10,3495.794921875
7609,-1.09,10,4271.163891601563
7610,-1.58,10,4859.8424072265625
7611,-1.09,10,3801.249060058594
7612,-1.09,10,3455.2544921875
7613,-1.09,10,3557.4317260742187
7614,-5.08,9,4573.656575520833
7615,-1.09,10,3994.455126953125
7616,-1.09,10,3739.531396484375
7617,-1.58,10,3559.353234863281
7618,-1.09,10,5941.163110351563
7619,-1.05,6,4974.5395914713545
7620,-1.09,10,4011.12314453125
7621,-1.09,10,4333.016040039062
7622,-1.09,10,3193.3252807617187
7623,-5.07,8,3319.1200256347656
7624,-1.09,10,4671.57041015625
7625,-1.09,10,4529.526220703125
7626,-1.02,3,3626.7010904947915
7627,-5.05,6,3795.0220947265625
7628,-1.08,9,3317.7384033203125
7629,-1.09,10,4170.905541992188
7630,-1.09,10,3967.1657958984374
7631,-1.09,10,3830.396533203125
7632,-1.09,10,3138.338903808594
7633,-1.09,10,4188.689794921875
7634,0.9299999999999999,8,3951.9641647338867
7635,0.94,7,3903.1834891183034
7636,-1.09,10,3887.771356201172
7637,-1.09,10,4879.44521484375
7638,-5.52,4,4333.0657958984375
7639,-1.02,3,3426.04052734375
7640,-1.09,10,3704.0962890625
7641,-1.09,10,3801.435205078125
7642,-1.09,10,4653.047448730469
7643,-1.09,10,4060.7353759765624
7644,-1.09,10,3368.76669921875
7645,-1.09,10,4244.335131835937
7646,-1.09,10,3541.9128662109374
7647,0.94,7,4902.960797991072
7648,-1.09,10,4606.353271484375
7649,4.95,6,4158.4075927734375
7650,-5.05,6,4625.7703857421875
7651,-1.09,10,5013.854809570313
7652,0.97,4,3638.8876342773438
7653,0.98,3,5274.391438802083
7654,-1.09,10,5665.7212890625
7655,0.98,3,4965.422037760417
7656,-1.09,10,3309.670751953125
7657,-1.09,10,3439.630517578125
7658,0.98,3,5980.0712890625
7659,0.9299999999999999,8,5079.736541748047
7660,-1.09,10,4122.273168945312
7661,-1.09,10,4325.937048339843
7662,4.92,9,3786.033881293403
7663,-1.09,10,4632.24541015625
7664,-1.09,10,3615.4563232421874
7665,-1.03,4,5994.6527099609375
7666,-1.09,10,4959.151879882813
7667,-1.58,10,4946.715771484375
7668,-1.58,10,4301.347241210938
7669,-1.09,10,4756.429907226562
7670,-5.03,4,4314.672302246094
7671,-1.09,10,4208.05966796875
7672,0.98,3,3388.248779296875
7673,-1.09,10,4470.747119140625
7674,-1.09,10,4381.55087890625
7675,-6.0,3,3568.333984375
7676,-1.09,10,4492.299279785157
7677,-1.09,10,4650.339086914062
7678,-5.07,8,4283.343444824219
7679,4.4399999999999995,8,4480.748352050781
7680,-1.09,10,4223.143701171875
7681,-1.09,10,4333.625012207031
7682,-1.58,10,4761.531591796875
7683,0.94,7,4286.581438337053
7684,-1.04,5,3216.4162841796874
7685,-1.07,8,3936.7610931396484
7686,-1.09,10,4383.1419677734375
7687,4.4399999999999995,8,3509.2625732421875
7688,-1.09,10,3448.247839355469
7689,-1.09,10,5188.225927734375
7690,0.96,5,3745.802001953125
7691,-1.58,10,3541.3366455078126
7692,0.47,5,3170.789404296875
7693,0.9299999999999999,8,5923.9398193359375
7694,-1.58,10,4115.655126953125
7695,-1.09,10,5116.857495117188
7696,-1.09,10,3900.5960205078127
7697,-1.09,10,3447.600866699219
7698,4.98,3,3722.9890950520835
7699,-5.02,3,3779.2792154947915
7700,4.95,6,3532.1116943359375
7701,-1.09,10,3376.046337890625
7702,-1.09,10,3892.93349609375
7703,-1.09,10,4269.086596679687
7704,-1.09,10,4333.014782714844
7705,0.94,7,3658.750069754464
7706,-1.04,5,3690.607421875
7707,-1.09,10,4228.777563476562
7708,-1.09,10,4184.048510742187
7709,-1.09,10,2875.5467041015627
7710,-1.09,10,3868.12978515625
7711,-1.09,10,3776.576220703125
7712,0.92,9,3162.2829318576387
7713,0.95,6,3316.5872802734375
7714,-1.09,10,3556.8614196777344
7715,0.42999999999999994,9,4164.923394097223
7716,-1.09,10,4586.199145507812
7717,-1.05,6,3799.793741861979
7718,-1.58,10,4092.8682861328125
7719,-1.06,7,3976.688555036272
7720,-1.09,10,4099.3499755859375
7721,-1.09,10,4260.3160400390625
7722,-1.09,10,4326.202844238282
7723,-5.02,3,3321.77001953125
7724,-1.09,10,4567.822314453125
7725,-1.08,9,3610.4741482204863
7726,-1.09,10,3959.5757446289062
7727,0.96,5,3937.581494140625
7728,0.47,5,5275.9716796875
7729,-1.09,10,4414.7420654296875
7730,-1.09,10,4143.2982421875
7731,-1.09,10,3564.5697265625
7732,-1.09,10,4141.613684082031
7733,0.97,4,3568.364501953125
7734,-1.09,10,4270.001318359375
7735,-1.09,10,4083.3423583984377
7736,0.92,9,3746.7693684895835
7737,-1.54,6,3662.7728678385415
7738,-1.09,10,3874.98681640625
7739,-1.09,10,3100.3476806640624
7740,-1.09,10,4214.515063476562
7741,-1.09,10,4502.825146484375
7742,-1.09,10,4679.200390625
7743,-1.09,10,3870.7646240234376
7744,-1.09,10,4077.8330200195314
7745,-1.09,10,3967.6641357421877
7746,-5.04,5,3386.429638671875
7747,0.98,3,3863.4378255208335
7748,0.92,9,3158.6834716796875
7749,-5.08,9,4729.516845703125
7750,0.45999999999999996,6,2712.030558268229
7751,4.45,7,3568.8768136160716
7752,-1.58,10,5456.0406494140625
7753,-5.06,7,3876.889718191964
7754,-1.09,10,4315.3021484375
7755,-1.09,10,4098.490502929688
7756,-1.09,10,3409.2357543945313
7757,4.98,3,3276.1505533854165
7758,-1.58,10,4595.10478515625
7759,-5.04,5,2873.1566162109375
7760,-1.09,10,4901.825439453125
7761,-1.09,10,3971.70498046875
7762,-1.09,10,4662.214892578125
7763,-1.09,10,3716.17861328125
7764,-1.09,10,3668.581201171875
7765,4.43,9,4407.234239366319
7766,-1.58,10,3734.9781982421873
7767,-1.09,10,4076.4437744140623
7768,-1.09,10,4024.049841308594
7769,-1.09,10,3870.22939453125
7770,-1.09,10,3141.981103515625
7771,0.97,4,4791.1844482421875
7772,-1.09,10,3937.5731201171875
7773,-1.09,10,3597.669482421875
7774,-1.02,3,3063.3482259114585
7775,-1.09,10,3450.2836669921876
7776,0.97,4,3730.6131591796875
7777,-1.09,10,4017.3671630859376
7778,-1.09,10,5549.950634765625
7779,-1.09,10,3529.497412109375
7780,-1.09,10,3911.976806640625
7781,0.92,9,3210.2404513888887
7782,0.98,3,4394.120849609375
7783,-1.09,10,4755.67431640625
7784,-1.09,10,3095.732373046875
7785,-1.07,8,4015.7442321777344
7786,-1.09,10,3606.410925292969
7787,-1.09,10,3740.4539794921875
7788,-1.09,10,3883.2155151367188
7789,-5.08,9,4427.632188585069
7790,-1.09,10,3479.3610107421873
7791,0.9299999999999999,8,4499.324951171875
7792,-2.0,3,5395.0072835286455
7793,-1.09,10,3524.7308959960938
7794,-1.09,10,4124.072778320313
7795,0.0,3,3624.5960286458335
7796,0.9299999999999999,8,4269.421966552734
7797,4.94,7,3493.1563546316966
7798,-1.09,10,3817.6183471679688
7799,-1.09,10,3432.6379150390626
7800,-1.09,10,3701.0067138671875
7801,-1.09,10,3467.9985595703124
7802,0.95,6,4642.095621744792
7803,-5.08,9,3631.8630642361113
7804,-1.09,10,3506.61484375
7805,-5.06,7,3972.3747907366073
7806,-1.04,5,4795.893603515625
7807,4.93,8,3854.619369506836
7808,-1.09,10,3956.0204345703123
7809,-1.09,10,3808.4867431640623
7810,4.95,6,3612.6352335611978
7811,-1.09,10,3736.626501464844
7812,-1.09,10,3983.530322265625
7813,4.45,7,4239.38117327009
7814,-5.05,6,4985.9378662109375
7815,-1.09,10,2747.1873779296875
7816,-1.09,10,4525.770751953125
7817,-1.09,10,3761.0847900390627
7818,4.94,7,3700.7818341936386
7819,-1.09,10,3026.5341918945314
7820,-1.09,10,3256.5596923828125
7821,-1.09,10,3794.5069580078125
7822,-1.09,10,3372.0702392578123
7823,-1.09,10,3636.8851318359375
7824,-1.09,10,4732.6156005859375
7825,-1.09,10,3557.6124267578125
7826,-1.09,10,3667.414904785156
7827,-1.58,10,4464.329125976563
7828,-1.58,10,3849.7640869140623
7829,-1.09,10,3635.217041015625
7830,-1.09,10,3331.8197631835938
7831,-1.09,10,4119.257849121093
7832,-1.09,10,4046.371923828125
7833,0.96,5,4337.00673828125
7834,-5.02,3,2996.5336100260415
7835,4.46,6,4371.3268636067705
7836,4.93,8,3639.347625732422
7837,-1.09,10,3493.6505737304688
7838,-1.09,10,3573.770361328125
7839,0.95,6,3934.9375610351562
7840,-1.09,10,2903.1501220703126
7841,-1.09,10,4631.2427978515625
7842,-1.09,10,4460.34169921875
7843,-1.09,10,3495.332373046875
7844,-1.09,10,4436.857373046875
7845,-1.09,10,2969.295544433594
7846,-1.04,5,5002.00390625
7847,-1.09,10,4331.237255859375
7848,-1.09,10,4846.207934570312
7849,-1.09,10,3344.8872802734377
7850,-1.58,10,4352.438500976563
7851,-1.09,10,4508.05361328125
7852,-1.09,10,4726.158203125
7853,-1.04,5,3052.0623046875
7854,-1.55,7,3475.360822405134
7855,-5.06,7,3085.466134207589
7856,-1.09,10,4032.512646484375
7857,-1.09,10,3642.003955078125
7858,0.49,3,4455.151448567708
7859,0.42999999999999994,9,3370.4020317925347
7860,0.92,9,3037.738972981771
7861,-1.08,9,4598.771104600694
7862,-1.07,8,3519.328353881836
7863,-1.54,6,3620.268839518229
7864,-1.09,10,3560.181298828125
7865,-1.09,10,4174.239599609375
7866,-1.58,10,3411.7061767578125
7867,0.98,3,4677.328125
7868,-1.09,10,3309.897564697266
7869,-5.03,4,3498.04833984375
7870,-1.09,10,4256.543359375
7871,-1.09,10,3359.2932983398437
7872,-1.09,10,2732.789685058594
7873,4.97,4,3693.8933715820312
7874,-5.06,7,3842.4163643973216
7875,-1.09,10,3823.3214111328125
7876,4.97,4,3745.8758850097656
7877,-1.09,10,3682.921594238281
7878,-1.09,10,3827.699658203125
7879,-1.09,10,3935.4915405273437
7880,-1.09,10,4423.415588378906
7881,-1.09,10,3222.6336975097656
7882,0.94,7,3730.548897879464
7883,-1.09,10,4434.01455078125
7884,-1.09,10,3016.2341064453126
7885,-1.02,3,5382.634602864583
7886,-1.05,6,2402.7791137695312
7887,-1.08,9,3998.4186740451387
7888,-1.09,10,4112.333947753907
7889,-1.09,10,4076.01474609375
7890,-1.09,10,3875.642224121094
7891,-1.09,10,4040.32666015625
7892,-1.09,10,3770.9177001953126
7893,4.92,9,3947.529574924045
7894,0.9299999999999999,8,3915.367919921875
7895,-1.08,9,4456.568060980902
7896,-1.06,7,3841.233816964286
7897,-5.06,7,4322.671595982143
7898,-5.02,3,4046.9934895833335
7899,-1.04,5,3260.987890625
7900,-1.03,4,3184.4983520507812
7901,-1.09,10,4078.349737548828
7902,4.98,3,5420.494954427083
7903,-1.09,10,3285.0342407226562
7904,-1.09,10,3965.689453125
7905,-1.09,10,3268.834997558594
7906,-1.09,10,4833.008459472656
7907,-1.09,10,4070.62275390625
7908,-1.09,10,2929.1402099609377
7909,-1.09,10,4065.7649658203127
7910,4.94,7,4947.771589006697
7911,-1.09,10,3968.08603515625
7912,-1.09,10,3670.3318359375
7913,-1.09,10,3357.92626953125
7914,-1.09,10,3592.802294921875
7915,4.0,3,5652.574544270833
7916,-1.09,10,3823.178271484375
7917,-1.09,10,3814.9269775390626
7918,4.93,8,4684.6593017578125
7919,0.96,5,2806.5548583984373
7920,-1.09,10,3839.4941528320314
7921,-1.09,10,3803.0640625
7922,-1.58,10,4198.363500976562
7923,-1.09,10,3753.3811645507812
7924,4.98,3,2882.0767822265625
7925,4.97,4,3980.325927734375
7926,-1.03,4,5399.5595703125
7927,-1.07,8,4428.896697998047
7928,-1.09,10,3912.9150390625
7929,-1.09,10,3044.7608154296877
7930,0.96,5,4870.065991210938
7931,-1.09,10,4452.1676025390625
7932,-1.09,10,3487.185791015625
7933,0.98,3,3606.701904296875
7934,-1.09,10,3501.5563720703126
7935,4.94,7,3398.502197265625
7936,-2.0700000000000003,10,4159.904321289063
7937,-1.09,10,4388.762072753906
7938,-1.02,3,3259.142130533854
7939,-1.09,10,4115.87119140625
7940,-1.09,10,3666.106298828125
7941,-5.06,7,3998.3977573939733
7942,-1.09,10,4077.648681640625
7943,4.96,5,4219.329052734375
7944,-1.09,10,4003.63525390625
7945,4.97,4,2279.6307373046875
7946,-1.09,10,4397.092529296875
7947,-1.04,5,4067.90302734375
7948,-1.09,10,3759.4562866210936
7949,-1.09,10,4293.450170898437
7950,-1.09,10,3624.339453125
7951,-1.09,10,4696.69560546875
7952,-1.04,5,3523.21953125
7953,-1.09,10,4285.160229492188
7954,-1.09,10,3265.7463989257812
7955,-1.09,10,3898.898046875
7956,-1.03,4,4110.258544921875
7957,-1.09,10,4202.500317382813
7958,-1.06,7,4338.8544921875
7959,-1.06,7,3793.6934988839284
7960,-1.03,4,5196.6578369140625
7961,-1.58,10,4543.685327148438
7962,-1.09,10,3806.702783203125
7963,0.9299999999999999,8,3390.0487670898438
7964,-1.09,10,4483.608837890625
7965,-1.09,10,3985.7487915039064
7966,4.95,6,3487.1666666666665
7967,-1.09,10,3733.1880126953124
7968,0.9299999999999999,8,3476.0360107421875
7969,-1.58,10,3461.032275390625
7970,-1.09,10,3801.5806884765625
7971,-1.09,10,3937.6283569335938
7972,-1.06,7,3809.811697823661
7973,-1.09,10,5001.886694335937
7974,-1.09,10,5017.9013671875
7975,-1.09,10,4675.5643310546875
7976,-1.09,10,4661.35054321289
7977,-1.09,10,4425.1124267578125
7978,-1.09,10,3909.1708740234376
7979,-1.09,10,4322.539880371094
7980,-1.09,10,3475.831463623047
7981,-1.09,10,3686.1950561523436
7982,-1.58,10,3685.5647216796874
7983,-1.58,10,4734.41259765625
7984,4.94,7,4578.557373046875
7985,-1.09,10,3903.653076171875
7986,-1.58,10,4931.594311523438
7987,-1.09,10,3273.6813842773436
7988,-1.09,10,4326.934509277344
7989,-5.5600000000000005,8,3588.3455810546875
7990,-1.06,7,3741.6160714285716
7991,-1.09,10,4267.868811035156
7992,-1.58,10,4665.402612304688
7993,-1.09,10,3578.0679565429687
7994,-1.09,10,4752.128442382813
7995,-1.09,10,4273.776196289063
7996,-1.06,7,3914.660382952009
7997,-1.09,10,4216.807946777344
7998,-1.09,10,4673.7302734375
7999,-1.09,10,4302.001110839844
8000,0.9299999999999999,8,5445.437393188477
8001,-1.09,10,3608.281982421875
8002,-1.58,10,3633.2243408203126
8003,-1.09,10,4051.8675903320313
8004,-1.09,10,4094.2208984375
8005,-1.09,10,3164.1252258300783
8006,-1.09,10,4022.0970703125
8007,-1.09,10,3300.75400390625
8008,0.96,5,3875.290673828125
8009,-1.09,10,3692.2140869140626
8010,-1.09,10,3220.143701171875
8011,-5.06,7,2771.939958844866
8012,-1.09,10,3879.8124389648438
8013,0.96,5,3422.24296875
8014,-1.09,10,3871.586669921875
8015,-1.09,10,3037.454211425781
8016,-2.0700000000000003,10,3514.705847167969
8017,-1.09,10,3627.547998046875
8018,-1.09,10,4247.053295898438
8019,-1.09,10,4083.4546630859377
8020,-1.09,10,3824.47900390625
8021,0.9299999999999999,8,4108.8460693359375
8022,0.95,6,4163.57763671875
8023,-1.58,10,3846.3099853515623
8024,-1.58,10,3857.1748291015624
8025,0.92,9,4348.287923177083
8026,-1.09,10,4369.595043945313
8027,4.94,7,4925.299560546875
8028,4.96,5,4289.33408203125
8029,4.98,3,3803.4783935546875
8030,-1.09,10,4088.690563964844
8031,0.92,9,4394.264187282986
8032,0.95,6,4001.5220540364585
8033,0.95,6,4993.447509765625
8034,-1.09,10,3000.587268066406
8035,-1.03,4,5536.340515136719
8036,-1.58,10,3750.92578125
8037,-1.09,10,4868.546118164062
8038,-1.09,10,3372.9411010742188
8039,-1.09,10,4025.4565185546876
8040,0.96,5,4888.17138671875
8041,-1.09,10,3284.842431640625
8042,-1.02,3,6575.193033854167
8043,-1.09,10,4325.850170898438
8044,-1.09,10,3598.388671875
8045,-2.0700000000000003,10,4216.672900390625
8046,-2.0700000000000003,10,3973.372705078125
8047,-1.09,10,4158.883605957031
8048,4.92,9,4574.681884765625
8049,-1.09,10,3714.8906127929686
8050,-1.09,10,3173.9682739257814
8051,0.98,3,3203.352986653646
8052,-1.02,3,4087.4168294270835
8053,-1.09,10,4725.034204101563
8054,-1.09,10,5017.402917480469
8055,-1.09,10,3056.5447265625
8056,-1.09,10,2946.1982299804686
8057,-1.09,10,4297.8697265625
8058,-5.04,5,2565.41103515625
8059,-1.09,10,2929.783099365234
8060,-5.04,5,4765.2439453125
8061,-5.08,9,4043.1934950086807
8062,-1.09,10,3721.2121704101564
8063,-1.09,10,4238.071948242187
8064,-1.57,9,3803.368910047743
8065,0.45999999999999996,6,4351.330546061198
8066,-1.09,10,4227.626318359375
8067,-1.09,10,4200.225323486328
8068,-1.09,10,3348.9366455078125
8069,-1.09,10,3371.425927734375
8070,-1.09,10,4606.1966796875
8071,-1.08,9,4590.303792317708
8072,0.97,4,3456.4059448242188
8073,-1.09,10,3857.403955078125
8074,-1.09,10,3928.007373046875
8075,-1.09,10,4856.329150390625
8076,-1.09,10,5447.794189453125
8077,-1.09,10,4391.669848632812
8078,4.97,4,5367.774353027344
8079,4.97,4,3588.0797119140625
8080,-1.09,10,4240.320642089844
8081,-1.09,10,4650.769067382813
8082,4.97,4,5121.232482910156
8083,-1.09,10,4020.048974609375
8084,-1.58,10,3920.7810913085937
8085,-1.09,10,4635.731396484375
8086,-1.09,10,3788.5896728515627
8087,-1.09,10,3981.4952392578125
8088,4.97,4,4754.089050292969
8089,-1.09,10,4156.325610351562
8090,-1.09,10,3754.9505615234375
8091,-1.09,10,4773.200854492187
8092,4.97,4,2485.1312255859375
8093,-1.09,10,2967.3681762695314
8094,-1.09,10,4144.156909179687
8095,-1.09,10,3625.3426513671875
8096,-5.07,8,4544.796325683594
8097,-1.09,10,3928.9461975097656
8098,-1.09,10,4686.467443847656
8099,-1.58,10,4203.77265625
8100,-1.09,10,4025.2052368164063
8101,-1.09,10,4099.28232421875
8102,-1.04,5,3196.84501953125
8103,-1.09,10,5233.528173828125
8104,-1.58,10,2770.1071533203126
8105,-1.09,10,3439.6247802734374
8106,-1.09,10,3678.310986328125
8107,-1.51,3,3583.7251790364585
8108,0.0,3,3832.4544677734375
8109,4.47,5,2688.25244140625
8110,-1.09,10,4211.518493652344
8111,-1.09,10,4033.142956542969
8112,-1.09,10,3434.3399169921877
8113,-1.09,10,4615.733959960938
8114,-1.09,10,3523.9661499023437
8115,-5.08,9,3450.356146918403
8116,-1.09,10,3720.361572265625
8117,-5.02,3,6084.587727864583
8118,-1.09,10,3725.890234375
8119,4.94,7,4113.225987025669
8120,-1.09,10,3416.508837890625
8121,-1.09,10,4059.7748413085938
8122,-1.09,10,4392.445336914063
8123,-1.09,10,3676.6002685546873
8124,4.47,5,5616.75703125
8125,-1.09,10,3666.761474609375
8126,-1.09,10,3637.4155029296876
8127,-1.09,10,4157.189782714844
8128,-1.09,10,4549.394506835937
8129,-1.09,10,4428.430480957031
8130,-1.09,10,4084.17255859375
8131,-1.09,10,4482.493481445313
8132,-1.09,10,4663.73291015625
8133,-5.06,7,3021.5775320870534
8134,-1.08,9,5154.428927951389
8135,-1.09,10,3314.638146972656
8136,-1.09,10,3358.85087890625
8137,-1.09,10,3190.647705078125
8138,-5.03,4,4243.5714111328125
8139,-5.02,3,4976.177734375
8140,-1.09,10,3891.7132080078127
8141,-1.09,10,4467.384759521485
8142,-1.09,10,4558.5172119140625
8143,-1.52,4,3160.451217651367
8144,-1.09,10,3349.8146240234373
8145,-5.04,5,4524.479931640625
8146,-5.03,4,3391.1488037109375
8147,-1.09,10,3767.1156372070313
8148,4.94,7,4176.631016322544
8149,-1.09,10,4788.87109375
8150,-1.09,10,4693.988110351563
8151,-1.09,10,3466.4835693359373
8152,-1.09,10,3801.8882690429687
8153,-1.09,10,3251.279919433594
8154,-1.09,10,4482.824194335937
8155,-1.09,10,3861.4472534179686
8156,-1.09,10,3337.7167724609376
8157,-1.09,10,3399.3439453125
8158,-1.09,10,3629.270849609375
8159,4.48,4,4823.029846191406
8160,-1.09,10,2962.4162719726564
8161,-1.09,10,4039.307470703125
8162,-1.09,10,3311.1748779296877
8163,-1.09,10,4586.637341308594
8164,-1.09,10,3757.23193359375
8165,-5.07,8,3526.8157806396484
8166,-1.09,10,3801.7217651367187
8167,-1.09,10,4099.309729003906
8168,-1.09,10,4185.750439453125
8169,-1.09,10,4839.875537109375
8170,-5.07,8,4533.034210205078
8171,-1.09,10,3621.177606201172
8172,-1.09,10,3810.227587890625
8173,-1.09,10,3279.4315673828123
8174,-5.03,4,5857.97509765625
8175,-1.09,10,3377.7281127929687
8176,-1.09,10,3706.962023925781
8177,-1.09,10,4524.579565429687
8178,-1.58,10,4209.6873779296875
8179,-1.09,10,4825.4132080078125
8180,-1.09,10,4291.7158203125
8181,-1.09,10,4156.729736328125
8182,-1.09,10,3809.7256713867187
8183,0.98,3,5548.033854166667
8184,-1.09,10,3866.3952392578126
8185,4.96,5,5057.957666015625
8186,-1.58,10,4435.545690917968
8187,4.98,3,5145.836100260417
8188,-1.09,10,4418.523706054688
8189,-1.09,10,4994.1832275390625
8190,-1.02,3,2715.6171061197915
8191,-1.08,9,3434.3126627604165
8192,0.98,3,3564.5131022135415
8193,-1.09,10,3819.155725097656
8194,0.95,6,3115.563191731771
8195,-1.04,5,3768.51884765625
8196,0.95,6,3390.8001708984375
8197,-1.06,7,4171.441510881697
8198,0.94,7,3979.120875767299
8199,-1.09,10,4388.294946289063
8200,-1.09,10,3068.5938232421877
8201,-1.09,10,3651.1229614257813
8202,-1.56,8,4886.041938781738
8203,-1.09,10,3433.047644042969
8204,-1.09,10,4304.519787597656
8205,-1.09,10,4152.624951171875
8206,4.47,5,4533.709326171875
8207,-1.09,10,4478.37265625
8208,-1.09,10,3099.9837158203127
8209,-1.07,8,4134.626220703125
8210,-1.05,6,3374.285847981771
8211,0.98,3,3611.2076822916665
8212,-1.07,8,3913.9087677001953
8213,0.94,7,2941.019287109375
8214,0.96,5,4169.201318359375
8215,-1.09,10,3947.9800659179687
8216,-1.09,10,4028.2164794921873
8217,0.96,5,3362.284228515625
8218,4.93,8,3608.4039611816406
8219,4.47,5,4493.017529296875
8220,-1.09,10,3923.629504394531
8221,-1.09,10,4399.144299316406
8222,-1.58,10,4949.843774414063
8223,-1.09,10,3259.3366455078126
8224,-1.09,10,4565.953588867187
8225,4.92,9,3704.8780653211807
8226,-1.09,10,3641.28125
8227,-1.09,10,4022.460095214844
8228,-1.09,10,3787.1266357421873
8229,-1.07,8,5094.510437011719
8230,-1.09,10,5198.087133789062
8231,-1.09,10,3908.917822265625
8232,-1.09,10,4230.3883056640625
8233,-1.09,10,4536.009521484375
8234,-1.09,10,5636.67021484375
8235,4.93,8,3765.765838623047
8236,-1.09,10,3673.6208740234374
8237,-1.09,10,4898.95126953125
8238,-1.09,10,4444.274682617188
8239,4.95,6,4054.588134765625
8240,-1.09,10,3693.0565551757813
8241,-1.09,10,3744.5880493164063
8242,0.95,6,5054.717529296875
8243,4.97,4,4620.941650390625
8244,-1.09,10,4536.132641601563
8245,-1.09,10,3802.3613037109376
8246,-1.09,10,4559.57783203125
8247,-1.09,10,4385.057080078125
8248,0.98,3,4510.040201822917
8249,-1.07,8,3857.8709716796875
8250,0.95,6,4182.8320719401045
8251,-1.09,10,3781.2093872070313
8252,0.97,4,4220.5335693359375
8253,-1.09,10,4391.132543945312
8254,-1.58,10,4523.8028564453125
8255,-1.09,10,3820.4633178710938
8256,-1.09,10,4135.6898193359375
8257,-1.09,10,4118.802392578125
8258,0.95,6,4953.175567626953
8259,0.96,5,3757.948486328125
8260,-1.09,10,3386.7342895507813
8261,0.97,4,4208.147888183594
8262,-1.09,10,3615.078894042969
8263,-1.09,10,4211.364074707031
8264,-1.09,10,3833.9949462890627
8265,-1.58,10,5032.601391601563
8266,-1.58,10,3539.2625244140627
8267,-1.09,10,3997.416162109375
8268,-1.09,10,5394.1097412109375
8269,-2.0300000000000002,6,3810.3299967447915
8270,-5.04,5,3523.34892578125
8271,-1.09,10,4779.712573242187
8272,-1.09,10,4921.786889648438
8273,-5.07,8,3873.4214935302734
8274,-1.09,10,4564.9412841796875
8275,-1.09,10,4959.894909667969
8276,-1.09,10,4777.6115234375
8277,0.98,3,4547.862386067708
8278,-5.05,6,3580.953816731771
8279,-1.09,10,4467.681433105468
8280,-1.58,10,4450.646752929688
8281,-1.58,10,4399.84658203125
8282,-1.09,10,3454.8758056640627
8283,-1.09,10,4157.385791015625
8284,0.45999999999999996,6,3284.812947591146
8285,-5.08,9,4454.967719184027
8286,-1.09,10,5073.035961914063
8287,-5.06,7,4311.325422014509
8288,-1.09,10,5148.798815917969
8289,0.9299999999999999,8,3942.4955444335938
8290,-1.09,10,3663.66845703125
8291,-1.09,10,5071.491967773438
8292,-1.09,10,4193.644970703125
8293,-1.09,10,4321.711181640625
8294,0.92,9,5004.913682725694
8295,-1.09,10,4030.4543212890626
8296,-1.58,10,4275.39296875
8297,-1.09,10,4303.162463378906
8298,-1.09,10,4924.798767089844
8299,-1.58,10,4435.902197265625
8300,-1.09,10,4235.340002441406
8301,-1.09,10,3877.1234619140623
8302,-1.09,10,4317.137182617187
8303,-1.55,7,3487.74844796317
8304,-1.09,10,4185.900073242187
8305,-1.54,6,4748.316182454427
8306,-1.09,10,4773.498266601562
8307,-1.09,10,4647.197705078125
8308,-1.58,10,3458.3848388671877
8309,-1.09,10,4614.270361328125
8310,-1.09,10,3526.6364990234374
8311,-1.09,10,4287.2559814453125
8312,0.9299999999999999,8,4250.00634765625
8313,0.98,3,4858.007649739583
8314,-1.03,4,3470.1360778808594
8315,0.95,6,3565.5222778320312
8316,-1.58,10,4109.928759765625
8317,-1.09,10,3210.799670410156
8318,-5.51,3,3896.54150390625
8319,-1.09,10,4322.930529785156
8320,4.49,3,3825.1736653645835
8321,-1.09,10,3368.0335327148437
8322,-1.09,10,3540.7111083984373
8323,4.95,6,3503.357950846354
8324,-1.09,10,4560.316296386719
8325,-1.09,10,5223.428662109375
8326,4.95,6,4923.433919270833
8327,-1.09,10,4009.3145751953125
8328,-1.07,8,5031.111419677734
8329,-5.03,4,3402.1560668945312
8330,-1.09,10,4385.663671875
8331,-1.09,10,4349.523645019532
8332,0.94,7,5943.099993024553
8333,0.96,5,5449.238330078125
8334,-1.09,10,3917.81943359375
8335,-1.09,10,4953.891528320312
8336,-1.58,10,5492.2103271484375
8337,-1.04,5,4524.231396484375
8338,-1.08,9,3811.537163628472
8339,-1.09,10,3775.8729248046875
8340,4.4399999999999995,8,4263.497817993164
8341,0.47,5,5954.16533203125
8342,-1.09,10,4591.718701171875
8343,-1.09,10,3778.2959594726562
8344,-1.09,10,4054.957165527344
8345,-1.09,10,3999.5637451171874
8346,0.97,4,3727.125274658203
8347,0.97,4,2662.4297485351562
8348,-1.03,4,3831.8384399414062
8349,-1.09,10,4694.625024414063
8350,-1.58,10,4584.164440917969
8351,-1.09,10,4505.644287109375
8352,-1.08,9,4840.755832248264
8353,-1.09,10,5433.14599609375
8354,-1.09,10,3146.5991943359377
8355,4.97,4,5816.2781982421875
8356,-1.58,10,4268.547094726562
8357,-1.09,10,4845.0884765625
8358,-1.09,10,4287.354223632812
8359,-1.09,10,4284.855090332031
8360,-1.09,10,3911.7147583007813
8361,-1.09,10,4203.088024902344
8362,-1.09,10,2631.5939697265626
8363,0.96,5,4274.634619140625
8364,-1.58,10,3886.258825683594
8365,4.92,9,3980.3810221354165
8366,-1.09,10,5263.647924804687
8367,0.96,5,4126.23212890625
8368,-1.09,10,3433.4886474609375
8369,-1.58,10,4839.023156738282
8370,-1.09,10,4196.471118164062
8371,-1.09,10,5045.503076171875
8372,-1.09,10,2709.8851318359375
8373,-1.09,10,4260.657983398438
8374,-1.09,10,4272.472827148437
8375,-1.02,3,3907.199747721354
8376,-1.09,10,4031.9341064453124
8377,-1.09,10,4922.853833007813
8378,-1.09,10,3772.2524475097657
8379,-1.02,3,3573.5985514322915
8380,-1.09,10,4091.818603515625
8381,-1.09,10,3842.0714477539063
8382,-1.09,10,4177.989794921875
8383,-1.09,10,3783.132666015625
8384,-5.05,6,4284.859191894531
8385,-1.58,10,3841.559423828125
8386,-1.09,10,4917.420935058593
8387,-1.09,10,4200.018225097656
8388,4.96,5,3815.05087890625
8389,-1.09,10,3770.0734985351564
8390,0.98,3,4737.30517578125
8391,-1.02,3,4731.472005208333
8392,-1.09,10,4439.758117675781
8393,-1.09,10,3361.5317810058596
8394,-1.02,3,4897.326822916667
8395,4.94,7,3206.3343680245534
8396,0.48,4,4299.520782470703
8397,-1.09,10,4079.585137939453
8398,-1.09,10,3948.6939697265625
8399,0.44999999999999996,7,4699.866594587053
8400,-1.09,10,3813.895373535156
8401,-1.09,10,4044.32548828125
8402,-1.09,10,4839.874169921875
8403,-1.09,10,3197.3712890625
8404,0.97,4,4458.834625244141
8405,-5.5600000000000005,8,4093.01953125
8406,-1.09,10,4077.1972839355467
8407,4.49,3,2611.487589518229
8408,-1.09,10,3939.4024291992187
8409,4.96,5,3794.66123046875
8410,4.96,5,4151.999951171875
8411,-1.09,10,5207.212377929687
8412,-5.07,8,3921.9187774658203
8413,4.98,3,5395.440999348958
8414,-1.09,10,3763.2669921875
8415,-1.09,10,3873.71923828125
8416,-5.08,9,5134.444281684027
8417,0.9299999999999999,8,4022.2605590820312
8418,-5.04,5,4484.673193359375
8419,-5.52,4,4056.5983276367188
8420,-1.09,10,2916.691198730469
8421,-1.09,10,4211.564453125
8422,-1.09,10,4444.133166503906
8423,-1.09,10,3348.6848022460936
8424,-1.08,9,4490.506971571181
8425,-1.09,10,4386.185595703125
8426,-1.09,10,3417.371240234375
8427,-1.09,10,5388.8621826171875
8428,4.96,5,3649.1693603515623
8429,-5.03,4,4248.8746337890625
8430,-1.09,10,4044.4985595703124
8431,-1.09,10,4568.793298339844
8432,-1.09,10,4010.382275390625
8433,-1.09,10,4357.890576171875
8434,-1.58,10,4460.57158203125
8435,-1.05,6,3455.8040568033853
8436,-1.09,10,4479.61396484375
8437,-1.09,10,4701.232348632812
8438,-1.58,10,3865.6169860839846
8439,4.96,5,3799.56396484375
8440,-1.09,10,4800.186743164062
8441,-1.09,10,4159.677465820312
8442,-1.09,10,4375.440234375
8443,-1.09,10,5175.807092285157
8444,-1.09,10,4555.758349609375
8445,4.98,3,5033.20068359375
8446,-1.09,10,4318.160461425781
8447,4.95,6,4860.738515218099
8448,-1.09,10,3562.065087890625
8449,-1.09,10,3544.5375732421876
8450,-1.09,10,4100.381884765625
8451,-1.09,10,4958.120581054687
8452,-1.09,10,3580.6736328125
8453,-1.09,10,4487.61845703125
8454,-1.09,10,4230.369970703125
8455,-1.58,10,3557.2217041015624
8456,4.98,3,4488.50244140625
8457,-1.09,10,4889.4815673828125
8458,-1.09,10,3832.6359252929688
8459,-1.09,10,4739.684985351562
8460,-1.09,10,4266.916015625
8461,-1.09,10,4502.723046875
8462,-1.09,10,4461.738720703125
8463,-1.09,10,3877.6878295898437
8464,0.94,7,2701.10360281808
8465,-1.58,10,4430.284948730468
8466,-1.09,10,3597.707470703125
8467,-1.09,10,5079.603564453125
8468,-1.58,10,4209.370947265625
8469,-1.09,10,5135.1285400390625
8470,-1.09,10,4251.504833984375
8471,-1.09,10,3196.090966796875
8472,-1.09,10,4776.632373046875
8473,-1.58,10,4746.039282226562
8474,-1.09,10,3246.805975341797
8475,-1.07,8,4676.600814819336
8476,-1.09,10,4566.048510742187
8477,-1.09,10,5344.207543945313
8478,-1.09,10,3024.0825805664062
8479,-1.09,10,3088.7336975097655
8480,4.49,3,4469.334309895833
8481,-1.09,10,2904.369384765625
8482,-1.09,10,3145.7303833007813
8483,-1.09,10,3283.8835571289064
8484,-1.09,10,5168.752197265625
8485,-1.09,10,3119.8202270507813
8486,-1.09,10,5182.32099609375
8487,-1.07,8,4714.647232055664
8488,0.95,6,4271.3121337890625
8489,-1.09,10,4975.255126953125
8490,-1.09,10,4333.094653320312
8491,-1.09,10,4416.586083984375
8492,-1.09,10,5104.45986328125
8493,-1.09,10,4044.7536865234374
8494,-1.09,10,3969.8786499023436
8495,-1.58,10,3448.3358154296875
8496,-5.05,6,3197.388875325521
8497,-1.09,10,4207.2703857421875
8498,-5.06,7,3422.4359392438614
8499,-1.09,10,4754.848901367188
8500,-1.52,4,4746.841796875
8501,-1.06,7,3602.4050641741073
8502,0.94,7,3439.9675641741073
8503,-1.09,10,4343.330517578125
8504,-1.09,10,3831.8622802734376
8505,-1.09,10,4449.231188964844
8506,-1.06,7,5007.243722098215
8507,-1.09,10,3449.7026611328124
8508,-1.09,10,4602.2281494140625
8509,-1.09,10,3539.4770751953124
8510,0.9299999999999999,8,2781.301467895508
8511,-1.09,10,3530.5362915039063
8512,-5.06,7,3095.640206473214
8513,-1.58,10,3721.129443359375
8514,-1.09,10,4203.25224609375
8515,-1.09,10,3691.1935791015626
8516,-1.09,10,4056.06650390625
8517,-1.05,6,3910.1563720703125
8518,-1.09,10,4303.647534179688
8519,-1.09,10,4769.730688476562
8520,-1.09,10,3344.170361328125
8521,-1.09,10,4402.627612304687
8522,-1.09,10,5590.18681640625
8523,-1.09,10,5398.50224609375
8524,-1.09,10,4599.2470703125
8525,-1.09,10,3516.8863037109377
8526,0.9299999999999999,8,3811.887008666992
8527,-5.03,4,4262.1763916015625
8528,-1.09,10,3121.5330078125
8529,-1.09,10,3901.4546508789062
8530,-1.09,10,4013.181359863281
8531,-1.09,10,4957.536950683594
8532,-1.09,10,3877.4785034179686
8533,-1.09,10,3871.475146484375
8534,-1.58,10,3320.578747558594
8535,-1.09,10,4121.459301757813
8536,-1.03,4,3092.722412109375
8537,-1.09,10,4078.79560546875
8538,-1.09,10,4187.472509765625
8539,-1.09,10,4104.677172851562
8540,-1.58,10,4724.133264160157
8541,-1.09,10,3970.501354980469
8542,4.95,6,4078.663126627604
8543,-1.09,10,4490.907543945313
8544,-1.08,9,4386.324462890625
8545,-1.09,10,3189.2907592773436
8546,-1.09,10,3346.96240234375
8547,4.48,4,3950.32861328125
8548,-1.07,8,3487.236358642578
8549,-1.02,3,3384.3927001953125
8550,-1.58,10,3681.690234375
8551,0.97,4,3551.48828125
8552,-1.09,10,4638.466455078125
8553,-1.58,10,5603.0759765625
8554,0.98,3,4236.04931640625
8555,0.9299999999999999,8,4516.414978027344
8556,-1.09,10,4651.524768066406
8557,-1.09,10,4058.378369140625
8558,0.48,4,3875.5283813476562
8559,-1.09,10,4508.61796875
8560,-1.09,10,3593.50302734375
8561,-1.09,10,4159.400659179688
8562,-1.09,10,4475.561218261719
8563,-1.09,10,5191.783154296875
8564,0.9299999999999999,8,4819.849609375
8565,0.94,7,3363.6768973214284
8566,-1.58,10,4324.804907226562
8567,-1.58,10,3092.379113769531
8568,0.96,5,3115.277978515625
8569,-1.58,10,3348.7626953125
8570,-1.09,10,4112.062652587891
8571,-1.09,10,4402.75830078125
8572,-1.09,10,3843.7634521484374
8573,-1.53,5,3549.1068359375
8574,0.0,3,4253.04833984375
8575,-1.09,10,4621.047521972656
8576,-1.09,10,3527.195751953125
8577,0.97,4,4208.488708496094
8578,-1.09,10,3936.98671875
8579,-1.09,10,5254.910083007812
8580,-1.09,10,4600.931567382812
8581,-1.09,10,3223.7009155273436
8582,-1.09,10,4408.190234375
8583,-1.58,10,4039.7483642578127
8584,-1.58,10,4037.585986328125
8585,-1.09,10,4548.55205078125
8586,0.98,3,4732.314860026042
8587,-5.03,4,4648.8497314453125
8588,-1.09,10,5499.849560546875
8589,-5.04,5,3507.62958984375
8590,0.49,3,3751.03955078125
8591,-1.02,3,4694.979573567708
8592,-1.09,10,4116.995874023438
8593,-1.09,10,3829.4083740234373
8594,-1.09,10,3598.345068359375
8595,0.98,3,2646.5169677734375
8596,-1.09,10,4890.088452148438
8597,-1.03,4,1692.2249755859375
8598,0.98,3,5447.044677734375
8599,-1.09,10,4096.990966796875
8600,-1.58,10,4476.689965820313
8601,-1.09,10,4382.732934570313
8602,-1.09,10,3520.847058105469
8603,-1.04,5,4075.709716796875
8604,-1.09,10,3669.8111328125
8605,-1.09,10,3817.904638671875
8606,4.97,4,3336.79052734375
8607,-1.09,10,4909.57705078125
8608,-1.09,10,4002.2222534179687
8609,-1.03,4,3925.830108642578
8610,-1.09,10,4159.966613769531
8611,-1.05,6,4963.2875569661455
8612,-1.09,10,3949.7821655273438
8613,0.0,3,4952.2051188151045
8614,-1.04,5,4133.2142578125
8615,-1.09,10,3627.5462158203127
8616,-1.07,8,4088.86612701416
8617,-1.04,5,4497.860107421875
8618,-1.09,10,4581.742077636719
8619,-1.09,10,4199.009069824218
8620,4.96,5,4366.450439453125
8621,-1.03,4,4457.562927246094
8622,-1.57,9,4423.973741319444
8623,-1.03,4,4174.856628417969
8624,-1.09,10,3879.1761474609375
8625,-1.09,10,5390.189916992187
8626,-1.58,10,4586.27763671875
8627,-1.09,10,3969.7547607421875
8628,-1.09,10,4062.1850769042967
8629,4.49,3,4058.1443074544272
8630,0.97,4,4167.742980957031
8631,0.97,4,4016.1052856445312
8632,-1.09,10,4504.49052734375
8633,4.93,8,3917.3256072998047
8634,-1.09,10,4385.080346679688
8635,-1.09,10,3611.7359130859377
8636,-1.58,10,3688.687451171875
8637,-1.09,10,3619.073291015625
8638,-1.09,10,3873.395227050781
8639,-1.04,5,4169.5572509765625
8640,-1.04,5,4186.358447265625
8641,-1.09,10,5020.360339355469
8642,0.98,3,3357.7979329427085
8643,-1.09,10,3526.14970703125
8644,-1.58,10,4405.942626953125
8645,-1.58,10,3340.126318359375
8646,-1.09,10,3308.5976684570314
8647,0.92,9,4526.473958333333
8648,-1.09,10,4727.6
8649,-1.09,10,4059.5701416015627
8650,-1.03,4,4522.380310058594
8651,-1.09,10,3806.9175048828124
8652,-1.09,10,3141.1865112304686
8653,0.97,4,3632.9220581054688
8654,-1.09,10,4631.1607421875
8655,-1.58,10,4548.208984375
8656,-1.09,10,3742.59375
8657,-1.09,10,3996.1539672851563
8658,-1.09,10,4213.32373046875
8659,4.98,3,5307.909016927083
8660,-1.09,10,3503.7595336914064
8661,0.98,3,3884.66162109375
8662,-1.09,10,4657.264965820313
8663,-1.09,10,3654.389794921875
8664,-1.09,10,4139.742248535156
8665,-1.09,10,4361.670629882812
8666,-1.09,10,4237.0758056640625
8667,-1.09,10,4879.533923339844
8668,-1.09,10,3897.01796875
8669,-1.02,3,3327.17578125
8670,-1.09,10,4104.2720947265625
8671,-1.58,10,3656.148565673828
8672,-1.09,10,4524.979296875
8673,-1.05,6,4455.09912109375
8674,-1.04,5,5649.566357421875
8675,0.92,9,3474.52294921875
8676,-5.03,4,3418.473388671875
8677,-1.09,10,3813.787353515625
8678,-5.05,6,4525.279541015625
8679,-5.53,5,3170.859228515625
8680,-1.09,10,2967.597998046875
8681,-5.03,4,3124.1172485351562
8682,-1.09,10,3705.6736083984374
8683,4.98,3,4586.002278645833
8684,-1.09,10,5158.909753417969
8685,-1.58,10,4653.230603027344
8686,-1.02,3,5171.924153645833
8687,-1.05,6,2594.985392252604
8688,4.97,4,3456.6549682617188
8689,-1.09,10,4410.624267578125
8690,-1.58,10,3914.055700683594
8691,0.97,4,5270.9251708984375
8692,-5.03,4,3804.9825744628906
8693,4.95,6,3112.1905924479165
8694,-1.09,10,3823.547314453125
8695,-6.0,3,3883.4263509114585
8696,4.95,6,3691.0184733072915
8697,4.92,9,4000.8406032986113
8698,-1.09,10,4574.3607421875
8699,-1.09,10,4270.6732177734375
8700,-1.09,10,3577.2959594726562
8701,-1.58,10,3129.0679931640625
8702,-1.09,10,3518.1918212890623
8703,-5.06,7,4545.725742885044
8704,-1.51,3,4444.499267578125
8705,-1.58,10,3465.7818359375
8706,4.0,3,4694.454264322917
8707,-1.09,10,3698.6566772460938
8708,-1.09,10,4039.7948974609376
8709,-1.09,10,2760.5231323242188
8710,-1.09,10,4577.943957519531
8711,-1.09,10,4281.304888916015
8712,-5.06,7,4258.541608537947
8713,-1.09,10,4494.061206054687
8714,-6.0,3,3396.40625
8715,-1.09,10,4619.015612792969
8716,-1.09,10,3873.333532714844
8717,-1.09,10,5435.767553710937
8718,-1.09,10,4031.324951171875
8719,-1.09,10,5176.85537109375
8720,0.96,5,4093.2677734375
8721,-1.02,3,4223.268880208333
8722,-1.09,10,3512.343640136719
8723,0.0,3,4840.936686197917
8724,-1.06,7,3501.1996721540177
8725,-1.58,10,5327.492333984375
8726,-1.09,10,3570.403942871094
8727,-1.09,10,4005.9585083007814
8728,-1.09,10,3938.5291259765627
8729,-1.09,10,4263.9915771484375
8730,-1.07,8,3739.6951599121094
8731,-1.09,10,4295.174658203125
8732,-1.03,4,3900.9329833984375
8733,-1.09,10,5238.334912109375
8734,-1.06,7,4869.04314313616
8735,-1.58,10,3062.7376342773437
8736,-1.09,10,3823.1107788085938
8737,0.96,5,4893.4361328125
8738,-1.58,10,4726.3580078125
8739,0.96,5,2480.2788330078124
8740,-1.09,10,3479.693115234375
8741,-1.09,10,4460.050854492188
8742,-1.09,10,4601.981396484375
8743,-1.09,10,4302.381750488281
8744,-1.09,10,4018.1011962890625
8745,-1.09,10,5061.538818359375
8746,-1.09,10,5237.496069335937
8747,-1.03,4,2952.1652221679688
8748,-1.09,10,5294.417895507812
8749,-5.05,6,4294.890523274739
8750,-1.09,10,4271.976477050781
8751,4.97,4,4221.475341796875
8752,0.98,3,5650.164876302083
8753,-1.58,10,4765.32783203125
8754,-1.09,10,4812.444775390625
8755,-1.09,10,4484.87705078125
8756,-1.09,10,3630.28896484375
8757,-1.09,10,4876.276013183594
8758,-1.09,10,4445.785620117187
8759,-1.09,10,4926.1680908203125
8760,-1.09,10,3905.0328369140625
8761,-1.58,10,4221.679638671875
8762,-1.05,6,4771.2646077473955
8763,-1.09,10,3267.456640625
8764,-1.04,5,4906.36455078125
8765,-1.09,10,4803.736926269531
8766,-1.58,10,4022.074462890625
8767,-1.09,10,5404.6345703125
8768,-1.09,10,3905.8682861328125
8769,-1.09,10,4418.4945068359375
8770,-1.09,10,5148.6544921875
8771,-1.09,10,4057.7564208984377
8772,0.96,5,5216.349462890625
8773,-1.09,10,3630.042272949219
8774,-1.09,10,4645.864501953125
8775,0.95,6,5066.811848958333
8776,-1.58,10,3754.2342529296875
8777,-1.09,10,4976.27529296875
8778,-1.09,10,4736.887939453125
8779,-5.53,5,4198.134594726563
8780,-1.58,10,4719.546435546875
8781,4.92,9,4872.182427300348
8782,-1.09,10,4286.711376953125
8783,-1.09,10,3922.8811279296874
8784,-1.09,10,4300.715930175781
8785,-1.09,10,3981.2549072265624
8786,-1.58,10,3368.412487792969
8787,4.95,6,4280.9135335286455
8788,-5.06,7,4719.47576032366
8789,-5.04,5,3461.24375
8790,-1.09,10,4722.598071289062
8791,0.97,4,6144.7186279296875
8792,-1.09,10,5205.417724609375
8793,-1.09,10,3984.957373046875
8794,-1.09,10,2988.2152587890623
8795,-1.09,10,3989.217041015625
8796,-1.58,10,4759.068933105469
8797,-1.09,10,3397.4896606445313
8798,0.9299999999999999,8,5349.544708251953
8799,-1.09,10,5683.02265625
8800,4.94,7,4308.833914620535
8801,-5.02,3,4334.980794270833
8802,-1.09,10,5011.370678710938
8803,-1.09,10,4887.465258789062
8804,-1.09,10,3956.6779541015626
8805,-1.06,7,4736.468889508928
8806,-1.09,10,5711.647265625
8807,4.97,4,5609.5758056640625
8808,-1.09,10,6045.811181640625
8809,-1.09,10,5024.770532226563
8810,-1.09,10,4673.320703125
8811,-1.09,10,3642.119250488281
8812,4.97,4,3532.3759765625
8813,-1.09,10,4831.816064453125
8814,0.94,7,3787.5149274553573
8815,0.92,9,4519.110758463542
8816,-1.09,10,3817.7085571289062
8817,0.98,3,5299.24072265625
8818,-1.09,10,4430.4097900390625
8819,-1.58,10,4261.247119140625
8820,-5.05,6,4491.564534505208
8821,0.92,9,4551.530436197917
8822,-1.09,10,5039.79599609375
8823,-1.09,10,3532.4349609375
8824,0.9299999999999999,8,4028.052734375
8825,-1.58,10,4615.797204589844
8826,-1.09,10,4221.293371582031
8827,-1.09,10,3715.7816162109375
8828,-1.09,10,4392.0550537109375
8829,0.96,5,2483.8739013671875
8830,-5.03,4,5229.217712402344
8831,-1.09,10,4519.13759765625
8832,-1.09,10,4375.764306640625
8833,-1.09,10,3605.5653686523438
8834,-1.02,3,4834.12890625
8835,0.92,9,4109.199001736111
8836,-5.02,3,4888.248453776042
8837,0.92,9,4693.530354817708
8838,-1.08,9,3673.6416286892363
8839,0.95,6,6559.590413411458
8840,-1.09,10,4457.09775390625
8841,-1.09,10,4745.9046630859375
8842,-1.09,10,4164.472094726562
8843,-1.09,10,6610.908837890625
8844,3.96,7,3837.8025948660716
8845,-1.09,10,3813.3877197265624
8846,0.98,3,3886.8212076822915
8847,-1.03,4,3010.851593017578
8848,-1.09,10,4337.027392578125
8849,0.96,5,4621.3369140625
8850,-1.09,10,4648.784497070313
8851,-1.09,10,4959.052514648438
8852,0.94,7,4901.65216936384
8853,-1.53,5,3898.61953125
8854,0.94,7,4392.791713169643
8855,-1.09,10,4831.1781005859375
8856,-1.09,10,4170.138818359375
8857,-1.09,10,5161.417431640625
8858,-1.09,10,4747.3052734375
8859,-1.09,10,5436.133032226562
8860,-1.09,10,4403.273327636719
8861,-1.09,10,5144.143896484375
8862,-1.03,4,4404.242370605469
8863,-1.09,10,4027.6906494140626
8864,-1.02,3,2905.6170247395835
8865,-5.05,6,3567.357950846354
8866,-1.09,10,3945.4180908203125
8867,-1.09,10,5189.647888183594
8868,-1.09,10,5140.994897460938
8869,-1.09,10,3865.3760498046877
8870,-1.09,10,5070.103686523437
8871,-1.09,10,4319.262744140625
8872,-1.54,6,5979.990478515625
8873,-1.09,10,5058.840747070312
8874,-1.03,4,4056.603271484375
8875,-1.09,10,4793.997802734375
8876,-5.51,3,3070.84130859375
8877,-1.09,10,4782.626220703125
8878,-1.09,10,4996.8587646484375
8879,4.94,7,4433.80339704241
8880,-1.58,10,5005.477966308594
8881,-1.04,5,3573.53623046875
8882,0.92,9,4059.9109700520835
8883,-1.09,10,4386.162329101562
8884,-1.09,10,4714.140698242188
8885,-1.06,7,4380.436802455357
8886,-1.09,10,3888.118029785156
8887,-1.09,10,4570.320422363281
8888,-1.08,9,3698.7293158637153
8889,-1.09,10,4467.7891845703125
8890,0.0,3,2988.2960611979165
8891,0.9299999999999999,8,3630.962921142578
8892,-1.09,10,4363.148120117187
8893,-1.09,10,4291.55771484375
8894,-1.09,10,4441.7212890625
8895,0.98,3,4985.128499348958
8896,-1.04,5,4007.702197265625
8897,-1.53,5,4679.51171875
8898,-1.09,10,4231.669836425781
8899,-1.09,10,4866.574572753906
8900,-1.09,10,4715.491650390625
8901,-5.02,3,4341.672526041667
8902,-1.09,10,4087.1663452148437
8903,4.98,3,4838.50927734375
8904,-1.09,10,3905.0482666015623
8905,4.49,3,2068.9132080078125
8906,-1.09,10,3984.77353515625
8907,-1.09,10,4027.615124511719
8908,-5.07,8,4858.689697265625
8909,-1.09,10,3784.2893310546874
8910,0.95,6,4155.3960367838545
8911,-1.09,10,5543.077001953125
8912,0.92,9,4099.846706814236
8913,-1.03,4,4183.8134765625
8914,-1.09,10,4030.01953125
8915,0.49,3,5572.27880859375
8916,-1.58,10,4172.271215820312
8917,-1.09,10,4158.844006347656
8918,0.95,6,4322.8371175130205
8919,-1.09,10,3575.733850097656
8920,-1.09,10,5131.446557617188
8921,-1.07,8,3488.412872314453
8922,-1.09,10,3996.33740234375
8923,-1.09,10,4601.01748046875
8924,-1.58,10,3994.4413330078123
8925,-1.09,10,3739.884240722656
8926,-1.09,10,4141.873291015625
8927,-1.09,10,3939.7712646484374
8928,-1.09,10,4949.00712890625
8929,-1.09,10,3535.975720214844
8930,-1.09,10,4771.65673828125
8931,-1.09,10,4249.990258789063
8932,-1.09,10,4605.930419921875
8933,0.92,9,6369.583523220486
8934,-1.09,10,4673.4455078125
8935,4.92,9,4984.253092447917
8936,-1.09,10,6126.649365234375
8937,0.95,6,3325.5628458658853
8938,-1.09,10,6243.450927734375
8939,0.98,3,4100.455159505208
8940,0.97,4,7266.325927734375
8941,-1.09,10,3551.321984863281
8942,-1.09,10,5227.021508789063
8943,-1.58,10,4743.658850097656
8944,0.9299999999999999,8,4203.034088134766
8945,-1.09,10,3462.1863037109374
8946,-1.09,10,4897.0041015625
8947,0.43999999999999995,8,4873.248626708984
8948,0.9299999999999999,8,4768.513397216797
8949,-1.09,10,4454.44609375
8950,-1.02,3,5881.0029296875
8951,-1.09,10,4851.153381347656
8952,-1.09,10,3642.09169921875
8953,-1.09,10,4209.826098632812
8954,-1.09,10,5464.290991210937
8955,-1.09,10,3888.1977416992186
8956,-1.03,4,5293.7506103515625
8957,-1.09,10,4837.751684570312
8958,-1.09,10,4683.3551025390625
8959,0.94,7,4569.117745535715
8960,0.95,6,5597.8003336588545
8961,-1.58,10,4328.8182373046875
8962,4.93,8,3931.0316009521484
8963,-1.09,10,4600.761499023438
8964,-1.09,10,4844.49990234375
8965,-1.09,10,4650.25029296875
8966,-1.09,10,4917.419409179687
8967,-1.09,10,4369.000720214844
8968,4.94,7,4311.96337890625
8969,-5.04,5,6114.5919921875
8970,-1.09,10,4823.146313476563
8971,-1.58,10,4318.809326171875
8972,-1.09,10,4932.561767578125
8973,0.96,5,5328.775244140625
8974,-1.09,10,3974.00224609375
8975,-5.05,6,4420.8548583984375
8976,-1.58,10,4058.834020996094
8977,-1.09,10,4627.220385742187
8978,0.95,6,4782.944091796875
8979,-1.09,10,5400.21572265625
8980,-1.09,10,5047.280798339843
8981,4.96,5,4228.209619140625
8982,-1.09,10,4383.1466796875
8983,-1.09,10,4110.285791015625
8984,-1.09,10,3017.5621948242188
8985,4.93,8,4894.522109985352
8986,0.98,3,4606.713785807292
8987,-1.09,10,4700.621020507812
8988,-1.58,10,3134.237841796875
8989,0.95,6,4811.144856770833
8990,-1.09,10,4304.987768554687
8991,-1.09,10,3924.1108642578124
8992,0.96,5,2811.710498046875
8993,0.92,9,3344.219523111979
8994,-1.58,10,4210.202001953125
8995,-1.58,10,3890.6057373046874
8996,-1.04,5,4126.23271484375
8997,-1.09,10,4527.461328125
8998,-1.08,9,4161.6914469401045
8999,0.92,9,4962.025797526042
9000,-1.09,10,4576.488623046875
9001,-1.09,10,4053.679345703125
9002,-1.09,10,4947.116259765625
9003,-1.04,5,2765.9628173828123
9004,-1.09,10,4127.154724121094
9005,-1.09,10,4382.51240234375
9006,-1.09,10,3286.25625
9007,-1.09,10,4407.57314453125
9008,-1.09,10,4629.988513183594
9009,-1.09,10,5691.2886962890625
9010,-1.09,10,4481.00341796875
9011,-1.09,10,4201.141577148437
9012,-1.09,10,5256.433068847657
9013,-1.58,10,4221.554406738282
9014,0.96,5,7001.381494140625
9015,-1.09,10,4259.211010742188
9016,-1.09,10,4769.52236328125
9017,-1.09,10,4842.003076171875
9018,-1.09,10,4437.8021240234375
9019,4.49,3,3893.940388997396
9020,-1.58,10,4891.03359375
9021,-1.09,10,4603.856011962891
9022,-1.09,10,4662.662341308594
9023,-1.09,10,4273.663916015625
9024,-1.09,10,4788.91708984375
9025,-1.58,10,5592.736596679688
9026,-1.09,10,3630.4791870117188
9027,4.92,9,5097.272867838542
9028,-5.03,4,3122.3112182617188
9029,-1.09,10,4327.51337890625
9030,-1.09,10,4593.75380859375
9031,0.92,9,5439.461968315973
9032,-1.58,10,4753.040454101562
9033,-1.09,10,5457.582934570312
9034,-1.09,10,5558.552490234375
9035,-1.09,10,5599.148510742188
9036,-1.07,8,4414.587615966797
9037,-5.05,6,4474.84814453125
9038,-1.09,10,4913.504174804688
9039,-5.06,7,4492.940621512277
9040,-1.09,10,4617.823461914062
9041,4.93,8,4686.297027587891
9042,-1.09,10,4923.759326171875
9043,4.96,5,5311.930712890625
9044,-1.09,10,4716.760034179688
9045,-1.09,10,3638.8227294921876
9046,0.97,4,4623.879150390625
9047,-1.09,10,4723.179223632813
9048,-1.09,10,5657.042419433594
9049,-1.09,10,5302.468103027344
9050,-1.07,8,4925.098480224609
9051,-1.09,10,3205.8034912109374
9052,-1.09,10,4566.2191162109375
9053,-1.09,10,4499.821508789062
9054,4.93,8,4789.963668823242
9055,-1.09,10,4200.6705078125
9056,-1.09,10,5184.566796875
9057,-1.09,10,4620.522973632813
9058,-1.58,10,4632.652368164063
9059,-1.09,10,3803.7581298828127
9060,-1.09,10,5112.749462890625
9061,-1.09,10,4494.35419921875
9062,-1.09,10,5756.003564453125
9063,-1.09,10,4202.9093017578125
9064,-1.09,10,5178.671362304687
9065,-1.09,10,4284.653002929687
9066,-1.09,10,3888.32353515625
9067,-5.04,5,3667.47822265625
9068,-1.09,10,3706.3804321289062
9069,-1.09,10,3871.4609619140624
9070,0.92,9,4365.393242730035
9071,-1.09,10,5309.3998046875
9072,-1.09,10,5422.020361328125
9073,-1.58,10,5065.139306640625
9074,4.98,3,4164.819742838542
9075,-1.09,10,4689.816271972656
9076,-1.09,10,5698.9802734375
9077,-1.09,10,4969.004711914063
9078,0.97,4,3202.4451904296875
9079,-1.09,10,4677.70830078125
9080,-5.08,9,4330.791069878473
9081,-5.52,4,4966.3482666015625
9082,-2.0,3,4637.911295572917
9083,4.97,4,4155.223693847656
9084,-1.09,10,3422.9956787109377
9085,-1.09,10,3806.3969970703124
9086,-1.09,10,4830.23642578125
9087,0.96,5,4735.86171875
9088,-1.09,10,3606.778369140625
9089,-1.09,10,4797.027868652343
9090,-1.09,10,5404.794091796875
9091,-1.08,9,5105.854031032986
9092,-1.09,10,5341.009448242187
9093,-1.09,10,4980.292724609375
9094,-1.09,10,5224.228051757813
9095,-1.09,10,3842.55400390625
9096,-1.58,10,3429.3297485351563
9097,4.97,4,4555.853942871094
9098,-5.02,3,9971.782145182291
9099,-1.09,10,4727.430737304688
9100,-1.09,10,5251.417626953125
9101,0.9299999999999999,8,3734.5303802490234
9102,0.95,6,5434.60107421875
9103,-1.58,10,4287.944775390625
9104,-1.09,10,5166.795971679688
9105,-1.09,10,3434.96943359375
9106,-1.09,10,4891.751196289062
9107,-1.09,10,4854.533032226563
9108,-1.09,10,4408.453344726562
9109,-1.58,10,4841.8580322265625
9110,-1.09,10,4868.959912109375
9111,-1.06,7,4662.745884486607
9112,-1.04,5,4118.759521484375
9113,-1.02,3,4750.186767578125
9114,-1.09,10,4516.243786621094
9115,-1.09,10,4706.65302734375
9116,-1.09,10,5747.051342773438
9117,-1.07,8,5273.132415771484
9118,-1.09,10,5634.080322265625
9119,-1.09,10,5317.841137695313
9120,-1.05,6,5420.761962890625
9121,-1.09,10,3892.0381103515624
9122,-1.09,10,4505.775903320313
9123,-1.09,10,4184.1859130859375
9124,-1.09,10,4522.71904296875
9125,-1.09,10,3912.783154296875
9126,-6.0,3,4059.7401529947915
9127,0.97,4,5331.539306640625
9128,-1.09,10,3510.189404296875
9129,-1.09,10,4088.070166015625
9130,-1.09,10,4690.204663085938
9131,-1.58,10,3752.752099609375
9132,-1.09,10,3695.8421875
9133,0.96,5,5332.2591796875
9134,0.96,5,3533.060595703125
9135,-1.08,9,5118.30036078559
9136,-1.08,9,4763.67138671875
9137,0.96,5,4595.181298828125
9138,0.43999999999999995,8,3743.177276611328
9139,-1.06,7,4665.065813337053
9140,-1.07,8,4863.860046386719
9141,-1.09,10,3379.927941894531
9142,-1.09,10,4360.257177734375
9143,0.97,4,3814.2362670898438
9144,-1.09,10,4984.617944335938
9145,-1.09,10,5451.8914794921875
9146,-1.09,10,4830.4703369140625
9147,-1.09,10,4173.252709960938
9148,-1.09,10,4959.64248046875
9149,-1.09,10,4720.299487304687
9150,-1.09,10,4710.72470703125
9151,-1.09,10,3911.485009765625
9152,4.43,9,4399.476318359375
9153,-1.09,10,4299.893725585937
9154,-1.09,10,5972.30029296875
9155,-1.09,10,3742.47890625
9156,-1.09,10,3274.061315917969
9157,-1.09,10,5548.432409667968
9158,-1.09,10,4842.256762695312
9159,-1.09,10,4365.981127929687
9160,-1.09,10,5242.674462890625
9161,-1.09,10,4859.9626953125
9162,-1.09,10,5177.339086914062
9163,-1.09,10,5433.695263671875
9164,-1.09,10,5298.885571289063
9165,-1.09,10,3601.4224609375
9166,-1.09,10,6075.875451660157
9167,-1.09,10,5259.267065429687
9168,-1.58,10,3944.8757568359374
9169,-1.09,10,3980.373828125
9170,4.93,8,4210.771942138672
9171,-1.09,10,6072.451342773437
9172,-1.09,10,3936.161413574219
9173,-1.09,10,4405.938647460937
9174,-1.09,10,5157.894775390625
9175,-1.09,10,5070.322802734375
9176,-1.03,4,4069.0872802734375
9177,-1.09,10,4077.9462646484376
9178,-1.09,10,3642.0273193359376
9179,0.0,3,5362.615234375
9180,-1.09,10,4524.332092285156
9181,-1.09,10,4525.932238769531
9182,-1.09,10,3916.97236328125
9183,4.95,6,4175.311604817708
9184,-1.58,10,4169.134912109375
9185,-1.09,10,4642.106591796875
9186,-5.55,7,5432.180890764509
9187,-1.09,10,4452.016223144531
9188,-1.09,10,5166.300463867187
9189,-1.09,10,4748.965576171875
9190,-1.04,5,4812.594580078125
9191,-1.09,10,5264.837341308594
9192,-1.09,10,4611.647521972656
9193,-1.09,10,5232.09150390625
9194,0.94,7,4690.467424665178
9195,-1.09,10,4923.923388671875
9196,-1.09,10,4886.200219726563
9197,-1.58,10,5804.241845703125
9198,-1.09,10,5248.608374023437
9199,-1.09,10,5757.738696289062
9200,4.0,3,5965.304036458333
9201,-1.09,10,4191.57060546875
9202,-1.09,10,2989.8925659179686
9203,-1.09,10,5478.164721679687
9204,4.93,8,4426.073272705078
9205,4.96,5,5286.71767578125
9206,-1.09,10,4890.882397460938
9207,-1.09,10,5248.3953125
9208,-1.09,10,5338.0865478515625
9209,-1.09,10,5438.6203125
9210,-1.05,6,5194.088785807292
9211,-1.09,10,5934.445385742188
9212,-1.06,7,4176.497488839285
9213,-1.07,8,5281.797058105469
9214,-1.09,10,5398.213549804687
9215,-1.09,10,4094.1520751953126
9216,-1.09,10,4766.598706054688
9217,-1.03,4,4652.331634521484
9218,-1.09,10,4918.293676757812
9219,-1.51,3,5603.072672526042
9220,-1.09,10,3464.8784301757814
9221,4.92,9,5852.804416232639
9222,-1.09,10,5023.51337890625
9223,-1.09,10,6040.4130859375
9224,-1.06,7,3258.7398856026784
9225,-1.09,10,5287.416455078125
9226,0.92,9,5146.452202690973
9227,-1.09,10,4218.650073242187
9228,-1.58,10,4872.498645019531
9229,-1.09,10,5723.95087890625
9230,-1.09,10,4999.428173828125
9231,-1.04,5,4796.154150390625
9232,-1.09,10,4694.578186035156
9233,-5.06,7,5627.381975446428
9234,-1.09,10,3869.0612182617188
9235,-1.09,10,4355.34638671875
9236,-1.09,10,5109.786669921875
9237,-1.09,10,5221.1357421875
9238,-1.09,10,5876.719165039062
9239,-1.58,10,4820.41201171875
9240,-1.05,6,5749.69384765625
9241,-1.09,10,4472.0184326171875
9242,-1.09,10,4079.7883056640626
9243,-1.09,10,5247.312280273438
9244,-1.04,5,4021.192822265625
9245,-1.09,10,4836.031567382813
9246,-1.09,10,5565.602270507812
9247,-1.58,10,4266.295166015625
9248,-1.09,10,4392.393579101563
9249,-1.09,10,4698.4998779296875
9250,-1.09,10,4580.237451171875
9251,-1.56,8,5476.911895751953
9252,0.96,5,4519.885693359375
9253,-1.09,10,5219.943383789063
9254,-1.09,10,5334.03173828125
9255,-1.09,10,4800.725390625
9256,-1.09,10,4491.3267578125
9257,0.98,3,6441.4638671875
9258,-1.58,10,5185.759106445313
9259,0.97,4,3314.2109985351562
9260,-1.09,10,4976.929541015625
9261,0.97,4,5301.9451904296875
9262,-1.09,10,4626.77333984375
9263,-1.58,10,5306.780297851563
9264,-1.09,10,6223.630017089844
9265,-1.09,10,5679.677026367188
9266,-1.09,10,3839.0029907226562
9267,-1.03,4,5533.462463378906
9268,-1.09,10,5046.47939453125
9269,-1.09,10,6138.25126953125
9270,-1.09,10,4374.576098632812
9271,0.95,6,4567.178792317708
9272,-1.58,10,4839.0311279296875
9273,-1.09,10,4591.198266601563
9274,-1.09,10,4940.5057373046875
9275,-1.09,10,3940.7625244140627
9276,-1.58,10,5706.9330078125
9277,4.97,4,6645.419250488281
9278,-1.09,10,5507.385522460938
9279,-1.09,10,5747.887890625
9280,-1.09,10,5285.14345703125
9281,-1.07,8,5683.691070556641
9282,-1.09,10,5862.3226318359375
9283,4.93,8,5734.775695800781
9284,-1.09,10,4161.152294921875
9285,-1.03,4,6242.421630859375
9286,-1.09,10,4113.893872070313
9287,-1.09,10,4855.145666503906
9288,-1.09,10,5325.175732421875
9289,-1.09,10,5394.310083007813
9290,4.93,8,5280.8927001953125
9291,-1.09,10,4633.312744140625
9292,-1.09,10,6217.261694335937
9293,-1.09,10,4831.105603027344
9294,-1.09,10,6073.41513671875
9295,-1.09,10,5992.844409179687
9296,-1.09,10,4905.123803710938
9297,-1.09,10,4515.16142578125
9298,0.96,5,6242.1982421875
9299,-1.09,10,5673.180004882813
9300,-1.02,3,5116.486409505208
9301,-1.09,10,4077.3232299804686
9302,-1.09,10,4859.113818359375
9303,-1.09,10,3725.715869140625
9304,-1.09,10,4755.903039550782
9305,-1.09,10,4397.961975097656
9306,-1.09,10,4917.183056640625
9307,-1.09,10,3875.7554321289062
9308,-1.02,3,3597.902058919271
9309,-1.09,10,5068.034106445312
9310,-1.58,10,4008.364013671875
9311,-1.09,10,4867.7783203125
9312,-1.09,10,5076.415185546875
9313,-1.09,10,4338.7541015625
9314,-1.09,10,5578.54287109375
9315,-1.09,10,5797.665112304688
9316,-1.09,10,4269.254931640625
9317,0.96,5,6657.44716796875
9318,-1.03,4,5893.7418212890625
9319,-1.09,10,4356.096411132812
9320,-1.09,10,5392.399426269531
9321,4.98,3,4400.612223307292
9322,-1.58,10,5427.718237304687
9323,-1.09,10,5009.222961425781
9324,4.93,8,5025.515655517578
9325,-1.09,10,5130.738061523438
9326,-1.09,10,4043.563720703125
9327,0.95,6,5294.456217447917
9328,0.98,3,2708.6513671875
9329,-1.09,10,4928.12392578125
9330,-1.09,10,4901.13349609375
9331,-1.09,10,3891.5443603515623
9332,-5.08,9,5133.061197916667
9333,-5.06,7,6360.3203125
9334,-1.09,10,5330.713940429688
9335,-1.09,10,5283.06181640625
9336,-1.05,6,4468.7709554036455
9337,-1.09,10,5308.3963623046875
9338,-5.02,3,3915.5817057291665
9339,-1.09,10,5937.94033203125
9340,-1.09,10,4909.694482421875
9341,-1.03,4,3075.881103515625
9342,-1.58,10,5081.267553710937
9343,-1.09,10,3878.434216308594
9344,-1.03,4,6004.44775390625
9345,-1.09,10,4889.5855712890625
9346,-1.03,4,3244.838409423828
9347,-1.04,5,5395.080224609375
9348,-1.09,10,5336.466162109375
9349,-1.09,10,4693.424047851562
9350,0.98,3,5880.745930989583
9351,-1.03,4,5125.704162597656
9352,-1.09,10,5259.169348144531
9353,-1.09,10,4450.376953125
9354,-1.09,10,5892.761572265625
9355,-1.09,10,5926.751123046875
9356,-1.09,10,5160.4638671875
9357,-1.58,10,4095.92109375
9358,-1.58,10,5819.244189453125
9359,-1.09,10,4130.526147460938
9360,-1.09,10,4491.757543945312
9361,-1.09,10,5398.883142089844
9362,-1.09,10,4493.681164550781
9363,-1.09,10,4140.532666015625
9364,4.96,5,2398.39619140625
9365,-5.07,8,5683.750762939453
9366,-5.04,5,5231.506396484375
9367,-1.09,10,5471.802355957031
9368,4.97,4,5256.066650390625
9369,-1.09,10,4230.619311523437
9370,-1.09,10,5094.953857421875
9371,-1.09,10,4668.670275878906
9372,-1.09,10,5360.83154296875
9373,-1.09,10,4566.755200195313
9374,-1.09,10,4795.8044921875
9375,-1.09,10,4535.694165039063
9376,-1.09,10,5307.044287109375
9377,-1.09,10,4423.862841796875
9378,-1.09,10,3930.80703125
9379,-1.09,10,4680.063305664063
9380,-1.09,10,3860.0654052734376
9381,-1.09,10,7035.4568359375
9382,-1.09,10,4558.038720703125
9383,-1.09,10,4682.108837890625
9384,-1.09,10,3879.526318359375
9385,-1.09,10,5251.37021484375
9386,-1.58,10,3887.1681884765626
9387,4.95,6,4231.566731770833
9388,-1.09,10,6075.3556640625
9389,-1.09,10,5674.250317382813
9390,-1.09,10,5143.158984375
9391,-1.09,10,4959.806616210937
9392,-1.09,10,4352.328442382813
9393,0.97,4,6355.034362792969
9394,-1.09,10,4789.471472167968
9395,0.98,3,5052.0458984375
9396,0.94,7,4366.177054268973
9397,-1.09,10,5771.9349365234375
9398,-1.09,10,3918.6162719726562
9399,-1.09,10,5779.997290039062
9400,-1.09,10,4876.7398681640625
9401,-1.09,10,5270.886267089843
9402,-1.09,10,4215.04560546875
9403,-1.09,10,5812.057507324219
9404,0.98,3,5590.909993489583
9405,-1.09,10,5084.510888671875
9406,-1.09,10,5244.805151367187
9407,-1.58,10,4925.4959716796875
9408,4.95,6,4342.8336181640625
9409,0.47,5,3728.5826171875
9410,0.95,6,5002.5724690755205
9411,-1.09,10,3617.5822509765626
9412,-1.09,10,3987.2081909179688
9413,0.98,3,3530.1946614583335
9414,-1.09,10,6502.86650390625
9415,-1.09,10,5524.609350585937
9416,4.94,7,6473.228306361607
9417,-1.09,10,5494.9638671875
9418,-1.58,10,5532.799877929688
9419,-1.58,10,4823.731390380859
9420,-5.02,3,3920.15283203125
9421,-1.09,10,4911.96064453125
9422,-1.09,10,4427.366027832031
9423,-1.09,10,4852.031176757812
9424,0.95,6,4624.599446614583
9425,-5.02,3,4749.622395833333
9426,-1.09,10,4522.247094726563
9427,-1.09,10,4242.879052734375
9428,-1.02,3,3885.2853190104165
9429,-1.09,10,5004.940380859375
9430,4.94,7,3751.43896484375
9431,-1.09,10,4516.558947753906
9432,-1.09,10,5430.04052734375
9433,-1.06,7,4957.430036272322
9434,0.49,3,4121.740966796875
9435,-1.09,10,5738.861352539063
9436,-1.09,10,5527.273498535156
9437,-1.09,10,4756.701953125
9438,-1.09,10,4877.629248046875
9439,-1.04,5,5112.181689453125
9440,-1.58,10,4702.746057128907
9441,-1.09,10,6113.926232910157
9442,0.49,3,4692.049967447917
9443,-1.09,10,4322.71025390625
9444,-1.58,10,5368.888842773437
9445,-1.09,10,5463.567407226563
9446,-1.09,10,5606.300805664063
9447,-1.58,10,4564.628454589843
9448,-5.04,5,6654.9138671875
9449,-1.09,10,5444.176293945313
9450,-1.09,10,4495.876135253906
9451,-1.05,6,4314.047770182292
9452,-1.58,10,4413.663012695312
9453,-1.09,10,5363.66904296875
9454,0.44999999999999996,7,5052.508440290178
9455,-1.09,10,5214.40888671875
9456,-1.09,10,5274.210900878907
9457,-1.09,10,5751.725732421875
9458,4.96,5,6535.25087890625
9459,-5.02,3,4489.931396484375
9460,-1.09,10,4504.118432617188
9461,4.98,3,4774.918131510417
9462,-1.09,10,4706.3763427734375
9463,4.0,3,5001.73828125
9464,-1.09,10,4106.562512207031
9465,-1.09,10,5172.16171875
9466,-1.09,10,4602.377209472656
9467,-5.07,8,5433.6788330078125
9468,-5.03,4,7048.1663818359375
9469,-1.09,10,5121.197192382812
9470,-1.09,10,4927.925732421875
9471,-1.09,10,4000.6597900390625
9472,-1.09,10,5772.979187011719
9473,-1.09,10,4487.046069335937
9474,-1.09,10,4665.655932617187
9475,-1.09,10,4424.759521484375
9476,0.98,3,4729.029296875
9477,-1.09,10,5357.8591796875
9478,0.9299999999999999,8,3231.0677795410156
9479,-1.09,10,5768.09521484375
9480,-1.09,10,4699.006640625
9481,-1.09,10,3948.7432250976562
9482,-1.58,10,5224.214208984375
9483,-1.09,10,3381.713244628906
9484,-1.09,10,5050.4554443359375
9485,-1.09,10,4498.320776367187
9486,-1.09,10,6618.59072265625
9487,-1.09,10,5100.0013427734375
9488,-1.09,10,6063.363464355469
9489,-1.09,10,4556.722216796875
9490,-1.09,10,5764.179833984375
9491,-1.58,10,5412.902722167969
9492,-5.05,6,5185.2332763671875
9493,-1.09,10,5259.2169189453125
9494,-1.09,10,5227.527612304688
9495,-1.09,10,7351.900537109375
9496,-1.09,10,5531.169409179687
9497,-1.58,10,5929.309606933593
9498,-1.09,10,3804.8365478515625
9499,-1.09,10,4630.90234375
9500,-1.09,10,5091.49716796875
9501,-1.09,10,5387.89150390625
9502,0.96,5,5988.033203125
9503,-1.09,10,5171.502465820313
9504,-1.58,10,4633.466760253907
9505,-1.09,10,4218.513159179687
9506,-1.03,4,3596.7583923339844
9507,-1.09,10,5411.229638671875
9508,-1.58,10,5871.17275390625
9509,-1.09,10,3961.4757080078125
9510,-1.09,10,4804.465258789062
9511,4.94,7,4690.32976422991
9512,-1.09,10,5446.639819335937
9513,-1.09,10,4906.989770507813
9514,-1.09,10,5739.864599609375
9515,-1.09,10,6265.375903320312
9516,4.92,9,4674.7421468098955
9517,-1.09,10,5064.455322265625
9518,-1.58,10,5931.711572265625
9519,0.95,6,5684.314860026042
9520,-1.09,10,5451.4583740234375
9521,-1.09,10,4980.773168945312
9522,-1.09,10,4596.9488525390625
9523,-1.09,10,6690.95380859375
9524,-1.58,10,6017.933837890625
9525,-1.09,10,5776.2662109375
9526,-1.09,10,5619.223315429687
9527,-1.09,10,4154.663793945312
9528,-1.09,10,5000.125561523438
9529,-1.09,10,5292.4444580078125
9530,-1.09,10,5533.34970703125
9531,-1.09,10,5257.986157226563
9532,-1.09,10,5426.151220703125
9533,-1.09,10,5337.5515625
9534,-1.09,10,5624.644384765625
9535,-1.09,10,5497.848913574218
9536,-1.09,10,3690.042578125
9537,-1.09,10,5402.389379882812
9538,-1.09,10,6145.902563476562
9539,-1.58,10,4693.681396484375
9540,4.95,6,4550.499918619792
9541,-5.04,5,6429.005322265625
9542,-1.58,10,5174.873461914062
9543,-5.02,3,5004.18701171875
9544,4.96,5,3364.432666015625
9545,-1.04,5,7494.6986328125
9546,-1.09,10,5337.14580078125
9547,-1.09,10,5979.2041015625
9548,-1.09,10,5245.49267578125
9549,0.92,9,4868.250379774306
9550,-1.09,10,5246.782495117188
9551,0.9299999999999999,8,4101.8421630859375
9552,-1.09,10,4074.548876953125
9553,-1.09,10,5815.458569335938
9554,-1.09,10,4866.5466796875
9555,-1.09,10,4986.887841796875
9556,-1.09,10,5560.16962890625
9557,-1.08,9,5394.322970920139
9558,-1.09,10,3405.16513671875
9559,-1.09,10,5593.817651367188
9560,-1.09,10,5136.232421875
9561,-1.09,10,4832.137634277344
9562,-1.09,10,5160.929028320313
9563,-1.05,6,3933.74560546875
9564,-1.09,10,6196.351171875
9565,4.97,4,5709.493408203125
9566,-1.58,10,5224.595520019531
9567,-1.09,10,5865.360705566406
9568,-1.09,10,4778.3157958984375
9569,-5.04,5,5422.542822265625
9570,-1.09,10,4257.380834960937
9571,-1.09,10,4356.766430664063
9572,-1.09,10,4443.829138183593
9573,-1.07,8,4443.686050415039
9574,-1.09,10,4658.715356445313
9575,-1.09,10,5101.987194824219
9576,-1.09,10,6043.29716796875
9577,-1.09,10,5139.382836914063
9578,-1.09,10,3941.2390869140627
9579,-1.07,8,5037.476837158203
9580,-1.09,10,5908.307507324219
9581,-1.08,9,5961.110270182292
9582,-1.09,10,5103.2086181640625
9583,-1.09,10,6120.419750976563
9584,-1.09,10,5227.809033203125
9585,-1.09,10,5393.583123779297
9586,-1.58,10,4091.2545654296873
9587,-1.09,10,5843.9267578125
9588,0.95,6,4439.564554850261
9589,-1.58,10,5056.680993652344
9590,-1.04,5,4188.185400390625
9591,-1.09,10,5763.741748046875
9592,-1.09,10,5037.852368164063
9593,-1.09,10,6229.156005859375
9594,-1.09,10,4287.62978515625
9595,-1.09,10,3191.0489135742187
9596,-1.09,10,5303.468725585937
9597,-1.07,8,3645.7007446289062
9598,-1.09,10,5854.407763671875
9599,-1.09,10,4443.95439453125
9600,-1.09,10,4579.088757324219
9601,-1.09,10,3705.3237426757814
9602,-1.09,10,5462.5666015625
9603,-1.09,10,2780.4296752929686
9604,-1.58,10,5644.495629882813
9605,-1.09,10,4546.307482910156
9606,-1.58,10,5251.677954101562
9607,-1.05,6,5696.5302734375
9608,-1.09,10,4729.611010742187
9609,0.42999999999999994,9,6158.454155815973
9610,0.98,3,5815.914225260417
9611,-1.09,10,5638.567553710937
9612,-1.09,10,6169.994067382812
9613,-1.09,10,5963.275952148438
9614,-1.09,10,5471.285302734375
9615,-1.09,10,4498.5313720703125
9616,0.95,6,4330.341654459636
9617,-1.09,10,5632.753637695312
9618,-1.09,10,4866.261767578125
9619,-1.09,10,4766.798718261719
9620,-1.09,10,5493.983056640625
9621,-1.09,10,4832.7545166015625
9622,-1.09,10,5125.741284179688
9623,-1.09,10,5153.345239257813
9624,-1.09,10,4774.929248046875
9625,-5.02,3,7574.856119791667
9626,-1.09,10,4549.082421875
9627,-1.58,10,4736.102770996094
9628,-1.09,10,4830.711657714844
9629,-1.09,10,4534.173083496094
9630,-1.09,10,5706.750561523438
9631,-1.09,10,6429.708471679687
9632,-5.05,6,5223.530029296875
9633,-1.09,10,5108.38447265625
9634,-1.09,10,4974.345593261719
9635,-1.09,10,6095.457250976562
9636,-1.09,10,4951.505883789063
9637,-1.09,10,5211.26943359375
9638,-1.09,10,6391.73984375
9639,-1.09,10,6825.347094726562
9640,4.96,5,3011.6509521484377
9641,-1.09,10,5320.759350585938
9642,-1.58,10,5235.790380859375
9643,4.96,5,3950.340673828125
9644,4.98,3,2940.1746419270835
9645,4.98,3,4823.168782552083
9646,-1.09,10,6001.02255859375
9647,-1.58,10,4547.158227539063
9648,-1.09,10,4336.948754882813
9649,-1.58,10,5645.584643554687
9650,-1.09,10,4238.019274902344
9651,-5.06,7,5202.512486049107
9652,-1.06,7,3722.8618512834823
9653,-1.07,8,5889.893447875977
9654,-1.09,10,5971.076135253907
9655,0.95,6,7124.123291015625
9656,-1.09,10,5634.078833007812
9657,-1.02,3,3058.6861165364585
9658,-1.09,10,5432.504370117187
9659,-1.58,10,5524.022485351563
9660,-1.05,6,6532.870849609375
9661,-1.09,10,5028.658410644532
9662,-1.09,10,6395.410986328125
9663,-1.09,10,5214.387426757812
9664,-1.09,10,5107.045971679688
9665,-1.09,10,4342.32626953125
9666,-1.09,10,4450.711694335938
9667,-1.09,10,6153.7478515625
9668,-1.09,10,4678.13125
9669,-1.02,3,6186.9404296875
9670,-1.05,6,6128.278238932292
9671,-1.09,10,4292.199731445313
9672,-1.09,10,4206.297106933594
9673,-1.58,10,5750.06240234375
9674,-5.02,3,5824.270833333333
9675,-1.09,10,4993.7379150390625
9676,-1.09,10,5727.3074951171875
9677,-1.09,10,6201.90732421875
9678,-1.09,10,5549.253857421875
9679,-1.58,10,5895.033544921875
9680,-1.09,10,5836.263732910156
9681,4.94,7,5360.939017159598
9682,-5.07,8,6054.21630859375
9683,-1.09,10,3819.9688354492187
9684,-1.09,10,4821.292822265625
9685,-1.09,10,6028.8409423828125
9686,-1.06,7,7508.044712611607
9687,-1.09,10,3882.0145874023438
9688,-1.09,10,4897.907861328125
9689,-1.09,10,6700.444287109375
9690,-1.09,10,5663.099877929688
9691,-1.02,3,5977.01171875
9692,0.94,7,6678.2607421875
9693,0.92,9,3213.1866997612847
9694,0.92,9,6295.168728298611
9695,-1.09,10,5727.280908203125
9696,-1.09,10,4835.824255371093
9697,-1.09,10,4965.9689453125
9698,-1.09,10,5341.865551757813
9699,-1.09,10,6448.672290039062
9700,-5.02,3,7762.840983072917
9701,0.96,5,5461.3296875
9702,-1.05,6,3463.94189453125
9703,-1.09,10,5043.8782958984375
9704,-1.09,10,4681.230249023438
9705,-1.09,10,5713.834204101562
9706,-1.09,10,5081.9189453125
9707,0.96,5,6315.72607421875
9708,-1.58,10,5703.778393554688
9709,-1.09,10,6332.854467773437
9710,0.94,7,4615.93523297991
9711,-1.07,8,6739.7734375
9712,-1.09,10,5192.969384765625
9713,-1.09,10,5630.102319335938
9714,0.97,4,6248.951721191406
9715,-1.09,10,5392.0404052734375
9716,-1.09,10,5213.601171875
9717,-1.58,10,5808.397863769531
9718,-1.09,10,6074.55
9719,-1.09,10,4394.785229492188
9720,-5.51,3,6312.973795572917
9721,-1.09,10,6742.842138671875
9722,-1.09,10,5800.432397460938
9723,-1.09,10,6000.919580078125
9724,-1.58,10,5825.106274414063
9725,-1.09,10,5089.515100097657
9726,-1.09,10,7081.13330078125
9727,-1.09,10,4923.867163085937
9728,-1.09,10,4257.528161621094
9729,-1.09,10,5179.7154296875
9730,-1.09,10,6311.2197265625
9731,-5.08,9,5938.781277126736
9732,-1.09,10,4285.382763671875
9733,0.94,7,5369.198346819197
9734,-1.09,10,5124.978778076172
9735,-1.58,10,5363.538671875
9736,-1.09,10,4939.228845214844
9737,0.92,9,6453.981038411458
9738,-1.09,10,6942.236608886718
9739,-1.09,10,5370.833520507813
9740,-1.09,10,4649.797509765625
9741,-1.09,10,5051.173071289062
9742,-1.07,8,5140.267517089844
9743,-1.09,10,5534.42158203125
9744,-1.09,10,6547.252099609375
9745,-1.09,10,5689.636572265625
9746,-1.58,10,5918.8231201171875
9747,-1.51,3,5923.944661458333
9748,-1.04,5,6075.6146484375
9749,-1.58,10,6099.4639892578125
9750,-1.09,10,4734.4822998046875
9751,-1.58,10,5427.297607421875
9752,-1.09,10,5095.033154296875
9753,-5.07,8,5121.177474975586
9754,-1.09,10,4064.85068359375
9755,-1.09,10,5191.3919921875
9756,4.45,7,6100.765415736607
9757,-1.05,6,8090.3988850911455
9758,-1.09,10,6033.449951171875
9759,-1.09,10,3969.2400024414064
9760,-1.09,10,5783.7599609375
9761,-1.09,10,7080.272729492188
9762,0.95,6,7254.0825602213545
9763,-1.09,10,4566.031066894531
9764,-1.02,3,4982.614339192708
9765,-1.09,10,5684.699877929687
9766,-1.09,10,5601.808459472656
9767,-1.09,10,6002.972900390625
9768,-1.09,10,5160.230615234375
9769,-1.09,10,5191.30595703125
9770,-1.09,10,4703.858374023437
9771,-1.09,10,6370.900134277344
9772,-1.09,10,5231.419189453125
9773,-1.09,10,5793.342260742187
9774,-1.09,10,4503.895397949219
9775,-1.09,10,5280.863818359375
9776,-2.0700000000000003,10,5020.926403808594
9777,-1.07,8,6247.8934326171875
9778,-1.08,9,5131.0687255859375
9779,-1.09,10,4618.355310058594
9780,-1.09,10,5822.0758056640625
9781,4.96,5,4156.583178710937
9782,-1.09,10,4732.6063232421875
9783,-1.09,10,5376.198510742188
9784,-5.08,9,5797.578694661458
9785,-5.02,3,6658.265625
9786,-1.09,10,4366.279040527344
9787,-1.09,10,7523.9291015625
9788,-1.09,10,6291.75947265625
9789,-5.05,6,6189.3803304036455
9790,-1.09,10,5774.0548828125
9791,0.97,4,6566.4122314453125
9792,-1.09,10,6476.501684570312
9793,-1.09,10,5490.35537109375
9794,0.92,9,7316.248155381944
9795,-1.09,10,4556.3743896484375
9796,-1.09,10,5171.668432617187
9797,-1.09,10,4954.1868896484375
9798,-1.09,10,5427.783923339844
9799,-1.09,10,5724.094067382813
9800,4.94,7,6358.508649553572
9801,-1.09,10,6627.814123535156
9802,-1.09,10,4617.059436035156
9803,-1.58,10,5910.957934570312
9804,-1.09,10,5055.931176757813
9805,-1.09,10,5650.6527099609375
9806,0.92,9,5449.084743923611
9807,-1.09,10,5312.323046875
9808,-1.04,5,6713.4021484375
9809,-1.58,10,7096.021447753907
9810,-1.08,9,5003.174424913194
9811,-1.09,10,6340.254052734375
9812,-1.09,10,5159.295190429688
9813,-1.58,10,6014.900341796875
9814,0.97,4,5210.982666015625
9815,-1.58,10,6559.115087890625
9816,-1.09,10,5157.935974121094
9817,0.94,7,6237.308244977678
9818,-1.09,10,6239.68427734375
9819,-1.09,10,5405.219140625
9820,-1.09,10,6239.279248046875
9821,-1.09,10,5861.345129394531
9822,-1.09,10,5245.000329589844
9823,-1.09,10,6338.1270751953125
9824,-1.09,10,6073.69873046875
9825,-1.09,10,6166.836352539062
9826,-1.09,10,6393.227868652344
9827,-1.09,10,5290.57353515625
9828,-1.09,10,7159.99814453125
9829,-1.09,10,5553.301782226563
9830,-1.09,10,5242.85234375
9831,-1.09,10,6717.670007324219
9832,-1.08,9,5813.193372938368
9833,0.92,9,5993.704969618056
9834,-1.09,10,6694.6917724609375
9835,-1.09,10,5799.494458007813
9836,-1.09,10,5772.609521484375
9837,-1.03,4,6738.645263671875
9838,-1.09,10,6318.098046875
9839,-1.09,10,6238.229711914062
9840,-1.56,8,6588.4736328125
9841,-1.02,3,6538.824869791667
9842,-1.09,10,5497.301208496094
9843,-1.09,10,5695.58447265625
9844,-1.09,10,6103.566748046875
9845,0.98,3,5885.708414713542
9846,-1.09,10,5671.732666015625
9847,-1.09,10,6513.799829101563
9848,-1.58,10,4863.344616699219
9849,-1.09,10,6048.055688476563
9850,-1.09,10,4557.670861816407
9851,-1.58,10,5319.4849609375
9852,-1.09,10,6666.9048828125
9853,-1.09,10,5242.8552734375
9854,-1.09,10,6069.245947265625
9855,-1.09,10,5429.846240234375
9856,-1.09,10,8213.2224609375
9857,-5.08,9,8413.891927083334
9858,-1.09,10,7651.459692382812
9859,-1.09,10,6376.19873046875
9860,-1.09,10,7116.225756835937
9861,-1.09,10,5060.302819824219
9862,-1.09,10,5995.516271972656
9863,-5.07,8,6795.054107666016
9864,-1.09,10,6911.803002929688
9865,-1.09,10,4687.67021484375
9866,-1.08,9,6717.517768012152
9867,-1.09,10,7482.908203125
9868,-1.09,10,4943.7994384765625
9869,-1.02,3,6143.194010416667
9870,-1.09,10,5684.470874023437
9871,-1.09,10,6128.590087890625
9872,-1.09,10,5490.3310546875
9873,4.96,5,5841.880859375
9874,-1.09,10,4796.895861816406
9875,-1.09,10,7234.56103515625
9876,-1.58,10,5919.3304443359375
9877,-1.09,10,6641.924731445312
9878,-1.09,10,5307.753796386719
9879,-1.09,10,6050.614477539062
9880,-1.02,3,7479.077962239583
9881,-1.09,10,6586.169543457031
9882,-1.09,10,5620.514379882812
9883,0.94,7,5540.897059849331
9884,-1.04,5,6801.0029296875
9885,-5.02,3,5886.276204427083
9886,-1.09,10,4954.934460449219
9887,-1.09,10,5628.440942382813
9888,-1.09,10,5348.571484375
9889,-1.09,10,5646.184741210937
9890,-1.58,10,6520.984643554688
9891,-1.09,10,5913.023291015625
9892,-1.09,10,6784.909814453125
9893,-1.05,6,6455.177673339844
9894,-1.09,10,5329.223950195313
9895,-1.09,10,6525.634130859375
9896,-5.07,8,5503.828674316406
9897,4.95,6,6850.7974039713545
9898,-1.09,10,5615.828076171875
9899,-1.09,10,7507.938916015625
9900,-1.09,10,5122.958935546875
9901,-1.58,10,7403.758544921875
9902,-5.02,3,7552.203938802083
9903,-5.04,5,5868.23818359375
9904,-1.09,10,5503.5838623046875
9905,0.92,9,5819.058132595486
9906,-1.09,10,4887.1837890625
9907,-1.09,10,5808.657958984375
9908,-1.09,10,6759.935888671875
9909,4.96,5,6423.907763671875
9910,-1.09,10,5565.706591796875
9911,-1.09,10,7498.716162109375
9912,-1.09,10,5805.6939453125
9913,-1.09,10,5226.0167236328125
9914,-1.09,10,6832.089892578125
9915,0.9299999999999999,8,6147.290710449219
9916,0.92,9,4860.180772569444
9917,-1.09,10,5474.047192382813
9918,-1.09,10,4558.998217773437
9919,-1.09,10,7096.713818359375
9920,-1.58,10,6429.114404296875
9921,-1.58,10,5172.648657226562
9922,-1.09,10,4914.9181640625
9923,-1.09,10,5752.778088378906
9924,-1.09,10,4654.231860351562
9925,-1.09,10,4556.825390625
9926,-1.09,10,5874.079272460937
9927,-1.09,10,6933.054248046875
9928,-1.09,10,5386.816821289062
9929,-1.09,10,5700.524584960937
9930,-1.09,10,4426.311853027344
9931,-1.09,10,5528.3486328125
9932,-1.09,10,6516.625415039062
9933,4.92,9,6577.981038411458
9934,-1.09,10,5511.584814453125
9935,-1.09,10,8418.227563476563
9936,0.97,4,6805.393798828125
9937,0.95,6,7771.5913492838545
9938,0.98,3,5137.174967447917
9939,-1.09,10,6043.049145507813
9940,-1.09,10,6752.870336914062
9941,-1.09,10,5414.556726074219
9942,0.95,6,4747.633626302083
9943,-1.09,10,5398.439306640625
9944,-1.09,10,5389.97578125
9945,-1.03,4,7925.933349609375
9946,-1.09,10,5547.192431640625
9947,0.95,6,6093.746907552083
9948,-1.05,6,6430.940673828125
9949,-1.03,4,5013.6630859375
9950,-1.08,9,5668.47900390625
9951,-1.09,10,6260.08505859375
9952,-1.09,10,6837.588110351562
9953,-1.05,6,5482.270182291667
9954,-1.09,10,6240.715441894531
9955,0.9299999999999999,8,4230.3338623046875
9956,-1.09,10,5558.04384765625
9957,-1.09,10,6009.281469726562
9958,-1.02,3,8742.27783203125
9959,-1.04,5,6383.028125
9960,-1.09,10,6028.34384765625
9961,4.95,6,5599.8841552734375
9962,-1.09,10,4957.311596679688
9963,-1.09,10,4905.00556640625
9964,-1.06,7,5241.934640066965
9965,4.93,8,7708.974060058594
9966,0.44999999999999996,7,7326.726475306919
9967,-1.09,10,6210.670812988281
9968,-5.06,7,5746.345598493303
9969,4.98,3,8508.016438802084
9970,-1.58,10,6182.7969970703125
9971,-1.09,10,7079.721923828125
9972,-1.09,10,5600.2176513671875
9973,-1.58,10,4788.607263183594
9974,-1.09,10,5114.2630859375
9975,0.9299999999999999,8,4244.9556884765625
9976,0.92,9,5670.670464409723
9977,-1.09,10,4874.957055664063
9978,-1.09,10,4622.438208007812
9979,-1.09,10,6675.562280273438
9980,-1.09,10,6868.7330078125
9981,-1.09,10,3862.6732421875
9982,-5.08,9,5471.155978732639
9983,-1.09,10,5355.937963867187
9984,-1.09,10,4715.220129394531
9985,-1.09,10,4452.1203125
9986,-1.09,10,5113.883898925781
9987,-1.09,10,6023.916748046875
9988,-1.09,10,4430.7911376953125
9989,-5.03,4,7034.7232666015625
9990,4.98,3,4113.60009765625
9991,-1.58,10,5552.216955566406
9992,-1.09,10,6115.567431640625
9993,-1.58,10,6670.5667724609375
9994,4.92,9,5745.225640190973
9995,-5.04,5,5162.59677734375
9996,-5.05,6,6129.580485026042
9997,-1.06,7,5303.952287946428
9998,-1.09,10,5699.77607421875
9999,4.98,3,5435.383463541667
10000,-1.09,10,5716.244091796875
10001,-1.09,10,4346.048388671875
10002,-1.09,10,5034.3721923828125
10003,-1.09,10,6311.3287353515625
10004,-1.09,10,7129.145751953125
10005,-1.09,10,5268.998767089844
10006,-1.09,10,5743.326489257813
10007,-2.0700000000000003,10,6465.7505859375
10008,-1.09,10,6982.625830078125
10009,-5.04,5,5531.655224609375
10010,-1.09,10,3630.6917114257812
10011,-5.07,8,5174.517883300781
10012,4.96,5,6301.513037109375
10013,-1.09,10,5364.305041503906
10014,-1.09,10,4086.3401733398437
10015,-1.09,10,4538.690844726562
10016,4.92,9,5199.249864366319
10017,-1.04,5,4879.161376953125
10018,-1.09,10,6513.27734375
10019,-1.09,10,7003.005126953125
10020,-1.09,10,5857.37763671875
10021,-1.09,10,6228.213708496094
10022,-1.57,9,4572.399956597223
10023,-1.58,10,4943.807446289063
10024,-1.09,10,5229.934008789062
10025,-5.07,8,4759.890167236328
10026,-1.02,3,5112.993082682292
10027,0.96,5,7200.5953125
10028,-1.09,10,6293.442236328125
10029,-1.09,10,5070.3689453125
10030,-1.09,10,5162.448657226562
10031,0.9299999999999999,8,8172.045104980469
10032,-1.51,3,3554.5234375
10033,-1.03,4,6184.2462158203125
10034,-1.58,10,5626.975146484375
10035,-1.09,10,5610.995629882813
10036,-1.09,10,5370.4763671875
10037,-1.08,9,4355.800523546007
10038,-1.09,10,5390.9066162109375
10039,-1.09,10,5622.130053710937
10040,-1.09,10,7082.02802734375
10041,-1.09,10,5490.999340820313
10042,-1.58,10,5362.281005859375
10043,-1.09,10,5819.9666748046875
10044,-1.09,10,5623.940600585937
10045,0.96,5,5212.228662109375
10046,-1.09,10,6238.143627929688
10047,-1.09,10,5831.444189453125
10048,-1.58,10,4356.092602539063
10049,0.98,3,7734.34716796875
10050,-5.05,6,5364.8528238932295
10051,-1.09,10,3883.6133056640624
10052,-1.09,10,6573.094580078125
10053,0.9299999999999999,8,4793.419006347656
10054,-1.58,10,5930.040393066406
10055,-1.09,10,6469.174987792969
10056,-1.09,10,4684.295727539063
10057,-1.09,10,5481.9630859375
10058,-1.58,10,5947.819287109375
10059,-1.09,10,4814.339978027344
10060,-1.05,6,3864.13232421875
10061,-1.09,10,3973.271374511719
10062,-1.09,10,5989.322216796875
10063,0.98,3,7419.295735677083
10064,-1.04,5,4368.75458984375
10065,-1.09,10,7610.163842773438
10066,-1.09,10,6097.774267578125
10067,-1.09,10,4070.335479736328
10068,-1.09,10,7775.667626953125
10069,-1.58,10,6857.2517578125
10070,-1.09,10,5639.084448242187
10071,-1.09,10,5235.496997070312
10072,-1.09,10,5816.218127441406
10073,-1.09,10,6597.3408203125
10074,-1.09,10,5859.741040039063
10075,-1.58,10,5912.736572265625
10076,4.94,7,6160.473423549107
10077,-1.58,10,5833.076806640625
10078,-1.09,10,5902.21044921875
10079,-1.09,10,5122.65966796875
10080,-1.09,10,5789.424914550781
10081,-1.09,10,6090.0423828125
10082,-1.09,10,7700.4896484375
10083,-1.09,10,4796.82998046875
10084,-1.09,10,5332.019873046875
10085,-1.05,6,4465.3166910807295
10086,-1.09,10,5417.2666015625
10087,-1.09,10,3405.1914672851562
10088,-1.09,10,5624.458837890625
10089,-1.09,10,6634.179150390625
10090,-1.09,10,6790.361987304687
10091,-1.09,10,6502.097973632813
10092,-1.58,10,5760.087182617188
10093,-1.09,10,6199.483020019531
10094,-1.09,10,6344.731469726563
10095,-1.09,10,5947.315637207032
10096,-1.09,10,6157.220556640625
10097,-1.09,10,5909.158471679688
10098,-1.09,10,5674.804455566406
10099,-1.03,4,6440.053955078125
10100,-1.09,10,7295.403002929687
10101,0.98,3,6616.853678385417
10102,-1.58,10,5559.918176269532
10103,-1.09,10,5075.05830078125
10104,-1.09,10,6139.441186523438
10105,-1.09,10,6315.241870117187
10106,-1.09,10,6765.1095703125
10107,-1.09,10,4560.633703613281
10108,-1.05,6,5985.768229166667
10109,-1.09,10,5725.934423828125
10110,-1.09,10,6875.60205078125
10111,-1.09,10,5522.82451171875
10112,-1.09,10,6149.2906494140625
10113,0.9299999999999999,8,5262.860015869141
10114,-1.09,10,5913.785607910157
10115,-1.09,10,6886.51796875
10116,-1.03,4,6996.426330566406
10117,0.98,3,4930.853515625
10118,-1.09,10,6128.739233398437
10119,-1.09,10,6403.923681640625
10120,-1.08,9,5765.087592230902
10121,-1.09,10,6005.235009765625
10122,-1.09,10,6120.610546875
10123,-1.09,10,5757.246118164063
10124,-1.09,10,6774.061181640625
10125,0.95,6,5908.280354817708
10126,-1.09,10,6771.451806640625
10127,-1.58,10,6041.90390625
10128,0.9299999999999999,8,5737.837585449219
10129,-1.06,7,4871.770368303572
10130,-1.09,10,6218.723706054688
10131,0.97,4,5459.5313720703125
10132,0.94,7,5557.216657366072
10133,-1.09,10,7587.156298828125
10134,-1.58,10,5993.17158203125
10135,-1.09,10,7069.623950195312
10136,-1.09,10,7395.641796875
10137,-1.58,10,4946.398095703125
10138,-1.09,10,5964.328759765625
10139,0.96,5,6828.89599609375
10140,-1.09,10,5498.867529296875
10141,-1.58,10,4045.3113647460937
10142,-1.09,10,6675.929602050781
10143,-1.09,10,5550.18154296875
10144,-1.09,10,5795.934155273438
10145,-1.09,10,5035.225793457032
10146,-5.07,8,5036.840118408203
10147,-1.09,10,6553.414819335938
10148,-1.09,10,6099.258728027344
10149,-1.09,10,5736.609619140625
10150,-1.09,10,6207.0460205078125
10151,4.96,5,7459.266162109375
10152,-1.09,10,5488.752038574219
10153,-1.09,10,6399.37109375
10154,-1.09,10,5334.18349609375
10155,-1.09,10,3618.361950683594
10156,-1.09,10,5063.25244140625
10157,-1.07,8,4771.3057861328125
10158,-1.03,4,4755.512939453125
10159,4.98,3,5393.135904947917
10160,-1.09,10,5950.479931640625
10161,4.94,7,5731.410940987723
10162,-1.09,10,5107.0946044921875
10163,-1.09,10,5647.945068359375
10164,-1.09,10,6714.962084960937
10165,-1.09,10,5864.447045898438
10166,-1.09,10,5882.682055664062
10167,-1.05,6,6758.133056640625
10168,0.94,7,5114.816162109375
10169,-1.08,9,6730.819932725694
10170,-1.09,10,5800.436206054687
10171,-1.09,10,6054.5223388671875
10172,4.93,8,5304.745849609375
10173,-1.09,10,6175.00615234375
10174,4.98,3,5830.053385416667
10175,-5.02,3,9952.357096354166
10176,-5.04,5,8307.82822265625
10177,-1.09,10,5208.931921386718
10178,-1.09,10,6483.523510742188
10179,-1.58,10,5547.067944335938
10180,-1.09,10,4976.862951660156
10181,-1.58,10,5751.226123046875
10182,-1.09,10,5663.685131835938
10183,-1.09,10,5838.159619140625
10184,-1.09,10,5695.764428710938
10185,-1.09,10,6190.625927734375
10186,-1.09,10,4756.065087890625
10187,-1.09,10,4844.542626953125
10188,-1.09,10,6603.5599609375
10189,-1.09,10,5925.571752929687
10190,-1.09,10,6239.871801757812
10191,-1.09,10,5750.412548828125
10192,0.9299999999999999,8,5210.966156005859
10193,-1.09,10,5282.54794921875
10194,-1.09,10,7444.085607910156
10195,-1.08,9,6441.280666775174
10196,-1.09,10,5830.813134765625
10197,-1.09,10,6309.933056640625
10198,-1.09,10,6488.527880859375
10199,-5.04,5,5884.5033203125
10200,-1.09,10,7006.254614257812
10201,-1.09,10,7257.8314453125
10202,-1.09,10,6800.584936523437
10203,-1.58,10,8069.676977539062
10204,-1.09,10,6684.271313476563
10205,-1.09,10,5667.611987304687
10206,-1.58,10,5527.63818359375
10207,4.48,4,5641.589263916016
10208,-1.09,10,6767.910302734375
10209,-1.09,10,6978.926220703125
10210,-1.09,10,5060.362548828125
10211,-1.09,10,6832.339099121094
10212,-1.09,10,6145.773193359375
10213,-1.09,10,6119.010009765625
10214,-1.09,10,7776.93154296875
10215,0.43999999999999995,8,6827.4571533203125
10216,-1.57,9,4768.822808159723
10217,-1.09,10,7612.006860351563
10218,-1.09,10,6028.588793945312
10219,-1.09,10,6665.026635742188
10220,-1.51,3,5872.131754557292
10221,-2.0,3,6686.008138020833
10222,4.96,5,6701.512890625
10223,-1.09,10,5685.943591308594
10224,-1.09,10,5963.8326416015625
10225,-1.09,10,6382.603076171875
10226,-1.09,10,6459.68896484375
10227,-1.09,10,6012.103344726563
10228,-1.09,10,4188.816162109375
10229,-1.09,10,6630.375390625
10230,-1.09,10,6129.239794921875
10231,-1.09,10,6283.9646484375
10232,-1.58,10,6313.838842773437
10233,0.95,6,5988.902018229167
10234,-1.09,10,6281.577685546875
10235,-1.09,10,6072.804614257812
10236,4.93,8,4979.108184814453
10237,-1.09,10,6734.075708007813
10238,-1.58,10,6699.4638671875
10239,-1.09,10,4166.614282226563
10240,-1.09,10,5958.67724609375
10241,-1.09,10,6820.394458007812
10242,-1.09,10,6668.3646484375
10243,-1.09,10,5706.759765625
10244,-1.58,10,7649.8460693359375
10245,-1.09,10,7480.592993164062
10246,-1.09,10,5073.108251953125
10247,-1.09,10,5049.0564453125
10248,-1.09,10,7263.89560546875
10249,-5.08,9,6035.669108072917
10250,-1.09,10,7152.245678710938
10251,-1.09,10,7232.058447265625
10252,-1.09,10,5484.3809814453125
10253,4.94,7,7577.787109375
10254,0.97,4,4933.844177246094
10255,-1.09,10,6516.067553710937
10256,0.98,3,7656.7737223307295
10257,-1.09,10,6431.940881347657
10258,-1.09,10,5905.912524414062
10259,4.97,4,6403.433044433594
10260,-1.09,10,7371.991748046875
10261,-1.09,10,6140.8728515625
10262,-1.09,10,6453.77353515625
10263,-1.09,10,8164.703955078125
10264,-1.09,10,7702.551171875
10265,4.94,7,7183.550327845982
10266,-1.09,10,5889.912451171875
10267,-1.09,10,4551.159521484375
10268,-1.09,10,5074.938049316406
10269,-1.09,10,5088.59033203125
10270,0.98,3,6340.859375
10271,-1.09,10,5805.752416992187
10272,-1.09,10,5836.830847167968
10273,-1.09,10,8538.793041992187
10274,-1.09,10,6812.087158203125
10275,-1.09,10,5649.013293457031
10276,-1.09,10,6891.891772460937
10277,-1.09,10,6509.935888671875
10278,-1.09,10,6315.716577148438
10279,-1.09,10,6491.442944335938
10280,-1.09,10,6074.066625976562
10281,-1.09,10,4171.537951660156
10282,-1.09,10,5825.5779296875
10283,-1.09,10,8157.067700195313
10284,-1.09,10,5031.294702148438
10285,-1.09,10,7161.415771484375
10286,-1.09,10,6405.9285888671875
10287,-1.09,10,6628.806591796875
10288,-1.09,10,6089.576708984375
10289,0.94,7,6806.8623046875
10290,-1.09,10,8257.071826171876
10291,-1.09,10,5502.1662109375
10292,-1.09,10,5116.272241210938
10293,-5.06,7,5179.491315569197
10294,-1.09,10,6717.4400390625
10295,4.49,3,5997.741536458333
10296,-1.09,10,4662.9439697265625
10297,-1.09,10,6352.810888671875
10298,-1.09,10,7415.3025390625
10299,-1.09,10,4805.856457519531
10300,-1.03,4,5784.9207763671875
10301,-1.09,10,4574.09453125
10302,-1.02,3,4784.78173828125
10303,-1.09,10,5025.501208496094
10304,-1.03,4,4866.958557128906
10305,-1.58,10,6620.43994140625
10306,-1.09,10,5126.29111328125
10307,-1.09,10,6391.311083984375
10308,-1.09,10,6120.706030273437
10309,4.93,8,6318.290496826172
10310,-1.05,6,6811.5400390625
10311,-1.58,10,6192.441552734375
10312,-1.09,10,6219.252697753906
10313,-1.09,10,6069.476342773438
10314,4.97,4,4254.5904541015625
10315,-1.09,10,6777.169384765625
10316,4.95,6,7551.039632161458
10317,-1.09,10,6364.792211914062
10318,0.9299999999999999,8,5573.309234619141
10319,0.9299999999999999,8,5267.074188232422
10320,-1.09,10,5880.739721679687
10321,-1.09,10,4987.282861328125
10322,-1.09,10,6584.1734619140625
10323,-1.09,10,7457.990344238281
10324,0.95,6,4930.935465494792
10325,-1.09,10,6312.821728515625
10326,-1.09,10,5691.379675292968
10327,-1.58,10,6035.775952148438
10328,-1.09,10,6205.303979492188
10329,-1.09,10,5978.6314453125
10330,-1.09,10,5906.462353515625
10331,-1.09,10,6282.261889648437
10332,-1.09,10,5249.062719726562
10333,4.97,4,7280.2725830078125
10334,-1.09,10,6199.1759765625
10335,-1.09,10,7880.285107421875
10336,-1.09,10,5262.970776367188
10337,-1.58,10,5282.915014648437
10338,-1.02,3,5976.354654947917
10339,-1.09,10,6002.393212890625
10340,-1.09,10,6352.052966308594
10341,-1.09,10,5792.104638671875
10342,-1.09,10,5398.755444335938
10343,-1.09,10,7408.440283203125
10344,-1.09,10,4897.990100097656
10345,-1.09,10,4660.227758789062
10346,0.96,5,3604.9689697265626
10347,-1.09,10,5229.226123046875
10348,0.98,3,5614.180826822917
10349,-1.58,10,8787.997607421876
10350,-1.09,10,5652.121691894531
10351,-1.09,10,4408.810986328125
10352,-1.58,10,3555.481799316406
10353,-1.09,10,4499.977331542968
10354,-1.09,10,5853.729907226562
10355,0.96,5,4782.969921875
10356,0.45999999999999996,6,5626.7421468098955
10357,-1.09,10,6921.90859375
10358,-1.09,10,6573.581958007812
10359,0.94,7,5964.2449951171875
10360,-1.09,10,7462.263403320312
10361,0.98,3,7269.795735677083
10362,4.92,9,5325.891221788194
10363,4.49,3,6346.630208333333
10364,-5.02,3,7936.70068359375
10365,-1.09,10,6766.418676757812
10366,-1.09,10,5086.817529296875
10367,-1.09,10,5905.328930664063
10368,-5.07,8,5426.225830078125
10369,-1.58,10,5796.497705078125
10370,-1.09,10,5800.599169921875
10371,-1.58,10,5325.780712890625
10372,-1.09,10,5969.514575195312
10373,-1.09,10,6553.758935546875
10374,-1.58,10,7662.5899658203125
10375,0.97,4,5171.863098144531
10376,-1.09,10,7018.96533203125
10377,-1.09,10,6211.64873046875
10378,0.97,4,6716.19384765625
10379,4.95,6,6381.185546875
10380,-1.09,10,6903.867993164063
10381,-1.09,10,6177.426330566406
10382,-1.09,10,5124.2208251953125
10383,-1.09,10,7161.367529296875
10384,-1.03,4,7261.00048828125
10385,-1.09,10,6483.715112304688
10386,-1.58,10,6985.7990234375
10387,-1.09,10,6074.990539550781
10388,0.44999999999999996,7,7988.31005859375
10389,-1.09,10,4827.894116210938
10390,0.97,4,7056.8287353515625
10391,-1.09,10,4763.8704833984375
10392,-1.09,10,5935.335961914063
10393,-1.09,10,7474.220654296875
10394,4.95,6,6158.058024088542
10395,-1.09,10,6752.856225585938
10396,-1.09,10,5239.168310546875
10397,-1.09,10,7577.152783203125
10398,-1.58,10,6381.81181640625
10399,-1.09,10,4478.698266601563
10400,-1.09,10,7499.40146484375
10401,-1.09,10,7004.492431640625
10402,-1.09,10,7000.02138671875
10403,-1.58,10,7112.102734375
10404,-1.09,10,7071.941430664063
10405,-1.09,10,6547.948950195312
10406,4.98,3,7727.414713541667
10407,-1.09,10,8437.965783691407
10408,0.98,3,4709.994303385417
10409,-1.09,10,7464.082861328125
10410,-1.09,10,4990.4781494140625
10411,-1.55,7,7554.0296630859375
10412,-1.09,10,5586.650524902344
10413,-1.09,10,6616.573022460938
10414,-1.09,10,5561.4796142578125
10415,-1.09,10,5206.026806640625
10416,0.92,9,5892.791476779514
10417,-1.58,10,6232.754821777344
10418,0.98,3,7732.947509765625
10419,0.96,5,7613.865893554687
10420,-1.58,10,6189.4932861328125
10421,-1.09,10,5058.615661621094
10422,-1.09,10,7346.460961914063
10423,-1.09,10,5577.190454101563
10424,-1.09,10,6895.00224609375
10425,-5.04,5,8154.35546875
10426,-1.09,10,6491.726831054688
10427,4.98,3,8977.853190104166
10428,-1.09,10,6701.391015625
10429,-1.09,10,6518.832470703125
10430,0.98,3,6518.4195556640625
10431,-1.09,10,6995.305224609375
10432,-1.09,10,5407.508203125
10433,-1.09,10,5724.0369873046875
10434,-1.09,10,5560.079150390625
10435,-1.05,6,6404.405110677083
10436,-1.03,4,6305.060485839844
10437,-1.09,10,6036.6695556640625
10438,-1.09,10,7267.5740234375
10439,0.92,9,8462.212239583334
10440,-1.09,10,6354.33115234375
10441,4.47,5,6169.80087890625
10442,-1.09,10,7727.623754882812
10443,-1.09,10,7248.156787109375
10444,-1.09,10,6046.322680664062
10445,-1.08,9,6534.615152994792
10446,-1.09,10,4739.216748046875
10447,-1.09,10,6763.423413085938
10448,-1.09,10,6264.6236328125
10449,-1.09,10,6539.230419921875
10450,-1.09,10,6856.8078125
10451,-1.06,7,6899.881696428572
10452,-1.09,10,7012.4654296875
10453,-1.09,10,7609.136328125
10454,-1.09,10,4773.226013183594
10455,-1.09,10,6388.364819335938
10456,-5.05,6,7748.664713541667
10457,-5.04,5,6651.78720703125
10458,-1.09,10,6347.841162109375
10459,-1.09,10,7735.139990234375
10460,-1.02,3,4371.661051432292
10461,-1.09,10,7373.354931640625
10462,-1.58,10,6513.3890625
10463,0.94,7,6958.249476841518
10464,-1.09,10,7277.32060546875
10465,-1.09,10,6121.190991210938
10466,0.95,6,6811.836507161458
10467,-1.09,10,7738.919189453125
10468,0.98,3,4856.048828125
10469,-1.09,10,7315.607006835938
10470,4.98,3,6753.705078125
10471,-1.09,10,7604.691064453125
10472,-1.09,10,6270.8041015625
10473,-1.09,10,6396.3165283203125
10474,-1.06,7,5501.026157924107
10475,-1.09,10,5975.5787109375
10476,-1.09,10,6554.91787109375
10477,-1.09,10,6070.064990234375
10478,-1.58,10,7389.734289550781
10479,-1.09,10,7009.3607421875
10480,0.96,5,5782.00791015625
10481,-1.09,10,5097.418664550782
10482,-1.09,10,6913.718408203125
10483,-1.02,3,7681.006510416667
10484,0.98,3,8187.017578125
10485,-1.09,10,6408.0369140625
10486,-5.02,3,10946.512369791666
10487,-1.09,10,5578.492785644531
10488,-5.04,5,8788.428125
10489,-1.09,10,7394.48466796875
10490,-1.58,10,6454.0271484375
10491,4.98,3,5907.886393229167
10492,-1.09,10,7520.323388671875
10493,-1.09,10,7400.993359375
10494,-1.58,10,7914.121337890625
10495,-1.09,10,5329.546569824219
10496,0.96,5,5818.6830078125
10497,-1.09,10,6412.894506835937
10498,-1.09,10,4261.177917480469
10499,-1.09,10,5496.507739257812
10500,-1.09,10,5963.693530273437
10501,0.95,6,5148.8267822265625
10502,-1.09,10,6706.290515136719
10503,-1.09,10,7064.781982421875
10504,-1.09,10,6432.820239257812
10505,-1.09,10,5823.01953125
10506,-1.09,10,6085.517492675781
10507,-1.09,10,5323.673681640625
10508,-5.02,3,9984.302083333334
10509,-1.09,10,6738.503637695312
10510,-1.09,10,7703.493115234375
10511,-1.09,10,7331.9505615234375
10512,-1.58,10,7608.8800048828125
10513,-1.09,10,8473.658837890625
10514,0.95,6,5478.534016927083
10515,-1.09,10,5069.257336425781
10516,-1.09,10,6901.537377929688
10517,-1.05,6,6442.493326822917
10518,-1.09,10,6597.49560546875
10519,-1.09,10,6089.4646484375
10520,-1.09,10,5665.046533203125
10521,-1.09,10,6825.127490234375
10522,-1.09,10,5828.027758789062
10523,-1.09,10,7067.000146484375
10524,-1.09,10,6092.579052734375
10525,-1.09,10,7026.23505859375
10526,-1.09,10,8545.714501953125
10527,-1.09,10,8141.6455078125
10528,-1.09,10,6154.801440429687
10529,-1.04,5,7726.929296875
10530,-1.09,10,6646.306469726563
10531,-1.09,10,7599.147192382812
10532,-1.09,10,6064.960400390625
10533,-1.09,10,6085.32490234375
10534,-1.09,10,6112.205615234375
10535,-1.09,10,6408.745434570313
10536,-1.09,10,7471.029809570313
10537,-1.09,10,7886.5963134765625
10538,-1.02,3,6338.207682291667
10539,-1.09,10,6194.310498046875
10540,-1.09,10,8941.292138671875
10541,-1.03,4,5358.850341796875
10542,-1.09,10,5257.134228515625
10543,-1.09,10,6635.861669921875
10544,-2.0,3,7173.71142578125
10545,-1.09,10,6646.237280273437
10546,-1.04,5,4380.201879882812
10547,-2.0,3,6294.334309895833
10548,-1.09,10,6807.915087890625
10549,-1.09,10,7699.109057617187
10550,-1.09,10,6057.2257080078125
10551,-1.05,6,5662.7797444661455
10552,0.95,6,6934.1165771484375
10553,0.97,4,4672.469970703125
10554,-1.58,10,6322.4171142578125
10555,-1.09,10,7634.948095703125
10556,-5.06,7,5937.293422154018
10557,-1.09,10,6689.304541015625
10558,-1.09,10,5110.581762695312
10559,-1.09,10,7353.6187744140625
10560,-1.09,10,6114.97783203125
10561,-1.09,10,6801.533740234375
10562,-1.07,8,6176.0157470703125
10563,-1.09,10,7805.492456054688
10564,-1.09,10,5993.53583984375
10565,-1.09,10,6551.321215820312
10566,-1.08,9,7823.688585069444
10567,-1.09,10,6325.415380859375
10568,-1.09,10,6215.501147460937
10569,-1.09,10,6755.9560546875
10570,-1.09,10,6657.704150390625
10571,-1.09,10,7117.848095703125
10572,-1.09,10,8520.826611328124
10573,-1.05,6,7777.44580078125
10574,-1.09,10,6656.7833251953125
10575,0.92,9,7055.236640082465
10576,-1.09,10,5984.145751953125
10577,-1.09,10,5870.78212890625
10578,4.94,7,6073.799874441965
10579,-1.09,10,4909.413916015625
10580,-1.09,10,5038.986633300781
10581,-1.09,10,5747.181616210937
10582,-1.09,10,5806.3248046875
10583,-1.09,10,7166.394799804688
10584,4.96,5,5788.39501953125
10585,-1.09,10,7040.494897460938
10586,-1.09,10,6637.021472167969
10587,-1.09,10,7130.360302734375
10588,-1.09,10,8424.911987304688
10589,-1.09,10,6556.829638671875
10590,-1.09,10,6882.66767578125
10591,-1.09,10,6380.98955078125
10592,0.94,7,5915.411080496652
10593,-1.09,10,5709.8094482421875
10594,-1.09,10,6288.327880859375
10595,-1.09,10,5122.236083984375
10596,-1.09,10,6170.187890625
10597,-1.09,10,7008.4318359375
10598,-1.09,10,7035.654833984375
10599,-1.09,10,6400.837414550781
10600,-1.02,3,6920.015462239583
10601,-1.09,10,7069.038781738282
10602,-1.09,10,8332.478125
10603,-1.09,10,6799.583178710937
10604,-1.09,10,8765.146435546874
10605,-5.08,9,8086.035495334201
10606,-1.09,10,6956.620703125
10607,-1.09,10,6820.970361328125
10608,-1.09,10,5894.38720703125
10609,-1.58,10,5868.79462890625
10610,-1.04,5,9162.58876953125
10611,-1.09,10,5357.375415039062
10612,-1.09,10,6515.40068359375
10613,-1.09,10,6596.244702148438
10614,0.9299999999999999,8,5974.326812744141
10615,-1.09,10,6034.052001953125
10616,-1.09,10,5974.5015625
10617,-1.02,3,7086.648274739583
10618,-1.09,10,5833.143115234375
10619,-1.09,10,5993.681079101562
10620,-1.09,10,6407.378192138672
10621,-1.09,10,5645.194799804687
10622,-1.09,10,5780.229907226562
10623,-1.09,10,6030.627661132812
10624,-1.09,10,6465.583447265625
10625,4.93,8,6484.1524658203125
10626,4.98,3,5594.630533854167
10627,-5.06,7,6694.146693638393
10628,-1.09,10,5969.8524169921875
10629,-1.09,10,6723.5962890625
10630,-1.09,10,6770.27080078125
10631,-1.09,10,6026.968188476562
10632,-1.58,10,6993.317333984375
10633,-1.58,10,5994.493408203125
10634,-1.09,10,4292.003100585937
10635,-1.09,10,6108.732727050781
10636,-1.02,3,8992.383138020834
10637,-1.09,10,5986.015856933594
10638,-1.09,10,5884.786120605469
10639,-1.09,10,7392.287109375
10640,0.95,6,5606.6446533203125
10641,-2.0700000000000003,10,6786.65224609375
10642,-1.02,3,8203.0537109375
10643,0.9299999999999999,8,7040.429626464844
10644,-1.09,10,5897.851989746094
10645,0.97,4,6376.9693603515625
10646,-1.58,10,6881.452685546875
10647,-1.09,10,6783.965234375
10648,-1.09,10,5902.246020507812
10649,-1.09,10,4915.42841796875
10650,-1.09,10,5428.56953125
10651,4.92,9,5610.516791449652
10652,-1.09,10,6381.9591064453125
10653,-1.09,10,6130.10517578125
10654,-1.09,10,5566.067407226563
10655,-1.09,10,5407.09775390625
10656,4.97,4,4672.594573974609
10657,4.92,9,6804.207139756944
10658,-1.09,10,7759.453564453125
10659,4.92,9,5680.850531684027
10660,-1.09,10,5245.535632324219
10661,-5.05,6,5493.8099365234375
10662,4.98,3,7453.496419270833
10663,-1.08,9,4945.604736328125
10664,-1.09,10,7480.8970703125
10665,4.98,3,4829.944742838542
10666,-1.09,10,5617.9447021484375
10667,4.93,8,5891.664276123047
10668,-1.09,10,7015.662060546875
10669,-1.09,10,6063.346484375
10670,-1.09,10,6195.87783203125
10671,4.97,4,6519.3209228515625
10672,-1.58,10,4596.566821289062
10673,-1.09,10,6880.9127197265625
10674,-1.09,10,7122.094653320312
10675,-1.09,10,7288.301440429687
10676,-1.09,10,4736.87255859375
10677,4.93,8,5788.4315185546875
10678,-1.04,5,5341.935498046875
10679,-1.09,10,6496.313232421875
10680,-1.09,10,6402.750341796875
10681,-5.04,5,7715.846142578125
10682,-1.09,10,6039.526586914062
10683,-1.09,10,6185.62275390625
10684,-1.09,10,7513.369873046875
10685,-1.09,10,4403.711975097656
10686,-1.09,10,5451.198828125
10687,-1.09,10,7371.895788574218
10688,-1.09,10,6686.939599609375
10689,-1.58,10,6309.763525390625
10690,-1.09,10,5703.422314453125
10691,-1.09,10,5950.927661132812
10692,-1.09,10,8073.979736328125
10693,-1.09,10,6194.805883789062
10694,4.97,4,8035.8133544921875
10695,-1.09,10,5444.741455078125
10696,-1.09,10,5729.472912597656
10697,-5.04,5,5400.4146484375
10698,-1.09,10,5763.184838867188
10699,-1.09,10,6945.116027832031
10700,-1.09,10,6405.7384765625
10701,-1.09,10,6346.60302734375
10702,4.98,3,9676.373209635416
10703,-5.08,9,6047.1543375651045
10704,-1.09,10,6016.032373046875
10705,-1.09,10,6971.6234375
10706,-1.09,10,4859.7830810546875
10707,-1.09,10,6783.7586669921875
10708,0.42999999999999994,9,7360.446099175348
10709,-1.09,10,5433.722119140625
10710,-1.09,10,7817.504052734375
10711,-1.09,10,6406.3790283203125
10712,-1.09,10,5870.940771484375
10713,-1.09,10,5069.219873046875
10714,-1.58,10,6749.952392578125
10715,4.93,8,8157.254333496094
10716,-1.09,10,6740.522485351563
10717,-1.09,10,5574.097802734375
10718,-5.04,5,7037.0205078125
10719,-1.58,10,4462.898364257812
10720,-1.09,10,6830.1131591796875
10721,-1.09,10,5360.165234375
10722,4.93,8,7010.719818115234
10723,-1.09,10,6851.724169921875
10724,-1.09,10,6809.902600097656
10725,4.96,5,4955.711328125
10726,-1.09,10,6033.735925292969
10727,-1.09,10,6009.750537109375
10728,-1.09,10,5893.964978027344
10729,-1.09,10,4357.462622070312
10730,-1.09,10,5547.296826171875
10731,-1.09,10,6660.703564453125
10732,-1.51,3,5859.781331380208
10733,-1.09,10,5846.402587890625
10734,-1.09,10,4411.134838867188
10735,-1.58,10,5895.002673339844
10736,-1.09,10,5318.920190429688
10737,-1.08,9,5517.62158203125
10738,-1.58,10,6831.675390625
10739,-1.09,10,6033.611572265625
10740,-1.08,9,6008.291693793402
10741,-1.09,10,6509.6123046875
10742,-1.09,10,6179.301098632813
10743,-1.09,10,5813.680444335938
10744,-1.58,10,7232.1123046875
10745,-1.09,10,5562.560827636718
10746,-1.09,10,7332.063916015625
10747,-1.09,10,7800.025073242187
10748,-1.09,10,5201.862744140625
10749,4.93,8,6843.345397949219
10750,-1.09,10,5811.600537109375
10751,-1.09,10,7855.485498046875
10752,-1.09,10,7085.299108886718
10753,-1.09,10,6398.377001953125
10754,-1.58,10,6626.146240234375
10755,-1.09,10,5793.48779296875
10756,-1.02,3,5463.7607421875
10757,-1.09,10,5733.5921630859375
10758,-1.05,6,6411.186604817708
10759,-1.09,10,5398.449938964844
10760,-1.07,8,6078.436553955078
10761,-1.09,10,6250.956408691406
10762,-1.09,10,5819.613623046875
10763,-1.09,10,6791.618481445313
10764,-1.09,10,4894.9930419921875
10765,-1.04,5,7435.22763671875
10766,-1.09,10,5070.137622070312
10767,-1.51,3,4267.117106119792
10768,-1.09,10,6759.298681640625
10769,-5.06,7,5287.67529296875
10770,-1.09,10,6252.270458984375
10771,-1.09,10,6157.35908203125
10772,-1.09,10,6134.0486328125
10773,-1.09,10,5976.0433349609375
10774,-1.09,10,5858.731579589844
10775,-1.09,10,6312.9842529296875
10776,-5.07,8,5752.6595458984375
10777,-1.09,10,6506.5787353515625
10778,-1.09,10,4775.1728515625
10779,-1.09,10,5921.6189453125
10780,-1.09,10,5228.984997558594
10781,-1.09,10,6033.380883789063
10782,-1.09,10,5571.922351074219
10783,-1.09,10,6499.689501953125
10784,-1.09,10,6225.823559570313
10785,0.97,4,5385.172668457031
10786,-1.09,10,5134.790966796875
10787,-1.09,10,3402.7918212890627
10788,-1.09,10,7296.07705078125
10789,-1.09,10,6647.904565429688
10790,-1.09,10,4796.4833984375
10791,0.98,3,4906.25537109375
10792,-1.09,10,4482.383203125
10793,-1.09,10,4735.460107421875
10794,-5.04,5,5058.0380859375
10795,0.97,4,5531.610656738281
10796,-5.05,6,5436.5280354817705
10797,-1.09,10,5424.348071289062
10798,-1.09,10,5965.63603515625
10799,-1.09,10,7554.939501953125
10800,-5.03,4,6292.1048583984375
10801,-1.09,10,5729.218725585937
10802,-1.09,10,4528.430834960937
10803,-1.09,10,7273.179821777344
10804,-1.09,10,5704.401013183594
10805,-1.09,10,6815.37578125
10806,4.97,4,5226.430480957031
10807,-1.09,10,8215.498681640625
10808,-5.03,4,5690.9599609375
10809,-1.09,10,3770.892236328125
10810,-1.09,10,6194.905712890625
10811,-1.09,10,7134.173193359375
10812,0.94,7,7004.763916015625
10813,-1.07,8,5035.564453125
10814,-1.09,10,6429.347729492188
10815,-1.09,10,6786.826904296875
10816,-1.09,10,5802.579553222657
10817,-1.09,10,6004.6651611328125
10818,-1.56,8,6191.0821533203125
10819,-1.09,10,6873.98583984375
10820,-1.09,10,4982.8080078125
10821,4.96,5,6869.5271484375
10822,-1.09,10,5821.9064453125
10823,-1.09,10,6865.829443359375
10824,-2.0700000000000003,10,6080.967626953125
10825,-1.58,10,6574.762036132813
10826,-1.09,10,6484.7646484375
10827,-1.09,10,6979.915576171875
10828,-1.09,10,6758.258227539062
10829,-1.09,10,5775.52568359375
10830,-1.09,10,6375.7071533203125
10831,-1.09,10,6523.872314453125
10832,-1.09,10,7056.126013183593
10833,4.97,4,7035.289367675781
10834,-1.09,10,5907.330493164062
10835,-1.58,10,5615.580908203125
10836,-1.09,10,5985.1500244140625
10837,-1.09,10,5624.522229003906
10838,-1.09,10,6166.593054199218
10839,-1.09,10,6233.627709960938
10840,-1.09,10,6095.2544921875
10841,-5.07,8,6646.3125
10842,-1.09,10,6667.524584960937
10843,-1.09,10,7375.006298828125
10844,-1.09,10,5474.146325683594
10845,-1.09,10,4219.695581054688
10846,-1.09,10,7429.56552734375
10847,-1.09,10,6254.4078369140625
10848,-1.09,10,5123.892053222657
10849,-1.09,10,5838.854052734375
10850,-1.09,10,7802.37607421875
10851,-1.09,10,6483.383520507812
10852,-1.09,10,5655.627124023437
10853,-1.09,10,6000.861645507813
10854,0.98,3,7392.918619791667
10855,-1.09,10,5874.042529296875
10856,4.98,3,4958.627034505208
10857,0.98,3,8026.355631510417
10858,-1.09,10,4957.246911621094
10859,-1.09,10,4299.371118164063
10860,-1.09,10,7896.8692626953125
10861,-1.09,10,6747.02099609375
10862,-1.58,10,5554.1680908203125
10863,-1.09,10,6573.4376953125
10864,0.94,7,7531.505789620535
10865,-1.09,10,5706.612084960938
10866,0.96,5,7182.471875
10867,-1.09,10,6546.36787109375
10868,4.43,9,6078.262369791667
10869,-1.09,10,6799.5404052734375
10870,0.97,4,7617.899169921875
10871,0.9299999999999999,8,7059.687484741211
10872,-1.52,4,6602.387664794922
10873,-1.09,10,6245.74326171875
10874,4.92,9,6257.678114149306
10875,4.93,8,5292.293167114258
10876,-1.09,10,6069.57138671875
10877,-1.09,10,6234.60634765625
10878,-1.09,10,5505.300988769532
10879,-1.09,10,6288.989599609375
10880,-1.09,10,5645.141015625
10881,-1.09,10,7279.262231445313
10882,-1.09,10,5514.508154296875
10883,-1.58,10,7942.21513671875
10884,-1.09,10,7592.330029296875
10885,-1.09,10,5903.103991699219
10886,0.95,6,5949.3225504557295
10887,-1.09,10,6005.781494140625
10888,-5.07,8,5807.241943359375
10889,-1.58,10,6163.48828125
10890,-1.09,10,5296.230444335937
10891,4.94,7,6918.59001813616
10892,-1.09,10,5282.122119140625
10893,-1.09,10,4818.821484375
10894,-1.58,10,6241.715234375
10895,-1.58,10,5645.242565917969
10896,-1.09,10,7057.494970703125
10897,-1.09,10,6371.54287109375
10898,0.97,4,6151.7491455078125
10899,0.9299999999999999,8,7055.008239746094
10900,-1.09,10,7057.025537109375
10901,-1.09,10,4542.012316894531
10902,-1.09,10,7706.59599609375
10903,-1.09,10,4821.39580078125
10904,-1.09,10,5821.807373046875
10905,-1.09,10,5886.897058105469
10906,-1.09,10,7693.497326660156
10907,-1.09,10,5273.663317871094
10908,-1.09,10,5100.1214599609375
10909,-1.07,8,6590.42463684082
10910,-1.09,10,5515.483349609375
10911,-1.09,10,5729.246606445313
10912,-1.09,10,5599.614501953125
10913,-1.09,10,6553.55849609375
10914,-1.09,10,6640.134045410156
10915,-1.09,10,7139.113232421875
10916,-1.09,10,7105.98310546875
10917,-1.09,10,6451.034436035156
10918,-1.09,10,4738.470263671875
10919,-1.09,10,6327.127685546875
10920,-1.07,8,6313.054626464844
10921,-1.09,10,7356.0982421875
10922,-1.04,5,6056.5645751953125
10923,-1.05,6,5732.84033203125
10924,4.96,5,6025.26748046875
10925,3.95,8,6219.010101318359
10926,-1.58,10,7108.95537109375
10927,-1.09,10,6008.6931640625
10928,-1.09,10,4957.4676513671875
10929,-1.09,10,4726.937841796875
10930,0.96,5,4267.952734375
10931,-1.09,10,7066.23076171875
10932,-1.09,10,7690.631640625
10933,-1.09,10,5922.8861328125
10934,-1.09,10,6748.018798828125
10935,-1.05,6,5699.701416015625
10936,-1.09,10,6248.464892578125
10937,0.49,3,4382.30810546875
10938,-1.09,10,7029.375170898437
10939,-1.09,10,5208.4219970703125
10940,-1.58,10,5817.43193359375
10941,-1.09,10,4273.272900390625
10942,-1.09,10,5929.372595214843
10943,0.9299999999999999,8,4691.577224731445
10944,-1.09,10,5806.3275146484375
10945,-1.09,10,5554.985791015625
10946,-1.58,10,5721.409375
10947,-1.09,10,5318.366101074219
10948,0.97,4,6945.081726074219
10949,-1.09,10,5864.057104492187
10950,-1.03,4,6383.680206298828
10951,4.93,8,5288.4927978515625
10952,-1.09,10,5309.8626953125
10953,-1.09,10,5923.753881835937
10954,-1.04,5,8107.12724609375
10955,-1.09,10,6825.038061523437
10956,-1.58,10,6516.800048828125
10957,-1.58,10,6185.7369140625
10958,-1.09,10,5300.116650390625
10959,4.94,7,7016.889229910715
10960,-1.09,10,5675.391918945313
10961,-1.09,10,6435.020068359375
10962,-5.04,5,5842.895458984375
10963,-1.51,3,4126.795166015625
10964,-1.09,10,6397.785595703125
10965,-5.07,8,5035.2098388671875
10966,-1.09,10,5289.037280273437
10967,-1.09,10,5910.9166015625
10968,0.98,3,6193.3262939453125
10969,-1.09,10,5926.4974609375
10970,-1.08,9,7149.116861979167
10971,-1.09,10,7399.04755859375
10972,-1.09,10,5649.143969726562
10973,-1.09,10,6812.25546875
10974,-1.09,10,6207.665185546875
10975,-1.09,10,6760.60869140625
10976,-1.04,5,4057.2776611328127
10977,-1.09,10,5605.443078613282
10978,-1.09,10,5506.954931640625
10979,-1.09,10,7108.230712890625
10980,4.93,8,6263.7481689453125
10981,-1.58,10,5519.486376953125
10982,-1.09,10,7941.614013671875
10983,-1.09,10,7532.6243896484375
10984,4.94,7,5351.167445591518
10985,-1.09,10,5027.187194824219
10986,-1.09,10,5370.644970703125
10987,-1.09,10,7448.673413085938
10988,-1.09,10,4471.940380859375
10989,-1.09,10,5382.674072265625
10990,-1.58,10,5273.144995117187
10991,-1.09,10,4299.389624023437
10992,-1.09,10,5950.369140625
10993,-1.09,10,5786.95458984375
10994,-1.09,10,7594.8853759765625
10995,0.92,9,7479.220920138889
10996,-1.09,10,7504.770947265625
10997,-1.09,10,5414.726586914063
10998,0.94,7,6273.580217633928
10999,-1.09,10,6872.14169921875
11000,-1.09,10,6995.381372070313
11001,-1.09,10,6303.745361328125
11002,0.9299999999999999,8,7713.5430908203125
11003,-1.09,10,5423.118334960937
11004,-1.06,7,5329.78595842634
11005,-1.09,10,6174.993969726563
11006,-1.09,10,5492.787060546875
11007,-1.09,10,5953.288330078125
11008,-1.09,10,7932.340258789062
11009,-1.09,10,5518.340380859375
11010,-1.09,10,7083.824755859375
11011,-1.09,10,7442.1615234375
11012,-1.09,10,8240.81279296875
11013,-5.03,4,4575.062591552734
11014,-1.09,10,5816.423681640625
11015,-1.09,10,6427.80615234375
11016,4.96,5,6273.04013671875
11017,-1.09,10,5922.921533203125
11018,-1.09,10,5357.29033203125
11019,-1.09,10,6850.651342773437
11020,4.92,9,7331.0953369140625
11021,-1.08,9,6320.164415147569
11022,-1.09,10,4569.796069335937
11023,-1.09,10,4943.2445068359375
11024,-1.09,10,5130.189477539063
11025,-1.09,10,6436.037548828125
11026,-1.09,10,6585.32578125
11027,-1.09,10,4848.92763671875
11028,-1.09,10,5124.005834960937
11029,-1.09,10,5085.09228515625
11030,-1.09,10,6660.1431884765625
11031,-1.09,10,5445.912451171875
11032,-1.09,10,5502.240576171875
11033,4.94,7,5609.661028180803
11034,-1.09,10,7045.091137695313
11035,-1.09,10,6467.9818359375
11036,-1.09,10,6598.274755859375
11037,-1.09,10,6767.11611328125
11038,0.98,3,7094.9891357421875
11039,-1.09,10,5622.29765625
11040,-1.06,7,5740.698137555803
11041,-1.09,10,6278.841015625
11042,-1.09,10,6472.671044921875
11043,-1.09,10,6357.108349609375
11044,-1.58,10,7211.599658203125
11045,-1.09,10,5617.306408691406
11046,-1.02,3,4064.7021484375
11047,-1.06,7,6514.324672154018
11048,-1.02,3,2407.7879231770835
11049,-1.08,9,5376.497083875868
11050,-1.09,10,6059.4893798828125
11051,-1.09,10,6253.88623046875
11052,-1.58,10,5106.519702148437
11053,-1.09,10,5669.934436035156
11054,-1.09,10,6644.91826171875
11055,4.93,8,7561.428894042969
11056,-5.03,4,7045.9964599609375
11057,-1.09,10,7243.50966796875
11058,-1.09,10,5258.815283203125
11059,-5.07,8,5504.103607177734
11060,-1.09,10,4848.394494628907
11061,-1.09,10,6165.01435546875
11062,-1.09,10,6790.952856445312
11063,-1.09,10,6486.521484375
11064,-1.02,3,5854.488199869792
11065,-1.09,10,6113.6737060546875
11066,-1.09,10,6178.207788085938
11067,-1.09,10,7379.463757324219
11068,-1.09,10,6019.767883300781
11069,-1.09,10,5362.0233703613285
11070,-1.58,10,5785.344653320312
11071,-1.04,5,5806.7646484375
11072,-1.09,10,5124.4666748046875
11073,-1.09,10,6390.080419921875
11074,-1.09,10,6086.533618164062
11075,-1.09,10,5878.910693359375
11076,0.98,3,5302.1837972005205
11077,-1.09,10,6610.3341796875
11078,-1.09,10,6011.622607421875
11079,-1.58,10,4291.883044433594
11080,-1.09,10,6289.68125
11081,-1.58,10,4686.860424804688
11082,-1.58,10,5897.297094726562
11083,-1.09,10,7092.234204101563
11084,-5.08,9,6668.0302327473955
11085,-1.09,10,4801.6773681640625
11086,-1.09,10,4943.318981933594
11087,-1.09,10,7312.054553222656
11088,-1.09,10,4946.605810546875
11089,0.9299999999999999,8,6404.763153076172
11090,-1.09,10,6907.964501953125
11091,-1.09,10,5535.582751464844
11092,-1.09,10,5205.985668945313
11093,-1.58,10,5572.47431640625
11094,-1.09,10,5693.8577880859375
11095,-1.09,10,6424.570483398437
11096,-1.09,10,5077.22958984375
11097,-1.09,10,5897.072583007813
11098,-1.09,10,4454.635150146484
11099,-1.09,10,4923.3175048828125
11100,-1.09,10,6014.13544921875
11101,-1.05,6,6689.763509114583
11102,-1.09,10,5375.662377929688
11103,-5.04,5,5661.697827148438
11104,-1.09,10,6611.0068359375
11105,-1.09,10,4798.799145507813
11106,-1.09,10,6094.021435546875
11107,-1.54,6,5146.6190999348955
11108,-1.09,10,7086.014331054687
11109,4.98,3,6233.315022786458
11110,-1.09,10,5312.585375976562
11111,-1.09,10,4692.665307617188
11112,-1.09,10,6102.3904296875
11113,-1.09,10,5556.972631835937
11114,0.97,4,3793.29345703125
11115,-1.09,10,4876.156982421875
11116,-1.09,10,6621.135107421875
11117,-1.09,10,5223.78984375
11118,4.96,5,4711.7400390625
11119,-1.09,10,6123.8411865234375
11120,-1.09,10,7509.312451171875
11121,-1.09,10,6674.830053710937
11122,-1.09,10,5040.831274414062
11123,-1.09,10,6867.59697265625
11124,4.92,9,5515.857747395833
11125,-1.09,10,6307.7208984375
11126,-1.09,10,6197.721899414062
11127,-1.09,10,5891.8076171875
11128,4.97,4,4317.568054199219
11129,-1.58,10,5302.789196777344
11130,-5.02,3,5051.36328125
11131,-1.09,10,4502.15869140625
11132,-1.09,10,4899.216943359375
11133,-1.09,10,7901.729577636719
11134,-1.09,10,5849.5697021484375
11135,-1.09,10,5891.0283203125
11136,-1.09,10,5771.589782714844
11137,-1.09,10,5708.59580078125
11138,-1.09,10,5608.20927734375
11139,-1.09,10,5338.065673828125
11140,-1.09,10,5818.2369140625
11141,-1.09,10,4716.285375976562
11142,-1.09,10,6921.1021484375
11143,-1.09,10,4724.063159179687
11144,-1.09,10,5627.080395507813
11145,-1.09,10,4852.018151855469
11146,-1.58,10,6645.210546875
11147,-1.09,10,6085.921923828125
11148,4.94,7,5766.223981584822
11149,-1.09,10,4449.436865234375
11150,-1.58,10,4928.281909179687
11151,-5.05,6,6250.7744140625
11152,-1.09,10,4672.683203125
11153,-1.09,10,5620.5692138671875
11154,-1.09,10,4978.262768554688
11155,4.46,6,5799.500081380208
11156,0.96,5,7462.9998046875
11157,-5.07,8,5540.891815185547
11158,-1.09,10,7282.593408203125
11159,-1.09,10,4327.50986328125
11160,-1.09,10,4670.663037109375
11161,4.97,4,5231.780426025391
11162,4.49,3,4922.766438802083
11163,-1.09,10,5341.105078125
11164,-1.09,10,4208.96630859375
11165,-1.09,10,5830.128662109375
11166,-1.09,10,5456.936010742187
11167,-1.09,10,4934.735083007812
11168,-1.09,10,4635.04228515625
11169,-1.09,10,4768.1337890625
11170,-1.09,10,4493.541442871094
11171,-5.03,4,4670.836578369141
11172,-1.09,10,6829.37548828125
11173,-1.09,10,6439.072705078125
11174,-1.09,10,6369.354248046875
11175,-1.09,10,4226.113696289062
11176,-1.09,10,4958.0216796875
11177,-1.09,10,4093.347937011719
11178,-1.09,10,6351.804443359375
11179,-1.09,10,5416.699853515625
11180,0.92,9,5988.064724392361
11181,-1.09,10,5675.25478515625
11182,-1.09,10,5096.231860351562
11183,-1.09,10,5429.930041503906
11184,-1.09,10,5973.566552734375
11185,-1.09,10,5931.053564453125
11186,-1.09,10,5584.053979492188
11187,-1.58,10,5564.626245117188
11188,-1.09,10,7281.3626953125
11189,-1.09,10,6679.382983398437
11190,-1.58,10,5567.358581542969
11191,-1.58,10,5281.192431640625
11192,-1.09,10,5355.881127929688
11193,-1.09,10,5118.425073242188
11194,4.95,6,5954.352864583333
11195,-1.09,10,5882.593017578125
11196,-1.09,10,5481.735693359375
11197,-1.09,10,5480.634375
11198,-1.09,10,4802.647033691406
11199,4.97,4,7115.570556640625
11200,-1.09,10,5279.627819824219
11201,-1.09,10,7005.219482421875
11202,-1.09,10,5040.595153808594
11203,-1.09,10,4752.035107421875
11204,-1.09,10,5106.257641601563
11205,-1.09,10,5032.005834960937
11206,-1.09,10,5768.000244140625
11207,-1.09,10,5160.90517578125
11208,-1.09,10,5846.300048828125
11209,-1.09,10,6910.465307617187
11210,0.95,6,7063.9129638671875
11211,-1.09,10,6387.261791992188
11212,-1.09,10,6071.760229492187
11213,-1.09,10,4778.98935546875
11214,-1.09,10,6137.019873046875
11215,-1.09,10,4745.110314941407
11216,-1.09,10,5005.7803955078125
11217,-1.09,10,6451.591333007813
11218,-1.08,9,6069.104058159723
11219,-1.09,10,6663.45146484375
11220,-1.09,10,6895.604028320313
11221,-1.09,10,7657.974853515625
11222,-1.09,10,5021.603857421875
11223,4.98,3,5528.824381510417
11224,-1.09,10,5874.59814453125
11225,-1.09,10,6685.914404296875
11226,-1.09,10,6297.865393066406
11227,-1.09,10,4799.133276367187
11228,-1.09,10,5601.558056640625
11229,-1.09,10,4709.688427734375
11230,-1.58,10,6637.005334472657
11231,-1.09,10,3714.1970458984374
11232,-1.09,10,5250.56748046875
11233,4.97,4,4302.6590576171875
11234,-1.09,10,6365.7203125
11235,-1.09,10,5924.652551269532
11236,-1.09,10,4778.830419921875
11237,-1.09,10,5673.964868164063
11238,-1.09,10,5986.081762695312
11239,-5.04,5,6176.25498046875
11240,-1.04,5,7048.59501953125
11241,-1.09,10,6180.75595703125
11242,-1.09,10,5485.5806640625
11243,-1.06,7,4097.518450055803
11244,-1.09,10,6724.996875
11245,-1.09,10,4455.1231689453125
11246,-1.58,10,5726.3055419921875
11247,-1.09,10,6355.749755859375
11248,-1.09,10,5287.9510498046875
11249,-1.09,10,6129.115942382812
11250,-1.09,10,4753.239965820312
11251,-1.58,10,4560.500708007812
11252,-1.05,6,6213.176595052083
11253,-1.58,10,5217.781506347656
11254,-1.09,10,6152.100073242187
11255,-1.09,10,7051.061669921875
11256,-1.58,10,5948.014233398438
11257,-1.09,10,5725.412548828125
11258,-1.09,10,5031.024731445313
11259,-1.58,10,5259.994348144532
11260,-1.09,10,5316.716735839844
11261,-5.05,6,4816.751383463542
11262,-1.09,10,6429.782080078125
11263,-1.09,10,5606.958959960937
11264,-1.09,10,5302.5054931640625
11265,-1.58,10,4447.865942382812
11266,-1.09,10,6200.90048828125
11267,-1.04,5,5791.63193359375
11268,-1.03,4,6135.833221435547
11269,-1.09,10,5453.372595214843
11270,4.49,3,6361.87939453125
11271,-1.09,10,7050.157177734375
11272,-1.09,10,6434.009301757813
11273,0.96,5,5014.085009765625
11274,-1.09,10,4440.607983398438
11275,-1.09,10,5265.4556884765625
11276,-1.09,10,6804.721630859375
11277,0.49,3,5083.540690104167
11278,-1.06,7,4542.703543526785
11279,-1.09,10,6020.99970703125
11280,-1.09,10,5258.641943359375
11281,0.98,3,5887.544759114583
11282,-1.09,10,6263.9949951171875
11283,-1.09,10,6114.714916992188
11284,-1.09,10,4459.899975585938
11285,-1.09,10,6253.776123046875
11286,-1.09,10,4712.402416992188
11287,-1.09,10,5804.722021484375
11288,-1.02,3,5648.790852864583
11289,-1.09,10,6212.97978515625
11290,-1.04,5,6232.8791015625
11291,-1.09,10,5580.520703125
11292,-1.09,10,5675.327978515625
11293,0.92,9,5667.034993489583
11294,-1.09,10,4403.91865234375
11295,-1.09,10,5926.183129882813
11296,-1.09,10,4661.326879882812
11297,-1.09,10,6785.52021484375
11298,-1.09,10,5488.98017578125
11299,-1.09,10,6539.595263671875
11300,-1.58,10,5078.715563964844
11301,-1.09,10,4020.14140625
11302,-5.06,7,5688.718889508928
11303,-1.09,10,5425.84619140625
11304,-1.09,10,5461.9151611328125
11305,0.95,6,4593.827555338542
11306,-1.09,10,4736.220349121094
11307,-1.09,10,6353.055151367187
11308,-1.09,10,4871.400378417969
11309,-1.09,10,5041.105139160156
11310,-1.09,10,5011.352099609375
11311,-1.09,10,5119.1818359375
11312,-1.09,10,5388.437158203125
11313,0.0,3,4355.276936848958
11314,0.96,5,4521.164794921875
11315,-1.58,10,4844.665490722657
11316,-1.04,5,6808.410498046875
11317,-1.09,10,4885.184155273438
11318,-1.09,10,7340.141455078125
11319,-1.09,10,6403.464453125
11320,-1.09,10,5014.40888671875
11321,-1.07,8,5528.232574462891
11322,-1.09,10,5443.9962890625
11323,-1.09,10,4170.801220703125
11324,-1.05,6,5997.878743489583
11325,-1.09,10,6558.084130859375
11326,-1.09,10,6261.70126953125
11327,-1.09,10,5317.35888671875
11328,0.92,9,4960.581732855902
11329,-1.09,10,6111.550390625
11330,-1.09,10,5436.0001953125
11331,-1.09,10,5402.005078125
11332,-1.09,10,4583.148193359375
11333,-1.09,10,4733.3367919921875
11334,-5.06,7,5361.517613002232
11335,-1.09,10,5330.45419921875
11336,-1.09,10,4898.806372070312
11337,-1.09,10,4432.356274414063
11338,-1.09,10,6504.91904296875
11339,-1.58,10,4725.492126464844
11340,0.92,9,4871.288438585069
11341,-1.09,10,5074.397375488281
11342,-1.09,10,6187.435473632812
11343,-1.09,10,5942.185302734375
11344,-1.09,10,5022.0970703125
11345,-1.09,10,4490.574560546875
11346,-1.09,10,5194.123779296875
11347,-1.58,10,6136.457836914063
11348,0.9299999999999999,8,5124.615936279297
11349,-1.09,10,4426.563427734375
11350,-1.09,10,5609.4185546875
11351,0.98,3,5166.419352213542
11352,-1.09,10,5214.246813964844
11353,-1.09,10,5625.405993652344
11354,-1.09,10,4772.572131347656
11355,-1.09,10,4515.328759765625
11356,-1.09,10,4447.6451171875
11357,4.98,3,7887.315592447917
11358,-1.09,10,5530.842211914062
11359,-5.06,7,5437.474365234375
11360,-1.09,10,4539.6949462890625
11361,-1.05,6,6710.5581461588545
11362,-1.08,9,4172.003336588542
11363,-1.09,10,5386.709912109375
11364,-1.09,10,5786.4962890625
11365,-1.58,10,5538.652258300781
11366,-1.09,10,5515.6959228515625
11367,-1.06,7,5611.926897321428
11368,-1.09,10,5279.233154296875
11369,-1.09,10,4983.293786621094
11370,-1.09,10,6568.9771484375
11371,-1.05,6,4507.868326822917
11372,-1.09,10,6790.661694335938
11373,-1.09,10,4719.641137695313
11374,-1.09,10,5031.535229492188
11375,-1.09,10,5101.898046875
11376,-1.09,10,4710.749499511719
11377,0.92,9,4943.867404513889
11378,4.93,8,5464.079071044922
11379,-1.09,10,5378.513818359375
11380,-1.09,10,5401.804663085937
11381,-1.06,7,6045.675502232143
11382,-1.09,10,4998.143054199219
11383,-1.58,10,5089.3914794921875
11384,-1.58,10,3130.376324462891
11385,-1.04,5,5347.704296875
11386,-1.09,10,6489.407275390625
11387,-1.09,10,5457.108349609375
11388,-1.09,10,5839.04814453125
11389,0.96,5,7173.600537109375
11390,0.92,9,6067.009874131944
11391,-1.09,10,5214.544091796875
11392,-1.09,10,4188.022412109375
11393,-1.09,10,4687.520397949219
11394,-1.09,10,5123.776159667968
11395,-1.09,10,6177.238452148437
11396,-1.09,10,6678.5822265625
11397,-1.09,10,5460.131396484375
11398,-1.09,10,5132.45830078125
11399,-1.09,10,6561.484936523438
11400,-1.09,10,5000.8292236328125
11401,-1.09,10,5235.743969726563
11402,-1.09,10,4977.754040527344
11403,-1.09,10,4531.881372070313
11404,-1.09,10,4207.939892578125
11405,-1.09,10,4716.819970703125
11406,-1.09,10,5516.724194335938
11407,-1.09,10,5785.820727539062
11408,0.95,6,5193.58544921875
11409,-1.09,10,4600.4224609375
11410,-1.09,10,5699.668994140625
11411,-1.04,5,5590.964111328125
11412,-1.09,10,4334.52958984375
11413,-1.09,10,5054.190380859375
11414,-1.09,10,6266.751123046875
11415,-1.09,10,4924.9724609375
11416,0.94,7,5450.8544921875
11417,-6.0,3,5408.283528645833
11418,-1.09,10,4798.872998046875
11419,-1.09,10,5685.3009033203125
11420,-1.09,10,4361.7327880859375
11421,-1.09,10,4554.183947753906
11422,-1.09,10,6317.717486572265
11423,-1.58,10,4555.201684570313
11424,-1.09,10,3957.527587890625
11425,-1.09,10,4997.262634277344
11426,-1.09,10,4673.758984375
11427,-1.09,10,5037.9034423828125
11428,-1.09,10,5122.0667724609375
11429,-1.09,10,4856.176843261719
11430,-1.09,10,5047.276538085937
11431,-1.09,10,4817.2945556640625
11432,-1.09,10,6386.734631347656
11433,-1.09,10,5530.0583984375
11434,-1.09,10,5193.1524658203125
11435,-1.09,10,5219.345495605468
11436,-1.09,10,4788.965979003906
11437,-1.58,10,5308.775634765625
11438,-1.09,10,4218.897119140625
11439,-1.09,10,4820.210388183594
11440,-1.09,10,4725.028759765625
11441,-1.09,10,3754.616589355469
11442,-1.09,10,4700.207580566406
11443,-1.09,10,5795.154028320312
11444,-1.09,10,4946.71455078125
11445,-1.58,10,6314.199145507812
11446,-1.09,10,4646.6474609375
11447,-1.09,10,4897.51513671875
11448,-1.09,10,4698.11748046875
11449,-1.09,10,4735.804455566406
11450,-1.09,10,4748.9945068359375
11451,-1.09,10,6078.707495117187
11452,-1.58,10,6249.3486328125
11453,-1.09,10,4903.9919921875
11454,-1.09,10,4215.48125
11455,0.0,3,6556.447835286458
11456,-1.07,8,4760.534027099609
11457,-1.09,10,5918.410791015625
11458,-1.09,10,5985.2494140625
11459,-1.09,10,4905.143334960938
11460,-1.09,10,5786.3443359375
11461,-1.09,10,5673.668725585938
11462,-1.58,10,5357.206298828125
11463,-1.09,10,5462.038037109375
11464,0.96,5,4933.584033203125
11465,-1.09,10,5428.74619140625
11466,-1.09,10,5883.845733642578
11467,-1.02,3,3899.306396484375
11468,-1.09,10,5689.536645507813
11469,-1.09,10,5925.179296875
11470,-1.09,10,5142.56796875
11471,-1.58,10,5579.595361328125
11472,-1.09,10,5172.431958007813
11473,0.9299999999999999,8,5421.5322265625
11474,-1.09,10,4590.356640625
11475,-1.09,10,4640.459448242187
11476,-1.09,10,4840.904736328125
11477,-1.09,10,5872.9943359375
11478,-1.09,10,5087.910009765625
11479,-1.58,10,4893.570166015625
11480,-1.07,8,5078.725372314453
11481,-1.09,10,5906.953173828125
11482,-1.09,10,5381.766796875
11483,-1.09,10,4952.844287109375
11484,-1.09,10,4620.355908203125
11485,-1.09,10,4794.6746826171875
11486,-1.09,10,5987.130859375
11487,-1.09,10,4984.66259765625
11488,-1.09,10,4906.1534423828125
11489,-1.09,10,5199.722705078125
11490,-1.09,10,5702.917163085937
11491,-1.09,10,5910.852514648437
11492,0.98,3,4644.706705729167
11493,-1.09,10,4519.635095214844
11494,-1.04,5,5128.54306640625
11495,-1.09,10,4394.302453613282
11496,-1.09,10,6247.720678710937
11497,-1.09,10,4933.6163330078125
11498,-1.09,10,4767.498767089844
11499,-1.09,10,4862.5462890625
11500,0.49,3,7406.874186197917
11501,-1.04,5,5200.72587890625
11502,-1.09,10,5816.756164550781
11503,-1.09,10,5565.597924804688
11504,-1.09,10,5735.0802001953125
11505,-1.09,10,4876.394006347657
11506,-1.09,10,4739.5677734375
11507,0.95,6,5515.7878011067705
11508,-1.08,9,5128.494520399306
11509,-1.02,3,4363.353515625
11510,-1.09,10,5067.374169921875
11511,-1.03,4,5156.319274902344
11512,-1.09,10,4810.932702636719
11513,-1.09,10,4920.158422851562
11514,-1.09,10,5255.911108398437
11515,-1.09,10,5378.147290039063
11516,-1.09,10,5074.087573242187
11517,-1.09,10,5168.406176757812
11518,-1.09,10,5015.6568359375
11519,-1.09,10,5627.5703125
11520,-1.09,10,4505.926965332032
11521,-1.09,10,5086.1849609375
11522,-1.09,10,5868.498461914062
11523,-1.09,10,5026.25029296875
11524,-1.09,10,4904.4246826171875
11525,-1.09,10,5360.3130859375
11526,-1.09,10,5721.382177734375
11527,-1.09,10,5615.514892578125
11528,-1.05,6,5096.400065104167
11529,-1.09,10,6492.82998046875
11530,-1.09,10,5256.5982421875
11531,-1.09,10,4552.805358886719
11532,-1.09,10,4934.77734375
11533,-1.58,10,4798.79873046875
11534,-1.09,10,6038.870849609375
11535,-1.09,10,4160.872045898437
11536,0.92,9,5164.081217447917
11537,-1.58,10,4598.175073242188
11538,0.97,4,6093.110595703125
11539,-1.09,10,4923.534313964844
11540,-1.09,10,4856.1080322265625
11541,-1.09,10,6715.644482421875
11542,-1.09,10,5106.5194091796875
11543,-1.09,10,5193.622802734375
11544,-1.09,10,6000.548681640625
11545,-1.09,10,5662.631518554687
11546,0.94,7,6177.89875139509
11547,-1.09,10,5855.234204101563
11548,-1.58,10,4232.895849609375
11549,-1.58,10,4428.313745117188
11550,-1.09,10,5437.725830078125
11551,0.95,6,4185.734619140625
11552,-1.58,10,5148.6818359375
11553,-1.09,10,5659.898571777344
11554,-1.09,10,6009.93349609375
11555,-1.09,10,4570.90322265625
11556,-1.09,10,4949.464953613281
11557,-1.09,10,5450.764819335937
11558,-1.09,10,6112.43759765625
11559,-1.09,10,4734.99755859375
11560,-1.09,10,5047.66943359375
11561,-1.09,10,4757.07001953125
11562,-1.09,10,6565.372802734375
11563,-1.09,10,4978.531921386719
11564,-1.09,10,4811.762841796875
11565,-1.09,10,5398.595678710937
11566,-1.09,10,4101.89580078125
11567,-1.09,10,5441.738110351563
11568,-1.09,10,5790.4943359375
11569,-1.09,10,5088.095556640625
11570,4.93,8,5497.556945800781
11571,-1.09,10,6001.742846679687
11572,-1.09,10,5236.1181640625
11573,-1.09,10,4396.6915283203125
11574,0.98,3,4940.399169921875
11575,-1.09,10,5950.038305664062
11576,-1.58,10,5482.67001953125
11577,0.92,9,4676.8472900390625
11578,4.95,6,5852.120768229167
11579,-1.09,10,6300.660400390625
11580,-1.09,10,4268.713598632812
11581,-1.09,10,4721.6794921875
11582,-1.09,10,5383.80869140625
11583,-5.04,5,3618.51171875
11584,-1.09,10,5081.863500976562
11585,-1.09,10,6335.06708984375
11586,-1.09,10,6408.744738769531
11587,-1.09,10,4033.724609375
11588,-1.09,10,4853.8367919921875
11589,-1.09,10,5508.071557617188
11590,-1.09,10,4614.476831054688
11591,-1.09,10,5145.548291015625
11592,-1.09,10,4454.392309570312
11593,-1.02,3,5412.371744791667
11594,-1.09,10,5592.132788085937
11595,4.97,4,6386.9622802734375
11596,-1.09,10,4870.8513671875
11597,-1.09,10,4556.1927490234375
11598,4.0,3,6363.712890625
11599,4.92,9,4689.90325249566
11600,-1.09,10,4808.159948730468
11601,-1.09,10,4661.99990234375
11602,-1.09,10,4389.180224609375
11603,-1.09,10,4816.74228515625
11604,-1.58,10,6071.4210205078125
11605,-1.09,10,4369.568005371094
11606,-1.09,10,5743.105004882813
11607,-1.09,10,5077.16005859375
11608,-1.58,10,4450.318994140625
11609,-1.04,5,5155.7888671875
11610,0.98,3,6873.544270833333
11611,-1.09,10,3897.791552734375
11612,-1.09,10,5160.731469726563
11613,-1.09,10,6336.734887695313
11614,-1.09,10,4871.02431640625
11615,-1.09,10,5923.437060546875
11616,-1.09,10,6113.6208984375
11617,4.94,7,6511.637486049107
11618,-1.09,10,4671.181884765625
11619,-1.04,5,5104.44599609375
11620,0.96,5,5454.69111328125
11621,-1.09,10,4765.550854492188
11622,-1.09,10,4129.424060058594
11623,-1.58,10,6245.41630859375
11624,4.92,9,6291.62158203125
11625,-1.09,10,5549.822094726563
11626,-1.09,10,5395.606665039062
11627,-1.09,10,4913.4176025390625
11628,-1.09,10,4940.819555664062
11629,-1.09,10,5427.24306640625
11630,-1.09,10,3603.156884765625
11631,-1.09,10,5868.760498046875
11632,-1.09,10,5497.703857421875
11633,-1.09,10,5055.967993164062
11634,4.93,8,5653.687286376953
11635,-1.09,10,6155.5634765625
11636,-1.09,10,4435.1693115234375
11637,-1.06,7,4783.98796735491
11638,-1.09,10,5662.682592773437
11639,0.98,3,5258.455078125
11640,-1.09,10,6144.524658203125
11641,-1.09,10,3928.902453613281
11642,-1.09,10,5508.052465820312
11643,-1.09,10,5359.96884765625
11644,0.98,3,5691.3251953125
11645,-1.09,10,5029.143334960938
11646,-1.09,10,3678.495013427734
11647,-1.09,10,4995.046362304687
11648,-1.09,10,4268.786181640625
11649,-1.09,10,3978.8478271484373
11650,-1.09,10,4651.502941894531
11651,-1.03,4,5225.226501464844
11652,-1.09,10,5476.47783203125
11653,-1.09,10,5142.12421875
11654,-1.09,10,6497.293408203125
11655,-1.09,10,4135.59990234375
11656,-1.09,10,6753.701806640625
11657,-1.09,10,5794.916235351562
11658,-1.09,10,5951.277294921875
11659,-1.09,10,5502.032006835938
11660,-1.09,10,4822.770483398437
11661,-1.09,10,4884.23681640625
11662,-1.09,10,4694.674975585937
11663,-1.58,10,5559.365014648438
11664,-1.09,10,5208.939599609375
11665,-1.09,10,5404.952172851563
11666,-1.09,10,5089.740454101562
11667,-1.09,10,5265.706787109375
11668,-5.07,8,5306.031066894531
11669,-5.07,8,5491.573944091797
11670,-1.09,10,3633.812878417969
11671,-1.09,10,4072.142236328125
11672,-1.09,10,4062.6162353515624
11673,-1.09,10,4838.1888427734375
11674,-1.09,10,5007.836596679687
11675,-1.09,10,4115.561938476562
11676,0.97,4,4887.305908203125
11677,-1.09,10,5263.940673828125
11678,-1.09,10,5854.190087890625
11679,-1.09,10,4873.754248046875
11680,-1.09,10,4072.5526733398438
11681,-1.09,10,4323.787512207031
11682,-1.58,10,4083.60322265625
11683,-1.09,10,4838.591040039062
11684,-1.09,10,4635.056823730469
11685,-1.09,10,5435.50361328125
11686,0.98,3,4548.050130208333
11687,-1.09,10,5942.6834716796875
11688,-1.09,10,5007.195715332031
11689,-1.09,10,4895.277392578125
11690,-1.09,10,4614.328063964844
11691,-1.09,10,4447.984289550781
11692,-1.09,10,3883.212225341797
11693,-1.09,10,4067.9964233398437
11694,-1.09,10,4163.274206542968
11695,-1.09,10,3968.913671875
11696,-1.09,10,4822.055517578125
11697,-1.09,10,4874.274328613281
11698,-1.09,10,3628.065771484375
11699,-1.09,10,5325.698217773437
11700,-1.09,10,5876.35146484375
11701,-5.05,6,4560.186116536458
11702,-1.09,10,5035.0518798828125
11703,-1.09,10,5191.63203125
11704,-1.09,10,5870.929760742188
11705,-1.09,10,6750.626708984375
11706,-1.09,10,5192.581884765625
11707,-1.09,10,4106.5655517578125
11708,-1.09,10,4270.746362304688
11709,-1.09,10,4836.8682861328125
11710,-1.09,10,4180.36171875
11711,-5.08,9,5446.766737196181
11712,-1.09,10,4364.636279296875
11713,-1.09,10,5573.95283203125
11714,-1.04,5,5314.141552734375
11715,-1.04,5,6422.6875
11716,-1.09,10,5173.054028320313
11717,0.96,5,5329.39296875
11718,-1.09,10,5055.687683105469
11719,-1.09,10,5095.342602539063
11720,-1.09,10,4853.351123046875
11721,-1.08,9,5496.008680555556
11722,-1.09,10,4367.825512695313
11723,-1.09,10,6044.559057617187
11724,-1.09,10,5273.913989257812
11725,-1.56,8,6798.6131591796875
11726,-1.09,10,4946.939892578125
11727,4.94,7,5057.468401227678
11728,-1.09,10,5082.829541015625
11729,-1.09,10,5446.097473144531
11730,-1.09,10,3708.9183349609375
11731,-1.58,10,4717.555004882813
11732,4.98,3,3713.801025390625
11733,-1.09,10,6101.096484375
11734,-1.09,10,6737.744848632812
11735,-1.09,10,4663.679284667969
11736,-1.09,10,4728.923095703125
11737,-1.09,10,4820.23349609375
11738,0.0,3,5300.37255859375
11739,-1.09,10,3803.5510009765626
11740,-1.09,10,5657.5731201171875
11741,-1.09,10,4877.747778320312
11742,4.98,3,5966.936848958333
11743,-1.09,10,5177.682836914062
11744,-1.09,10,4918.220068359375
11745,-1.09,10,5453.148828125
11746,-1.09,10,4944.208764648438
11747,-1.09,10,5319.833032226563
11748,0.94,7,5582.540004185268
11749,-1.09,10,5451.2806640625
11750,-1.09,10,4663.115551757813
11751,-1.09,10,5868.39580078125
11752,-5.05,6,4554.169352213542
11753,-5.04,5,4474.568798828125
11754,-1.09,10,4418.702563476562
11755,4.96,5,5349.967333984375
11756,0.96,5,4619.164990234375
11757,-1.09,10,4778.83095703125
11758,-1.09,10,3959.6374267578126
11759,-1.09,10,6906.360693359375
11760,-1.58,10,5594.030981445312
11761,-1.09,10,3932.304553222656
11762,-1.09,10,5100.069384765625
11763,4.98,3,3823.4729817708335
11764,-1.09,10,5039.62197265625
11765,-1.09,10,4610.092260742187
11766,-1.09,10,4421.459326171875
11767,-1.09,10,4659.773120117187
11768,-1.09,10,4774.172216796875
11769,-1.09,10,5719.9091796875
11770,0.95,6,4932.006022135417
11771,-1.09,10,5009.071264648437
11772,-1.09,10,4192.809619140625
11773,-1.09,10,5904.951306152344
11774,-1.09,10,4575.762622070312
11775,-5.05,6,5738.9608968098955
11776,-1.58,10,3843.3278564453126
11777,-1.09,10,5242.956079101563
11778,-5.02,3,5498.887613932292
11779,-1.09,10,4748.214294433594
11780,-1.05,6,3548.9297688802085
11781,-1.09,10,6060.179760742188
11782,-1.58,10,4535.3577880859375
11783,-1.09,10,6549.14150390625
11784,-5.02,3,3426.872802734375
11785,-1.58,10,5000.206225585937
11786,-1.09,10,5445.67236328125
11787,-1.09,10,5289.598486328125
11788,-1.09,10,4821.145300292968
11789,-5.07,8,4332.660614013672
11790,-1.09,10,4750.185192871094
11791,-1.09,10,5180.586669921875
11792,-1.09,10,4439.432434082031
11793,-1.09,10,4674.583666992187
11794,-1.09,10,4448.940405273437
11795,-1.09,10,3438.3012268066404
11796,-1.09,10,5321.646240234375
11797,-1.09,10,5324.365661621094
11798,-1.09,10,4714.403002929687
11799,-1.09,10,5126.40380859375
11800,-1.09,10,5362.034448242188
11801,-1.09,10,6303.422875976563
11802,-1.09,10,5403.569384765625
11803,-5.04,5,5537.05615234375
11804,-1.58,10,4437.947802734375
11805,-1.58,10,5476.55234375
11806,0.98,3,3034.507609049479
11807,-1.09,10,5660.617578125
11808,-1.09,10,3802.5991943359377
11809,-1.05,6,4512.630025227864
11810,-1.09,10,4550.084741210938
11811,-1.09,10,4819.993359375
11812,-1.58,10,4955.809228515625
11813,4.95,6,4900.227864583333
11814,0.94,7,5578.473911830357
11815,0.98,3,6600.244466145833
11816,-1.09,10,5073.20029296875
11817,-1.09,10,5079.9324951171875
11818,-1.09,10,4999.02001953125
11819,-1.09,10,4911.812341308594
11820,-1.06,7,4832.587855747768
11821,-1.09,10,4982.387280273438
11822,-1.09,10,4504.678247070313
11823,-1.09,10,4030.757568359375
11824,-1.09,10,5232.401904296875
11825,-1.09,10,4962.92236328125
11826,-1.09,10,4270.503137207032
11827,-1.06,7,4779.347621372768
11828,0.92,9,4841.7105712890625
11829,-1.09,10,3340.245849609375
11830,-1.08,9,4602.441460503473
11831,-1.08,9,6168.234537760417
11832,-1.09,10,4790.601904296875
11833,-1.09,10,5149.44501953125
11834,0.95,6,4688.5622151692705
11835,-1.09,10,4920.8524169921875
11836,-1.09,10,5259.008276367187
11837,-1.09,10,4260.194580078125
11838,-1.04,5,4771.211572265625
11839,-1.09,10,5059.387158203125
11840,-1.09,10,4659.86064453125
11841,-1.09,10,5010.602075195313
11842,0.97,4,3703.8094482421875
11843,-1.03,4,5319.6016845703125
11844,-1.58,10,3957.1815185546875
11845,-1.03,4,5162.784606933594
11846,-1.09,10,4529.682592773437
11847,-1.09,10,4540.221118164062
11848,-1.09,10,4801.21083984375
11849,-1.09,10,5929.5865234375
11850,-1.09,10,5502.404479980469
11851,4.98,3,5412.35986328125
11852,-1.09,10,5375.280749511719
11853,-1.09,10,5117.78505859375
11854,-1.09,10,5082.200341796875
11855,0.97,4,4154.114562988281
11856,-1.09,10,4757.80283203125
11857,-1.09,10,5510.809228515625
11858,-1.09,10,5476.574682617187
11859,-1.09,10,4812.050122070313
11860,-1.09,10,5787.496276855469
11861,-1.09,10,5952.23271484375
11862,-1.09,10,4636.248315429688
11863,-1.09,10,4382.8341796875
11864,-1.09,10,5008.919213867188
11865,-1.09,10,3905.381689453125
11866,-1.09,10,5004.086401367187
11867,0.98,3,4496.827718098958
11868,-1.09,10,4966.324682617187
11869,-1.09,10,4889.543481445313
11870,-1.09,10,4761.345837402344
11871,-1.58,10,5595.896655273437
11872,-1.09,10,3748.0625732421877
11873,-1.09,10,5447.898120117187
11874,-1.09,10,4738.772351074219
11875,-1.09,10,4836.724829101562
11876,-1.09,10,4771.551245117187
11877,-1.08,9,4286.230007595486
11878,-1.09,10,6349.018237304687
11879,4.94,7,4394.56672014509
11880,-1.09,10,6560.388256835938
11881,-1.09,10,3672.963903808594
11882,-1.09,10,3966.9760681152343
11883,-1.09,10,5785.650244140625
11884,4.95,6,4829.542744954427
11885,-1.09,10,5710.010205078125
11886,4.94,7,4978.040631975447
11887,-1.09,10,5813.4060546875
11888,-1.09,10,5563.543969726563
11889,-1.09,10,5390.079760742187
11890,-1.03,4,4002.3494873046875
11891,-1.09,10,5692.1002197265625
11892,-1.09,10,5066.46669921875
11893,-1.09,10,4952.2185546875
11894,-1.09,10,5078.254663085938
11895,-1.09,10,4925.854528808593
11896,-1.09,10,6271.114892578125
11897,-1.09,10,5040.073657226562
11898,-1.09,10,4401.3474609375
11899,-1.09,10,3920.483984375
11900,-1.09,10,5601.291333007813
11901,-1.09,10,4243.934545898437
11902,-1.09,10,5452.785888671875
11903,-1.09,10,5406.810961914062
11904,-1.09,10,5853.6412353515625
11905,0.94,7,7318.006487165178
11906,-1.09,10,4568.585400390625
11907,-1.09,10,5220.027734375
11908,-1.09,10,4711.120922851563
11909,-1.09,10,4925.445532226562
11910,-1.09,10,4949.439099121094
11911,-1.09,10,4984.882641601563
11912,-1.09,10,5120.36376953125
11913,-1.09,10,5700.61650390625
11914,4.92,9,5021.770941840277
11915,-1.58,10,5092.2989501953125
11916,-1.09,10,5555.680859375
11917,-1.09,10,4848.147570800781
11918,-5.08,9,5413.728298611111
11919,-1.09,10,6311.805419921875
11920,-1.09,10,5261.699853515625
11921,-1.09,10,4541.070324707031
11922,-5.06,7,4588.9683837890625
11923,-1.09,10,4848.793774414063
11924,-5.05,6,5328.9833577473955
11925,-1.02,3,7579.502766927083
11926,-1.58,10,5300.839916992188
11927,-1.09,10,5246.45908203125
11928,-1.07,8,4555.912689208984
11929,0.9299999999999999,8,4110.381500244141
11930,0.0,3,3642.2403971354165
11931,-5.03,4,6121.3548583984375
11932,-1.06,7,3807.0572335379466
11933,-1.09,10,5156.071118164063
11934,-1.09,10,4832.182788085937
11935,-1.09,10,4443.964184570313
11936,-1.09,10,4434.660620117187
11937,-1.09,10,5217.755395507813
11938,-1.09,10,5098.18388671875
11939,-1.09,10,5297.276354980469
11940,-1.07,8,4932.929107666016
11941,-1.09,10,3484.4097412109377
11942,-1.09,10,4572.183740234375
11943,-1.09,10,4689.574267578125
11944,0.98,3,5374.10498046875
11945,-1.02,3,7481.011393229167
11946,-1.09,10,5111.244970703125
11947,0.43999999999999995,8,5407.959381103516
11948,-1.09,10,4298.82529296875
11949,-1.09,10,4912.77275390625
11950,-1.09,10,5828.114453125
11951,-1.09,10,4910.597387695312
11952,-1.58,10,3020.4978210449217
11953,-1.09,10,4519.868798828125
11954,0.45999999999999996,6,4948.359944661458
11955,-1.09,10,5705.296472167969
11956,-1.09,10,4743.7498779296875
11957,-1.09,10,5616.878173828125
11958,-1.08,9,5439.310112847223
11959,-1.09,10,5851.37109375
11960,-1.07,8,3879.7342224121094
11961,-1.09,10,4387.167578125
11962,-1.09,10,4975.150952148438
11963,-1.09,10,5110.6310546875
11964,-1.09,10,4742.8863525390625
11965,-1.09,10,4135.973876953125
11966,-1.09,10,5554.7718505859375
11967,0.95,6,3527.366943359375
11968,-1.09,10,6124.824462890625
11969,4.96,5,2839.31103515625
11970,-1.09,10,5021.6148681640625
11971,-1.02,3,4531.33642578125
11972,-1.09,10,4800.302038574218
11973,0.44999999999999996,7,4693.269670758928
11974,-1.58,10,5109.347680664063
11975,0.96,5,6380.470703125
11976,-1.09,10,5208.6515625
11977,-1.09,10,4927.3917236328125
11978,-5.52,4,3728.1403198242188
11979,-1.09,10,5453.127197265625
11980,-5.05,6,6238.0329996744795
11981,-1.09,10,4380.5733642578125
11982,-1.09,10,5302.88837890625
11983,-1.09,10,3332.865576171875
11984,-1.09,10,5419.2425537109375
11985,-1.09,10,4892.20498046875
11986,-1.09,10,4965.49287109375
11987,0.98,3,5943.999674479167
11988,-1.09,10,4927.6458984375
11989,-1.09,10,4355.133581542968
11990,-1.09,10,4781.703967285156
11991,-1.58,10,5458.488000488282
11992,-1.09,10,4420.963159179688
11993,4.92,9,3267.639892578125
11994,-1.09,10,4890.170239257813
11995,-1.09,10,4940.331982421875
11996,-1.09,10,5272.070092773438
11997,-1.09,10,4793.701489257813
11998,-1.09,10,5641.382275390625
11999,-1.09,10,3844.004541015625
12000,-1.09,10,4231.793981933593
12001,-1.09,10,4665.962890625
12002,-1.09,10,5236.915087890625
12003,-1.09,10,6065.379150390625
12004,-1.09,10,4851.868920898438
12005,-1.09,10,3978.3392822265623
12006,-1.09,10,4319.185748291015
12007,-1.09,10,4431.21357421875
12008,-1.09,10,4824.299328613281
12009,-1.09,10,5304.7748046875
12010,-1.09,10,4039.2135498046873
12011,-1.09,10,4228.620379638672
12012,-1.09,10,4705.964379882813
12013,-1.09,10,5801.59580078125
12014,-1.09,10,5223.65185546875
12015,-1.09,10,5230.529736328125
12016,-1.09,10,4280.058618164063
12017,-1.08,9,5354.043145073785
12018,-1.09,10,5090.302307128906
12019,-1.09,10,4580.27470703125
12020,-1.09,10,4506.006164550781
12021,-1.09,10,5418.318713378906
12022,-1.09,10,4197.7933349609375
12023,-1.09,10,4277.921618652344
12024,-1.09,10,4513.653845214843
12025,-1.09,10,4041.7880859375
12026,-1.09,10,4577.877197265625
12027,-1.09,10,4234.131909179688
12028,-5.05,6,4874.955240885417
12029,-1.09,10,4904.81650390625
12030,-1.09,10,4858.4615478515625
12031,-1.09,10,5719.876049804688
12032,-1.09,10,5132.463671875
12033,-1.58,10,5292.10908203125
12034,0.97,4,4362.76416015625
12035,-1.09,10,4791.844250488281
12036,-1.09,10,4218.362316894531
12037,-1.09,10,4241.92734375
12038,0.94,7,5128.69482421875
12039,-1.09,10,4305.983129882812
12040,-1.09,10,4902.803149414062
12041,-1.09,10,4769.839404296875
12042,4.93,8,5583.638824462891
12043,-1.09,10,4418.737390136719
12044,0.97,4,6153.638427734375
12045,-5.08,9,3524.1970893012153
12046,-1.09,10,5229.202075195312
12047,-1.09,10,5614.53095703125
12048,-1.09,10,4587.8109375
12049,-1.09,10,5817.694262695312
12050,-1.09,10,5019.864111328125
12051,-1.09,10,5517.743725585938
12052,-1.09,10,3847.9008911132814
12053,-1.09,10,4631.938745117188
12054,-1.09,10,5367.59775390625
12055,-1.08,9,4074.9774034288193
12056,-1.58,10,5339.879296875
12057,-1.09,10,5104.810766601562
12058,-1.09,10,4955.236071777344
12059,-5.02,3,2078.6258544921875
12060,-1.09,10,4403.600659179688
12061,-1.09,10,4083.9919189453126
12062,-1.09,10,4572.227001953125
12063,-5.04,5,4205.57978515625
12064,-1.09,10,5380.700341796875
12065,-1.09,10,4599.8594970703125
12066,4.92,9,4332.175971137152
12067,-1.09,10,4487.893969726562
12068,-1.09,10,4483.7197265625
12069,-1.58,10,4187.164404296875
12070,-1.09,10,4863.1363525390625
12071,-1.03,4,5284.415283203125
12072,-1.09,10,5131.4494140625
12073,-1.09,10,3401.818408203125
12074,-1.09,10,5885.220629882812
12075,-1.58,10,4392.642016601562
12076,-1.06,7,6131.817173549107
12077,-1.09,10,4552.77294921875
12078,0.92,9,3676.324408637153
12079,0.95,6,4483.8533935546875
12080,-1.09,10,4676.981744384766
12081,-1.09,10,5154.268249511719
12082,-1.06,7,4777.474469866072
12083,0.95,6,4534.6483154296875
12084,-1.09,10,5649.243115234375
12085,-1.09,10,4678.364233398437
12086,-1.09,10,4681.144360351563
12087,-1.09,10,6304.5584716796875
12088,-1.09,10,5068.300830078125
12089,-1.09,10,4921.256677246094
12090,-1.09,10,4651.284350585937
12091,-1.09,10,4029.45927734375
12092,-1.09,10,4946.076953125
12093,-1.09,10,4349.9341796875
12094,0.95,6,4455.17724609375
12095,-1.09,10,4438.0697021484375
12096,-1.09,10,5244.120849609375
12097,-1.09,10,5195.000537109375
12098,-1.09,10,5155.934545898437
12099,0.98,3,5481.655436197917
12100,-1.04,5,5000.9248046875
12101,-1.09,10,4780.0418701171875
12102,-1.09,10,5134.985107421875
12103,-1.09,10,5442.023889160157
12104,-1.09,10,4918.711962890625
12105,-1.09,10,3947.505419921875
12106,-1.09,10,3825.4987060546873
12107,-1.09,10,5578.831530761719
12108,-1.09,10,6221.466284179687
12109,-1.58,10,3718.115124511719
12110,-1.09,10,5142.107885742187
12111,-1.09,10,4700.60986328125
12112,-1.09,10,4652.613989257812
12113,-1.09,10,4141.293774414063
12114,-1.09,10,5320.832836914063
12115,4.94,7,5148.760602678572
12116,-1.09,10,4479.184985351562
12117,-1.09,10,6016.848559570312
12118,-1.09,10,5436.317065429687
12119,-1.09,10,4802.517553710937
12120,-1.09,10,5220.993701171875
12121,-1.09,10,5146.722351074219
12122,-1.09,10,5391.157934570312
12123,4.97,4,5520.1126708984375
12124,-1.09,10,5813.23671875
12125,-1.09,10,4752.8716796875
12126,0.98,3,2475.0736490885415
12127,-1.09,10,3453.7674194335937
12128,-1.09,10,4746.339086914062
12129,-1.58,10,5632.532666015625
12130,-1.09,10,4683.469677734375
12131,-5.08,9,5048.957383897569
12132,-1.09,10,4310.882360839843
12133,-1.09,10,4147.42919921875
12134,-1.09,10,5641.7198486328125
12135,-1.09,10,4043.8439331054688
12136,4.97,4,4518.6226806640625
12137,-1.09,10,4110.293481445313
12138,0.42999999999999994,9,4926.174045138889
12139,-1.09,10,6247.203930664063
12140,0.97,4,5232.624572753906
12141,-1.09,10,4533.76083984375
12142,-1.09,10,3613.463671875
12143,-1.09,10,4419.633544921875
12144,-5.03,4,3610.751220703125
12145,-1.09,10,4570.500537109375
12146,-1.09,10,5678.690942382813
12147,-1.09,10,4617.899169921875
12148,4.95,6,5139.8349609375
12149,-1.58,10,4486.20634765625
12150,-1.09,10,3998.6700439453125
12151,-1.09,10,3454.3970581054687
12152,-1.09,10,4138.121875
12153,-1.09,10,6188.748681640625
12154,-1.09,10,5027.291430664062
12155,-1.09,10,4279.738549804688
12156,4.93,8,6318.603553771973
12157,-5.04,5,4415.843896484375
12158,-1.09,10,4591.012890625
12159,-1.09,10,4952.692163085938
12160,-1.09,10,4414.395654296875
12161,-1.09,10,6063.398461914063
12162,-1.09,10,6055.967431640625
12163,-1.09,10,6099.09833984375
12164,-1.09,10,4920.337841796875
12165,-1.09,10,3790.1009521484375
12166,-1.09,10,4016.9696411132813
12167,-1.09,10,4373.412145996093
12168,-1.09,10,3911.029248046875
12169,-1.09,10,4291.535546875
12170,-1.09,10,4265.027258300781
12171,-1.05,6,4705.973815917969
12172,-1.09,10,5012.52939453125
12173,-1.09,10,4846.112487792969
12174,-1.09,10,5140.270727539062
12175,0.98,3,5266.05126953125
12176,-1.09,10,5563.906323242188
12177,-1.09,10,5627.031298828125
12178,-1.09,10,4945.095373535156
12179,-1.09,10,5902.9751953125
12180,-1.09,10,6272.88095703125
12181,-1.09,10,4816.694995117187
12182,-1.09,10,4787.746801757812
12183,-1.09,10,5797.402233886719
12184,-1.09,10,5041.824536132813
12185,-1.09,10,4899.543444824219
12186,-1.58,10,5161.231481933593
12187,-1.09,10,4297.50576171875
12188,-1.09,10,3661.55107421875
12189,-1.09,10,4083.2343017578123
12190,-1.09,10,3581.235498046875
12191,-1.09,10,4496.665808105468
12192,-1.09,10,4493.052172851562
12193,-1.07,8,4302.5274658203125
12194,-1.09,10,5822.642407226563
12195,-1.58,10,5844.04658203125
12196,-1.09,10,5649.502001953125
12197,0.97,4,6188.923095703125
12198,-1.09,10,5596.2775390625
12199,-1.09,10,4776.52294921875
12200,-1.09,10,5284.468188476562
12201,-1.09,10,5060.166845703125
12202,-1.09,10,3690.146350097656
12203,-1.09,10,6890.963623046875
12204,-1.09,10,5356.0771484375
12205,-1.09,10,5086.618920898438
12206,-1.09,10,5246.8751220703125
12207,-1.09,10,5996.301782226563
12208,-1.09,10,4640.988232421875
12209,-1.09,10,4793.706616210938
12210,-1.09,10,4219.096899414062
12211,-1.09,10,4220.905126953125
12212,-1.09,10,5405.874731445312
12213,-1.09,10,5007.692700195313
12214,-1.09,10,4061.346960449219
12215,-1.58,10,4405.4488525390625
12216,-1.09,10,5876.7041687011715
12217,-1.09,10,5917.743383789062
12218,-1.09,10,4219.613757324219
12219,-1.09,10,6493.628149414062
12220,-1.09,10,4334.259381103516
12221,-1.09,10,5268.215228271484
12222,-1.09,10,3928.129284667969
12223,-1.09,10,5332.417236328125
12224,-1.09,10,4813.954028320312
12225,-1.09,10,4879.472619628907
12226,-1.09,10,4772.129406738281
12227,-1.09,10,4679.992559814453
12228,-1.04,5,5547.741357421875
12229,-1.09,10,4655.880212402344
12230,-1.02,3,4218.863037109375
12231,-1.09,10,4107.589447021484
12232,-1.09,10,4346.2828369140625
12233,-1.09,10,5602.023046875
12234,-1.06,7,4586.997802734375
12235,-1.09,10,5047.517651367188
12236,-1.04,5,5514.45224609375
12237,-1.09,10,5894.23203125
12238,-5.03,4,5587.197021484375
12239,-1.09,10,3236.0841796875
12240,4.98,3,5611.073404947917
12241,-5.05,6,4607.8971761067705
12242,-1.09,10,3380.443438720703
12243,4.93,8,5120.0699462890625
12244,-1.09,10,4433.504077148437
12245,-1.09,10,5144.329516601562
12246,-1.09,10,5277.808032226562
12247,-1.09,10,5506.93525390625
12248,-1.09,10,5756.54990234375
12249,-1.09,10,3815.839404296875
12250,-1.09,10,5243.783959960938
12251,-1.09,10,4525.484747314453
12252,-1.09,10,4753.596508789063
12253,0.94,7,4913.525774274553
12254,-1.09,10,5407.756494140625
12255,-1.09,10,4894.507104492188
12256,-1.09,10,4684.985668945313
12257,-1.09,10,4878.28359375
12258,0.96,5,3953.809619140625
12259,0.92,9,5527.171006944444
12260,-5.08,9,6224.363633897569
12261,-1.09,10,5233.036401367188
12262,-1.09,10,4754.9703125
12263,-1.09,10,3979.5680908203126
12264,0.98,3,3824.9469401041665
12265,-1.09,10,5217.489428710937
12266,-1.09,10,5339.536694335938
12267,-1.09,10,4794.880834960937
12268,-1.09,10,3458.06669921875
12269,-1.09,10,4303.330114746093
12270,-1.09,10,3793.3080810546876
12271,-1.09,10,5226.056787109375
12272,-1.09,10,6980.01484375
12273,0.97,4,2744.8082580566406
12274,-1.09,10,5589.101147460938
12275,-1.09,10,4099.10751953125
12276,0.92,9,5486.282660590277
12277,-1.09,10,6039.252001953125
12278,-1.09,10,4815.702416992188
12279,0.95,6,5565.261576334636
12280,-1.09,10,4421.4769287109375
12281,-1.09,10,5026.7076416015625
12282,-1.09,10,4458.5718994140625
12283,-1.09,10,5633.450476074218
12284,-1.09,10,5738.718798828125
12285,-1.09,10,5280.824755859375
12286,-1.09,10,4678.068359375
12287,-1.09,10,6174.287329101562
12288,-1.09,10,4540.584497070313
12289,-1.09,10,4987.573486328125
12290,0.96,5,4499.475634765625
12291,-1.09,10,5149.675598144531
12292,-1.09,10,5060.325268554688
12293,-1.58,10,4396.587414550781
12294,-1.09,10,4819.389892578125
12295,-1.09,10,4073.24140625
12296,-1.09,10,5509.312231445312
12297,-1.02,3,6738.650716145833
12298,-1.09,10,6026.297436523438
12299,-1.09,10,5925.12880859375
12300,-1.09,10,4667.32421875
12301,-1.09,10,6199.562451171875
12302,-1.09,10,4451.309301757812
12303,-1.09,10,4424.109838867187
12304,-1.09,10,4551.903210449219
12305,-1.09,10,6166.720556640625
12306,-1.09,10,4068.850439453125
12307,0.96,5,4362.239404296875
12308,-1.58,10,5191.0386962890625
12309,-5.02,3,4775.659586588542
12310,-1.58,10,4719.942907714843
12311,-1.09,10,5425.949609375
12312,-1.09,10,5762.45390625
12313,0.97,4,3537.6163940429688
12314,-1.09,10,4605.921728515625
12315,0.9299999999999999,8,4318.9619140625
12316,-1.09,10,4931.1916015625
12317,-1.09,10,4462.942041015625
12318,-1.09,10,3665.609619140625
12319,-1.09,10,6781.898779296875
12320,4.94,7,5100.01545061384
12321,-1.09,10,4393.632861328125
12322,-1.09,10,4304.41982421875
12323,-1.09,10,4700.4698486328125
12324,-1.09,10,6053.537646484375
12325,-1.09,10,4534.178930664062
12326,-1.09,10,5548.159765625
12327,0.98,3,2333.495849609375
12328,-1.09,10,4185.100671386719
12329,-1.09,10,6164.9085693359375
12330,-1.09,10,5183.594543457031
12331,-1.09,10,3875.7633056640625
12332,-1.09,10,4464.748364257813
12333,-1.09,10,5496.4801025390625
12334,-1.09,10,4806.169885253907
12335,-1.09,10,3712.2531494140626
12336,-1.09,10,5480.314184570312
12337,-1.09,10,4595.545483398438
12338,-1.09,10,4132.892602539063
12339,-1.09,10,5096.068774414062
12340,-1.09,10,5130.297607421875
12341,4.95,6,4292.2345784505205
12342,-5.06,7,5145.158307756697
12343,-1.09,10,4383.384716796875
12344,-1.09,10,4821.420947265625
12345,-1.09,10,4623.027099609375
12346,4.98,3,4769.655598958333
12347,-1.09,10,4406.160546875
12348,-5.07,8,4891.472412109375
12349,-1.09,10,5305.516296386719
12350,4.98,3,4114.654541015625
12351,-1.09,10,5001.056530761719
12352,-1.09,10,3377.2111206054688
12353,-1.09,10,5805.099951171875
12354,-1.58,10,3864.4756713867187
12355,-1.09,10,4546.591552734375
12356,-1.09,10,4695.323510742188
12357,-5.07,8,5234.0963134765625
12358,4.98,3,3933.7140299479165
12359,-1.09,10,4487.69072265625
12360,-1.09,10,4789.850317382812
12361,-1.09,10,5717.805615234375
12362,-1.09,10,5198.152416992188
12363,-1.09,10,5012.02529296875
12364,-1.05,6,4457.1268310546875
12365,-1.09,10,3606.4081176757813
12366,-1.09,10,5556.770068359375
12367,-1.09,10,5173.9171142578125
12368,0.94,7,5424.961565290178
12369,-1.09,10,4088.46650390625
12370,0.95,6,5145.2000732421875
12371,-1.09,10,4347.977014160157
12372,-1.09,10,5450.371118164063
12373,-1.09,10,4711.692529296875
12374,-1.09,10,3656.292834472656
12375,-1.09,10,4936.900183105468
12376,-1.09,10,5649.572680664062
12377,-1.09,10,4779.189990234375
12378,-1.09,10,3819.2241333007814
12379,-1.09,10,5074.815777587891
12380,-1.09,10,4606.810864257813
12381,-1.09,10,4828.813745117188
12382,-1.09,10,5023.548364257813
12383,-1.09,10,5292.5521484375
12384,-1.09,10,5490.3948974609375
12385,-1.09,10,4268.435229492187
12386,-1.09,10,4663.30107421875
12387,-1.09,10,4126.672387695313
12388,-1.09,10,3878.155969238281
12389,-1.09,10,4802.149267578125
12390,-1.09,10,4689.745434570313
12391,-1.09,10,5615.692431640625
12392,-1.06,7,5206.179129464285
12393,-1.09,10,4831.10205078125
12394,-1.07,8,5335.678649902344
12395,-1.09,10,5143.170629882812
12396,-1.09,10,5622.896069335938
12397,-1.58,10,4155.284558105469
12398,-1.09,10,6098.1436767578125
12399,-1.58,10,5675.968920898437
12400,0.96,5,5224.037646484375
12401,-1.07,8,4341.09407043457
12402,-1.09,10,4318.409741210938
12403,-1.09,10,4849.061083984375
12404,-1.09,10,4880.324975585938
12405,-1.09,10,3793.0365478515623
12406,-1.09,10,4118.10673828125
12407,4.94,7,4366.979884556362
12408,-1.09,10,5243.927954101562
12409,-1.09,10,4473.2713623046875
12410,-1.09,10,3025.936242675781
12411,-1.09,10,4438.464868164063
12412,0.94,7,4278.284633091518
12413,-1.58,10,3969.732556152344
12414,-1.09,10,3807.3009033203125
12415,-1.09,10,5117.7990234375
12416,-1.09,10,3551.749133300781
12417,-1.09,10,5560.631982421875
12418,-5.03,4,3404.7955932617188
12419,-1.09,10,5619.77060546875
12420,-1.09,10,3980.64267578125
12421,-1.09,10,4138.8529052734375
12422,-1.09,10,5542.547705078125
12423,-1.09,10,4947.914880371094
12424,0.98,3,4135.482747395833
12425,-1.09,10,4008.9414306640624
12426,-5.07,8,5866.816619873047
12427,-1.09,10,3748.607067871094
12428,-1.09,10,5874.989526367188
12429,-1.09,10,3849.196337890625
12430,-1.09,10,3901.449670410156
12431,-1.09,10,3909.0136962890624
12432,-1.09,10,5203.673876953125
12433,-1.09,10,4603.243481445313
12434,-1.09,10,4938.906640625
12435,-1.09,10,4789.740454101562
12436,0.95,6,4196.3178304036455
12437,-1.09,10,4883.982104492187
12438,-1.09,10,3847.3177734375
12439,-1.09,10,5612.3595703125
12440,-1.58,10,5143.835205078125
12441,-1.09,10,4971.43837890625
12442,-1.09,10,4344.3131103515625
12443,-1.09,10,4962.659045410156
12444,-1.09,10,5227.093188476562
12445,0.94,7,5196.647321428572
12446,-1.09,10,5125.547619628906
12447,-1.09,10,5219.910290527344
12448,-1.09,10,5584.357250976563
12449,-1.09,10,5494.52578125
12450,-5.07,8,4650.369110107422
12451,-1.09,10,4432.587963867188
12452,-1.09,10,3819.521032714844
12453,-1.09,10,4043.1381591796876
12454,0.94,7,5035.425571986607
12455,-1.09,10,3401.1282958984375
12456,-1.09,10,4964.693505859375
12457,4.98,3,5722.46728515625
12458,-1.09,10,4478.3732421875
12459,-1.09,10,3852.02724609375
12460,-1.09,10,4702.106427001953
12461,-1.09,10,5067.01224975586
12462,-5.04,5,4870.69150390625
12463,4.95,6,4448.4165445963545
12464,0.97,4,3304.1046142578125
12465,-1.09,10,4530.599914550781
12466,-1.09,10,4801.4880859375
12467,-1.09,10,4593.664111328125
12468,-1.09,10,4379.887731933593
12469,-1.09,10,3588.384588623047
12470,-1.58,10,4471.0489501953125
12471,-1.09,10,4052.428582763672
12472,-1.58,10,5563.967810058593
12473,-1.09,10,3528.73564453125
12474,-1.09,10,4537.397241210938
12475,-1.09,10,4040.7368896484377
12476,-1.09,10,3978.8676330566404
12477,-1.09,10,3822.94052734375
12478,-5.02,3,3196.24609375
12479,-1.09,10,4491.886450195312
12480,-1.05,6,5849.9359130859375
12481,-1.07,8,3424.811798095703
12482,-1.09,10,4647.4775390625
12483,-1.09,10,4225.70380859375
12484,-1.09,10,4531.111901855469
12485,-1.58,10,5016.316259765625
12486,-1.09,10,5672.303564453125
12487,0.98,3,3213.5621744791665
12488,-1.58,10,7096.692529296875
12489,-1.09,10,4621.912731933594
12490,-1.09,10,4188.646948242187
12491,-1.09,10,4582.6746826171875
12492,-1.09,10,4230.164770507812
12493,-1.09,10,4131.242858886719
12494,-5.02,3,2980.111328125
12495,-1.09,10,3454.0356201171876
12496,-1.09,10,4534.0303955078125
12497,-1.09,10,4227.803173828125
12498,-1.09,10,4396.564196777344
12499,-1.09,10,4456.858813476562
12500,-1.09,10,3748.0664184570314
12501,-1.09,10,3630.49697265625
12502,-1.09,10,4870.608605957032
12503,-1.09,10,4237.136370849609
12504,-1.09,10,4750.131372070313
12505,-1.09,10,3993.6610107421875
12506,-1.09,10,3312.2277954101564
12507,-1.09,10,4334.32841796875
12508,-1.58,10,3056.3725830078124
12509,-1.09,10,4379.043365478516
12510,-1.09,10,4218.079614257813
12511,-1.58,10,4715.512048339844
12512,-1.09,10,4890.256896972656
12513,-1.58,10,3825.276953125
12514,-1.06,7,3707.3706403459823
12515,-1.05,6,4506.415120442708
12516,-1.09,10,4273.974108886719
12517,-1.09,10,5102.853588867188
12518,-1.58,10,3561.8259704589846
12519,-1.09,10,3675.1581970214843
12520,-1.09,10,4006.133056640625
12521,-1.09,10,3676.9238464355467
12522,-1.09,10,5236.09833984375
12523,-1.09,10,4649.349267578125
12524,-5.03,4,5182.882629394531
12525,-1.09,10,4942.194970703125
12526,0.94,7,4418.438999720982
12527,-1.09,10,3661.753857421875
12528,-1.09,10,3674.0065795898436
12529,-1.09,10,4403.208178710937
12530,-1.09,10,5185.8630859375
12531,-1.09,10,3847.90419921875
12532,-1.09,10,4700.01337890625
12533,-1.09,10,5650.217553710938
12534,-1.09,10,4667.120678710938
12535,-1.09,10,4905.644995117187
12536,-1.09,10,4726.6310546875
12537,4.96,5,4999.052099609375
12538,-1.58,10,4808.517590332031
12539,-1.09,10,5020.7481689453125
12540,-1.09,10,5305.433642578125
12541,-1.09,10,4664.820275878907
12542,-1.09,10,4619.03583984375
12543,4.96,5,4945.6302734375
12544,-1.09,10,4161.5579833984375
12545,0.96,5,5436.565771484375
12546,-1.09,10,5336.149975585938
12547,-1.09,10,5088.156762695313
12548,-1.09,10,4168.074328613281
12549,-1.58,10,4174.398193359375
12550,-1.09,10,3575.7174560546873
12551,-1.58,10,5858.94775390625
12552,-1.09,10,4973.3245849609375
12553,-1.09,10,4397.551123046875
12554,-1.09,10,4654.624536132813
12555,-1.09,10,3884.3480224609375
12556,4.96,5,3773.165966796875
12557,0.97,4,4590.9833984375
12558,-1.08,9,5277.047824435764
12559,-1.09,10,3394.66201171875
12560,-1.09,10,3722.91982421875
12561,-1.09,10,4571.381475830078
12562,-1.09,10,5058.63857421875
12563,-1.09,10,4658.661267089844
12564,-5.06,7,3858.81689453125
12565,-1.09,10,4604.846081542969
12566,-1.09,10,4429.273461914063
12567,-1.09,10,4150.910046386719
12568,-1.09,10,4652.422094726562
12569,-1.09,10,5485.837939453125
12570,-1.09,10,5361.782690429687
12571,-1.09,10,4196.814404296875
12572,-1.09,10,3884.4383056640627
12573,-1.09,10,4575.346020507813
12574,-1.09,10,5430.28291015625
12575,-1.09,10,5126.780078125
12576,-1.04,5,4190.7759765625
12577,-1.09,10,3892.9836669921874
12578,-1.09,10,5369.505224609375
12579,-1.09,10,5954.496752929687
12580,-1.09,10,3948.4604736328124
12581,-1.09,10,4442.416638183594
12582,-1.09,10,3681.796350097656
12583,-1.09,10,4024.413610839844
12584,-1.09,10,5498.071362304688
12585,-1.09,10,4760.875476074219
12586,-1.09,10,4643.841479492187
12587,-1.09,10,4701.765380859375
12588,-1.09,10,3597.46103515625
12589,-1.09,10,4599.890197753906
12590,-1.09,10,4606.193188476563
12591,-1.58,10,5320.464599609375
12592,4.46,6,4357.516845703125
12593,-1.58,10,3800.31962890625
12594,4.92,9,5315.425998263889
12595,-1.58,10,3695.707470703125
12596,-1.09,10,3842.935339355469
12597,-1.09,10,3601.6448181152346
12598,-1.09,10,4597.445129394531
12599,-5.03,4,4867.1474609375
12600,-1.09,10,3860.3513061523436
12601,-1.09,10,3791.6200256347656
12602,-1.09,10,4625.052978515625
12603,-1.09,10,5701.39697265625
12604,-1.51,3,4950.081136067708
12605,-1.09,10,4720.548828125
12606,-1.09,10,4663.995837402344
12607,-1.09,10,4252.229577636719
12608,-1.09,10,5614.319140625
12609,0.94,7,5868.827218191965
12610,-1.09,10,4751.08291015625
12611,-1.09,10,4348.6256103515625
12612,-1.09,10,4523.147436523437
12613,-1.09,10,4730.83031616211
12614,0.95,6,5278.199300130208
12615,-1.09,10,5367.2728515625
12616,-1.09,10,5345.1744140625
12617,-1.09,10,5248.0408935546875
12618,-1.09,10,4600.782446289062
12619,4.96,5,4733.895751953125
12620,-1.09,10,3771.354351806641
12621,-1.09,10,4193.938208007812
12622,-1.03,4,5821.755126953125
12623,-1.09,10,6125.521337890625
12624,-1.09,10,5437.456127929688
12625,-1.09,10,5207.75947265625
12626,-1.08,9,4255.162258572049
12627,-1.09,10,4436.421057128906
12628,-1.09,10,5279.583349609375
12629,-1.09,10,4343.654028320312
12630,-1.09,10,5338.78046875
12631,-1.09,10,4505.189910888672
12632,-1.09,10,4774.033056640625
12633,-1.08,9,4719.050130208333
12634,-1.09,10,4865.158825683594
12635,0.98,3,5046.613688151042
12636,-1.09,10,5151.213159179688
12637,-1.09,10,6003.7740234375
12638,-1.09,10,4819.2783203125
12639,-1.09,10,5361.094274902343
12640,-1.08,9,4733.278564453125
12641,-1.09,10,4315.205578613281
12642,-1.09,10,5454.767175292969
12643,-1.09,10,5714.173046875
12644,-1.09,10,5925.230932617187
12645,-1.09,10,5347.796801757812
12646,-1.09,10,4300.47490234375
12647,-1.02,3,4995.053955078125
12648,0.97,4,4730.679504394531
12649,-1.09,10,4908.789733886719
12650,-1.58,10,5196.469897460937
12651,4.97,4,4229.969940185547
12652,-1.09,10,4681.6041015625
12653,-1.09,10,5194.257788085937
12654,-1.09,10,5104.799853515625
12655,-1.09,10,5348.838916015625
12656,0.95,6,3879.1590779622397
12657,-1.58,10,4837.925463867187
12658,-1.09,10,3890.2689514160156
12659,-1.58,10,5130.026782226562
12660,-1.09,10,4322.42119140625
12661,-1.04,5,4404.9871826171875
12662,-1.04,5,4479.04833984375
12663,4.94,7,5105.142368861607
12664,-5.05,6,4852.1508382161455
12665,-1.09,10,3656.873486328125
12666,4.92,9,3601.257113986545
12667,-5.06,7,4392.78937639509
12668,4.48,4,4261.428771972656
12669,-1.09,10,5971.545642089844
12670,-1.09,10,3627.5078979492187
12671,-1.09,10,5900.188745117188
12672,-1.09,10,3952.0240478515625
12673,-1.09,10,4642.576147460937
12674,-1.58,10,4459.341369628906
12675,-1.09,10,3766.836181640625
12676,-0.030000000000000027,6,3947.4380493164062
12677,-1.09,10,4486.091149902344
12678,-1.09,10,3924.16943359375
12679,-1.09,10,5028.7144775390625
12680,-1.09,10,4428.964807128907
12681,-1.09,10,4725.6666015625
12682,-1.09,10,5070.998217773437
12683,0.94,7,5072.077915736607
12684,-1.58,10,4553.177197265625
12685,-1.09,10,4018.5183349609374
12686,-1.09,10,5104.1746826171875
12687,-1.09,10,4467.111401367188
12688,-1.09,10,4200.00263671875
12689,0.94,7,3676.7564435686386
12690,-1.09,10,4190.267706298828
12691,-1.09,10,4649.235815429687
12692,-1.58,10,4899.6722412109375
12693,-1.09,10,5150.543688964844
12694,-1.09,10,5581.179296875
12695,-1.09,10,4954.424584960938
12696,4.98,3,5017.781331380208
12697,-1.09,10,4556.64462890625
12698,-1.09,10,3730.6784545898436
12699,-1.09,10,4210.798425292969
12700,-1.09,10,4944.810485839844
12701,-1.09,10,4720.247778320312
12702,-1.09,10,4362.393969726562
12703,-1.09,10,5434.9561767578125
12704,-1.09,10,4372.346240234375
12705,-1.09,10,5039.469677734375
12706,-1.09,10,3936.3567626953127
12707,-1.09,10,4744.263842773437
12708,-1.06,7,5032.75732421875
12709,-1.09,10,4482.71416015625
12710,-1.09,10,4975.494165039063
12711,-1.09,10,4912.02041015625
12712,-1.58,10,4277.704064941407
12713,-1.09,10,4360.425769042969
12714,-1.09,10,3935.985003662109
12715,-1.09,10,4805.99541015625
12716,-1.09,10,4012.1589111328126
12717,-1.09,10,6026.086010742188
12718,-1.09,10,5202.390893554688
12719,-1.09,10,4634.57998046875
12720,-1.09,10,5478.895092773438
12721,-1.09,10,4135.065698242188
12722,-1.09,10,4397.4451171875
12723,-1.09,10,4650.302880859375
12724,-1.09,10,4987.101733398437
12725,-1.09,10,4349.503955078125
12726,-1.09,10,4369.109826660157
12727,-1.09,10,5088.494580078125
12728,-5.04,5,3688.75791015625
12729,-1.09,10,6056.98046875
12730,-1.09,10,5743.361474609375
12731,-1.09,10,5964.378369140625
12732,-1.08,9,4494.720486111111
12733,-1.09,10,4971.139794921875
12734,-1.09,10,6244.842138671875
12735,-1.09,10,5046.422143554688
12736,-1.09,10,5382.346740722656
12737,-6.0,3,3278.83837890625
12738,-1.58,10,4613.1279296875
12739,-1.58,10,5364.289599609375
12740,-1.09,10,4990.631103515625
12741,-1.09,10,4120.618481445313
12742,-1.09,10,4184.258251953125
12743,-1.09,10,4830.358166503906
12744,-1.09,10,5060.673046875
12745,-1.09,10,5056.891870117188
12746,-1.09,10,5037.631567382812
12747,-1.09,10,5354.664501953125
12748,-1.58,10,4888.309594726563
12749,-1.09,10,5250.668017578125
12750,0.92,9,5045.553514268663
12751,-1.09,10,4239.493212890625
12752,-1.05,6,5662.613444010417
12753,-1.09,10,5155.260180664062
12754,-1.09,10,5025.695532226562
12755,-1.09,10,5328.48125
12756,-1.09,10,4608.977026367187
12757,-1.09,10,5671.297534179687
12758,-1.09,10,5823.889916992188
12759,-1.09,10,4260.806311035156
12760,-1.09,10,3798.0669189453124
12761,0.9299999999999999,8,4749.034591674805
12762,-1.09,10,4296.45126953125
12763,-1.09,10,5976.165112304688
12764,-1.09,10,4494.827368164062
12765,-1.09,10,5371.035668945313
12766,-1.05,6,5617.458170572917
12767,0.96,5,3759.2283935546875
12768,-1.09,10,4453.997424316406
12769,-1.09,10,4529.77333984375
12770,0.92,9,4941.245632595486
12771,-1.09,10,6113.222802734375
12772,-1.09,10,6481.622412109375
12773,-1.09,10,5544.907922363282
12774,-1.09,10,5290.925610351563
12775,-1.09,10,5083.668286132813
12776,-1.09,10,4004.9534301757812
12777,-1.09,10,5687.411157226563
12778,-1.02,3,6235.653645833333
12779,-1.09,10,5075.78876953125
12780,-1.05,6,4106.4578043619795
12781,-1.09,10,4777.668408203125
12782,-1.09,10,4366.073950195312
12783,-1.09,10,4958.554431152344
12784,-1.09,10,4058.5021484375
12785,-1.09,10,4609.826489257813
12786,-1.09,10,3462.6796142578123
12787,-1.09,10,6772.32548828125
12788,-1.09,10,4633.84052734375
12789,0.95,6,3773.4229125976562
12790,-1.05,6,4231.672119140625
12791,-1.06,7,4964.607770647322
12792,-1.09,10,4484.958837890625
12793,-1.09,10,4523.419360351562
12794,-1.09,10,4741.311987304687
12795,-1.09,10,4696.459155273437
12796,-1.09,10,4852.641674804688
12797,-1.03,4,4434.233337402344
12798,-1.09,10,3794.5739013671873
12799,-1.09,10,5058.191479492188
12800,-1.02,3,2508.0791829427085
12801,-1.09,10,5232.258618164063
12802,-1.09,10,4506.142993164062
12803,-1.09,10,5499.074633789062
12804,4.93,8,4738.642791748047
12805,-1.09,10,5296.756494140625
12806,-1.09,10,3616.9374755859376
12807,-1.58,10,5339.639892578125
12808,-1.09,10,5046.6561279296875
12809,-1.09,10,4807.036889648438
12810,-1.09,10,5085.540185546875
12811,-1.09,10,4785.710986328125
12812,-1.09,10,4053.229833984375
12813,-1.09,10,3978.445751953125
12814,-1.09,10,4462.985595703125
12815,-1.09,10,5175.461474609375
12816,-1.09,10,4922.210375976562
12817,-1.09,10,4169.40009765625
12818,-1.09,10,5432.286547851562
12819,0.96,5,4459.382373046875
12820,-1.09,10,4849.093505859375
12821,-5.06,7,5040.237827845982
12822,-1.09,10,5508.5626953125
12823,0.92,9,3909.4837782118057
12824,-1.04,5,4127.9818359375
12825,-1.08,9,5326.521484375
12826,-1.09,10,3690.866357421875
12827,-1.58,10,4185.148413085937
12828,-1.09,10,4694.729223632812
12829,-1.09,10,5008.241064453125
12830,0.98,3,6056.988362630208
12831,0.92,9,4262.919053819444
12832,-1.09,10,4529.99541015625
12833,0.0,3,3558.6038411458335
12834,-1.09,10,4786.738061523438
12835,-1.09,10,4850.440844726562
12836,-1.09,10,5576.237768554687
12837,-1.09,10,4956.8521484375
12838,-1.09,10,4246.852722167969
12839,-1.09,10,5408.271142578125
12840,-1.06,7,5316.347516741072
12841,-1.09,10,5313.28193359375
12842,-1.09,10,5262.2845458984375
12843,-1.09,10,5194.885260009765
12844,-1.58,10,5546.977563476563
12845,-1.09,10,4376.715478515625
12846,-1.09,10,5194.704418945313
12847,-5.03,4,7376.1885986328125
12848,-1.09,10,4111.591760253907
12849,-1.09,10,5820.15244140625
12850,-1.09,10,5017.270660400391
12851,4.94,7,4751.1566162109375
12852,-1.09,10,4742.407763671875
12853,-1.09,10,5365.3763427734375
12854,-1.58,10,5360.208117675781
12855,-1.06,7,4480.374372209822
12856,-1.03,4,6612.454345703125
12857,-1.58,10,3688.7275390625
12858,-5.04,5,4987.5357421875
12859,-1.09,10,4475.44794921875
12860,-1.09,10,5221.896069335938
12861,-1.09,10,5315.577734375
12862,-1.09,10,4712.4177734375
12863,-1.09,10,4962.199926757812
12864,-1.09,10,5546.146240234375
12865,-1.09,10,5721.9732421875
12866,-1.09,10,5328.979345703125
12867,-1.09,10,5728.35224609375
12868,-1.09,10,5917.27646484375
12869,-1.09,10,4385.537646484375
12870,-1.09,10,5652.041064453125
12871,-1.09,10,6440.740380859375
12872,-1.09,10,5872.432080078125
12873,-1.09,10,4142.210778808594
12874,-1.09,10,5863.2891845703125
12875,-1.09,10,4150.4163818359375
12876,-1.09,10,5021.026171875
12877,-5.05,6,5536.138997395833
12878,-1.09,10,4685.622619628906
12879,-1.09,10,4282.830297851562
12880,-1.09,10,5165.9417724609375
12881,-1.09,10,5186.5179443359375
12882,-1.09,10,5979.397778320313
12883,0.92,9,5051.732828776042
12884,-1.09,10,5016.00625
12885,-1.09,10,4932.872387695313
12886,-1.09,10,3616.7441284179686
12887,-1.09,10,5589.254248046875
12888,-1.09,10,5455.095288085938
12889,-1.09,10,4695.095837402344
12890,-1.09,10,4861.112158203125
12891,-1.07,8,4405.210845947266
12892,-1.09,10,5655.61513671875
12893,-1.09,10,5109.388403320312
12894,-1.09,10,4621.648754882813
12895,-1.09,10,4783.6341552734375
12896,-1.09,10,5521.341943359375
12897,-1.09,10,5764.328942871094
12898,-1.09,10,4158.230456542969
12899,-1.09,10,4928.360083007812
12900,-1.09,10,4512.514111328125
12901,-1.04,5,4056.3645751953127
12902,-1.09,10,4561.02138671875
12903,0.97,4,4744.3577880859375
12904,-1.09,10,5059.393139648438
12905,0.49,3,4750.001953125
12906,-1.09,10,4949.87255859375
12907,-1.09,10,5685.252197265625
12908,-1.58,10,5264.86103515625
12909,-1.09,10,5363.63896484375
12910,-5.05,6,6971.647379557292
12911,-1.09,10,5188.060888671875
12912,-1.09,10,6344.96474609375
12913,-1.09,10,6114.962023925781
12914,-1.09,10,6913.822045898438
12915,-1.06,7,5932.61474609375
12916,-1.09,10,6032.194555664062
12917,-1.09,10,6753.06171875
12918,-1.09,10,5782.733715820313
12919,-1.09,10,5097.861181640625
12920,-1.09,10,4703.894140625
12921,-1.09,10,5306.6541748046875
12922,-1.09,10,4385.427734375
12923,-1.09,10,4739.849719238281
12924,-1.09,10,6105.132421875
12925,-1.09,10,5559.34365234375
12926,0.97,4,5242.481994628906
12927,0.0,3,6029.060465494792
12928,-1.09,10,5368.087548828125
12929,0.97,4,4995.644104003906
12930,-1.09,10,5089.999108886719
12931,-1.09,10,5817.3067626953125
12932,-1.09,10,7401.20771484375
12933,-1.09,10,5253.103857421875
12934,-1.07,8,5610.772216796875
12935,-1.09,10,5454.04521484375
12936,-1.09,10,5030.734643554688
12937,0.92,9,7059.983344184027
12938,-1.58,10,5421.7236328125
12939,0.94,7,6554.150041852678
12940,-1.09,10,4882.128515625
12941,-1.09,10,7161.241748046875
12942,-1.09,10,5668.451318359375
12943,0.95,6,4193.934458414714
12944,-1.09,10,4214.304272460938
12945,-1.09,10,4779.3934326171875
12946,-1.09,10,6964.80517578125
12947,-1.09,10,5767.327221679688
12948,-1.58,10,5161.8419189453125
12949,-5.03,4,6334.467041015625
12950,0.95,6,5580.5282796223955
12951,-1.09,10,4881.274877929687
12952,-1.09,10,5724.101611328125
12953,-1.09,10,6421.28759765625
12954,-5.08,9,6842.941053602431
12955,-1.09,10,4689.791235351562
12956,-1.58,10,7208.759375
12957,-1.58,10,5192.704248046875
12958,-1.09,10,6287.715649414063
12959,0.45999999999999996,6,5887.810791015625
12960,-5.06,7,8879.943394252232
12961,-1.09,10,5206.960888671875
12962,-1.09,10,4802.535864257812
12963,-1.09,10,5761.914794921875
12964,-1.09,10,6992.896313476563
12965,-1.09,10,6756.342333984375
12966,-1.58,10,6338.4345703125
12967,-5.03,4,6239.2218017578125
12968,-1.58,10,7538.590063476562
12969,0.95,6,4635.4069417317705
12970,-1.09,10,5642.202172851563
12971,-1.09,10,4349.606665039062
12972,-1.09,10,6586.783520507813
12973,-1.09,10,6571.026953125
12974,-1.09,10,7175.452612304687
12975,-1.09,10,6428.826806640625
12976,-1.09,10,7125.844067382813
12977,-1.09,10,6328.500219726562
12978,-1.04,5,5890.587158203125
12979,-1.09,10,4279.94521484375
12980,-1.09,10,5391.030322265625
12981,-1.09,10,5827.1677734375
12982,-1.09,10,7833.520434570312
12983,-1.09,10,5774.497741699219
12984,-1.09,10,6931.647924804687
12985,-1.03,4,5883.9130859375
12986,-1.09,10,5361.814721679688
12987,-1.58,10,4996.988427734375
12988,-1.09,10,6392.590649414063
12989,-1.09,10,5127.857836914062
12990,-1.09,10,6098.2041015625
12991,-1.09,10,7331.917211914062
12992,-1.09,10,5895.723803710937
12993,-1.09,10,7314.881005859375
12994,-1.09,10,5771.848364257812
12995,0.95,6,7753.330403645833
12996,-1.09,10,5827.307958984375
12997,-1.09,10,5383.286328125
12998,-1.09,10,5786.42158203125
12999,-5.03,4,5714.889099121094
13000,4.98,3,10792.810872395834
13001,-1.09,10,5386.355004882813
13002,-1.09,10,7361.43740234375
13003,-1.09,10,5124.069116210938
13004,-1.09,10,6617.862890625
13005,-1.09,10,6309.8673095703125
13006,-1.09,10,4321.4994140625
13007,-1.09,10,4729.676586914063
13008,-1.09,10,7438.8498046875
13009,-1.09,10,7359.99462890625
13010,0.9299999999999999,8,6534.443817138672
13011,-1.09,10,7426.267810058594
13012,0.95,6,7832.3278401692705
13013,-5.05,6,4668.248148600261
13014,-1.09,10,4722.463037109375
13015,-1.09,10,5900.089526367187
13016,-5.07,8,8139.2720947265625
13017,-1.09,10,8920.242114257813
13018,-1.09,10,5797.744458007813
13019,-1.04,5,6640.22978515625
13020,-1.09,10,7511.06884765625
13021,-1.08,9,5922.303236219618
13022,-1.09,10,7314.787829589844
13023,0.94,7,10269.18150111607
13024,0.97,4,5284.571533203125
13025,-1.02,3,6769.655436197917
13026,-1.58,10,6628.04375
13027,-1.09,10,5985.602465820312
13028,-1.09,10,7246.4168701171875
13029,-1.06,7,4388.698713030134
13030,-1.09,10,9803.488330078126
13031,-1.09,10,7846.591845703125
13032,-1.09,10,6842.474145507813
13033,4.95,6,6718.559326171875
13034,-1.09,10,6721.147729492188
13035,0.98,3,5053.644856770833
13036,-1.09,10,6039.517272949219
13037,-1.09,10,6357.9525390625
13038,-1.09,10,8460.818994140625
13039,-1.07,8,7499.2117919921875
13040,-1.09,10,9368.946142578125
13041,-1.09,10,4765.783959960938
13042,-1.09,10,7098.716088867188
13043,-1.09,10,5861.448681640625
13044,-1.09,10,7565.55126953125
13045,-1.09,10,6745.428076171875
13046,-1.09,10,6209.137622070312
13047,-1.09,10,6307.8101806640625
13048,-1.09,10,6580.6873779296875
13049,-1.09,10,8102.784814453125
13050,-1.05,6,8668.640055338541
13051,-1.09,10,7640.733935546875
13052,-1.09,10,6072.240698242187
13053,-1.09,10,6812.33173828125
13054,-1.58,10,6963.3458251953125
13055,-1.09,10,5618.307275390625
13056,-1.09,10,5489.374499511719
13057,-1.09,10,6875.23583984375
13058,-1.58,10,7396.6982421875
13059,-1.09,10,8052.253173828125
13060,-1.09,10,5756.018237304687
13061,-2.0,3,6159.735026041667
13062,-1.09,10,6429.26064453125
13063,-1.09,10,5443.312768554688
13064,4.98,3,14814.990234375
13065,-1.09,10,6729.030322265625
13066,-1.09,10,6372.03115234375
13067,-1.09,10,7123.20595703125
13068,-1.09,10,7032.014135742187
13069,-1.09,10,6431.475073242187
13070,-1.09,10,6203.9271484375
13071,-1.09,10,4851.820239257812
13072,-1.09,10,3797.7342529296875
13073,-1.09,10,7159.141015625
13074,-1.09,10,9357.9529296875
13075,-1.58,10,6087.54052734375
13076,-1.09,10,6668.789208984375
13077,-1.09,10,5554.9742431640625
13078,-1.04,5,5462.099169921875
13079,-1.09,10,5732.84794921875
13080,-1.09,10,5716.997021484375
13081,-1.09,10,5212.617895507812
13082,-1.09,10,7542.338720703125
13083,-1.09,10,6445.2173828125
13084,-1.09,10,6292.696826171875
13085,0.49,3,12928.230305989584
13086,-1.09,10,6789.4935546875
13087,0.94,7,7403.908447265625
13088,-1.09,10,5546.293896484375
13089,-1.09,10,6307.818334960937
13090,-1.09,10,4891.722998046875
13091,-1.09,10,6265.40576171875
13092,-1.09,10,6446.346105957031
13093,4.95,6,8032.027099609375
13094,-1.09,10,8474.2087890625
13095,-1.09,10,5358.698193359375
13096,-1.09,10,5949.725024414062
13097,-1.03,4,6841.741943359375
13098,-1.09,10,5674.2302734375
13099,-1.09,10,8125.602294921875
13100,-1.09,10,7207.271923828125
13101,-1.09,10,4756.063525390625
13102,-1.09,10,4804.757177734375
13103,-1.09,10,7560.019848632813
13104,-1.09,10,7804.6439453125
13105,-1.09,10,7268.694091796875
13106,-1.58,10,4781.6832275390625
13107,-1.09,10,5867.371142578125
13108,-1.53,5,7970.2626953125
13109,-1.09,10,5949.027758789062
13110,-1.58,10,7143.138916015625
13111,-1.52,4,5543.02392578125
13112,-1.09,10,6231.549731445312
13113,-1.58,10,9650.81748046875
13114,-1.09,10,6665.54443359375
13115,-1.09,10,12208.14736328125
13116,-1.09,10,7552.01953125
13117,-1.09,10,7094.476977539062
13118,-1.09,10,7670.47880859375
13119,-1.09,10,7049.1841796875
13120,-1.09,10,5788.539379882813
13121,0.49,3,6310.334065755208
13122,-1.09,10,7508.641650390625
13123,-1.09,10,6430.129931640625
13124,-1.09,10,9375.5263671875
13125,-1.09,10,7036.655590820313
13126,-1.09,10,7955.36826171875
13127,-1.09,10,6675.604638671875
13128,-1.09,10,8254.57041015625
13129,-1.58,10,6547.942309570312
13130,-1.09,10,7447.05712890625
13131,-1.09,10,7267.678002929688
13132,-1.09,10,5467.469409179687
13133,-1.09,10,6964.7072265625
13134,-1.09,10,9176.310107421876
13135,-1.58,10,7245.511181640625
13136,-1.09,10,7802.09072265625
13137,-1.09,10,6181.1111328125
13138,-1.09,10,6440.604248046875
13139,-1.09,10,7348.52919921875
13140,-1.09,10,6985.004418945313
13141,-1.09,10,7277.49404296875
13142,-1.09,10,8040.536328125
13143,-1.09,10,7284.217016601562
13144,-1.09,10,5815.44130859375
13145,-1.06,7,7047.546909877232
13146,-1.09,10,5972.891162109375
13147,-1.09,10,6730.326904296875
13148,-1.58,10,7813.51962890625
13149,-1.07,8,7102.224060058594
13150,-1.09,10,7572.65517578125
13151,-1.09,10,5642.404077148438
13152,-1.09,10,9478.057763671875
13153,-1.09,10,7017.589501953125
13154,0.94,7,7641.077985491072
13155,4.96,5,11050.2271484375
13156,-1.09,10,7215.531787109375
13157,-1.09,10,7070.61201171875
13158,-1.09,10,6809.1888427734375
13159,-1.58,10,7902.157275390625
13160,-1.09,10,6149.71435546875
13161,-5.07,8,5809.101776123047
13162,-1.58,10,8586.44208984375
13163,-1.09,10,7982.0138671875
13164,-1.09,10,9915.759375
13165,-1.09,10,7249.164501953125
13166,-1.02,3,6964.39208984375
13167,0.9299999999999999,8,9779.077270507812
13168,-1.09,10,8582.316796875
13169,-5.08,9,6425.356553819444
13170,-1.09,10,8008.18232421875
13171,-1.09,10,7274.0208984375
13172,-1.09,10,7911.25576171875
13173,-1.09,10,7069.176196289062
13174,-1.09,10,6918.698754882813
13175,-1.09,10,8687.7376953125
13176,-1.09,10,6230.562817382813
13177,-1.09,10,8248.95888671875
13178,-1.09,10,6931.833447265625
13179,-1.09,10,7852.121630859375
13180,-1.09,10,7790.5714111328125
13181,-5.03,4,6967.90283203125
13182,4.49,3,4284.438151041667
13183,-1.09,10,9460.568725585938
13184,4.95,6,6939.918538411458
13185,-5.51,3,8298.384114583334
13186,-1.09,10,7929.691162109375
13187,4.0,3,11160.61865234375
13188,-1.09,10,7989.971948242188
13189,0.98,3,5088.38134765625
13190,4.93,8,6173.7017822265625
13191,-1.09,10,6005.50634765625
13192,-1.09,10,9758.6767578125
13193,-1.09,10,7760.616430664062
13194,-1.09,10,7209.51826171875
13195,-1.51,3,10469.50390625
13196,-1.09,10,8631.75185546875
13197,0.49,3,9648.763997395834
13198,-1.09,10,8200.129541015625
13199,-1.09,10,6007.116357421875
13200,-2.0,3,9335.04052734375
13201,-1.09,10,7215.628662109375
13202,-1.09,10,9623.1708984375
13203,-1.09,10,7804.305639648437
13204,0.49,3,7980.646484375
13205,-1.09,10,7360.293359375
13206,-1.51,3,9619.554361979166
13207,-1.05,6,8094.54931640625
13208,-1.09,10,7929.78740234375
13209,-1.09,10,7863.593017578125
13210,-1.09,10,7464.27021484375
13211,4.0,3,5636.950846354167
13212,-1.09,10,10237.270263671875
13213,-1.09,10,8893.0765625
13214,-1.09,10,10080.499072265626
13215,-1.09,10,8681.9265625
13216,-1.09,10,8346.97841796875
13217,-1.09,10,9358.026220703125
13218,-1.09,10,7540.52177734375
13219,-1.09,10,8699.468627929688
13220,-5.08,9,6508.287163628473
13221,-1.09,10,7476.510986328125
13222,-1.04,5,8219.1283203125
13223,-1.09,10,7625.901708984375
13224,-1.09,10,10293.832666015625
13225,-1.09,10,7369.88095703125
13226,-1.09,10,6907.46923828125
13227,-1.09,10,6779.10224609375
13228,-1.07,8,7981.386962890625
13229,-1.51,3,8539.691569010416
13230,-1.09,10,7088.382299804687
13231,-1.09,10,6386.592578125
13232,-1.09,10,7959.0888671875
13233,-1.09,10,9349.590283203124
13234,-1.09,10,7474.160302734375
13235,-1.09,10,8753.494287109375
13236,-1.09,10,6238.7818359375
13237,-1.58,10,7574.7009765625
13238,0.9299999999999999,8,7837.2646484375
13239,-1.04,5,5713.33955078125
13240,-1.09,10,10700.131982421875
13241,-1.09,10,7067.10859375
13242,-1.09,10,7553.460424804687
13243,4.96,5,9745.609375
13244,-1.09,10,10597.133081054688
13245,0.49,3,8195.96533203125
13246,-1.09,10,10134.5599609375
13247,-5.02,3,10731.800618489584
13248,-5.02,3,8426.896809895834
13249,-1.09,10,8565.514892578125
13250,-1.09,10,7941.554296875
13251,-1.09,10,7908.9373779296875
13252,-1.09,10,7170.049658203125
13253,-1.09,10,5607.198046875
13254,-1.02,3,6513.714518229167
13255,-1.09,10,7444.246850585938
13256,-1.09,10,9453.170483398437
13257,-1.09,10,8083.977758789062
13258,0.0,3,10156.372721354166
13259,-5.08,9,6829.131564670139
13260,-1.09,10,8164.36611328125
13261,-1.09,10,6514.7059326171875
13262,-1.09,10,9262.57021484375
13263,-1.09,10,10606.11591796875
13264,-1.09,10,7563.4786376953125
13265,-1.09,10,8188.586401367187
13266,-5.04,5,6326.43134765625
13267,-1.03,4,18076.259033203125
13268,-1.09,10,6976.141162109375
13269,-1.09,10,7735.528369140625
13270,-1.09,10,9186.070385742187
13271,-1.09,10,9420.614013671875
13272,-1.09,10,6863.407629394531
13273,-1.09,10,6357.890283203125
13274,-1.09,10,10229.20966796875
13275,-1.09,10,7058.491040039063
13276,-1.09,10,8236.13828125
13277,-1.09,10,7506.87890625
13278,-1.58,10,9254.9154296875
13279,-1.09,10,8294.16943359375
13280,0.97,4,7373.0194091796875
13281,-1.09,10,8048.7335205078125
13282,-1.09,10,4889.007861328125
13283,-1.09,10,8638.49033203125
13284,-1.09,10,9814.4359375
13285,-1.09,10,7777.341748046875
13286,-1.09,10,8325.715673828125
13287,-1.09,10,7662.60009765625
13288,-1.09,10,9176.97392578125
13289,-1.09,10,7349.720458984375
13290,-1.09,10,6660.03984375
13291,-1.09,10,10114.252783203125
13292,-1.09,10,7984.931799316406
13293,-1.09,10,8642.038525390624
13294,-1.09,10,8579.46572265625
13295,-1.09,10,8050.391796875
13296,-1.09,10,6795.681982421875
13297,-1.09,10,9434.438330078125
13298,-1.06,7,7870.136300223215
13299,-1.09,10,8820.1912109375
13300,-1.58,10,7690.624365234375
13301,-1.09,10,8331.286572265624
13302,-1.09,10,8762.431494140625
13303,-1.09,10,9494.135791015626
13304,-1.09,10,5799.86201171875
13305,-1.09,10,7145.369873046875
13306,-1.09,10,8540.773022460937
13307,-1.09,10,7735.940576171875
13308,-1.09,10,8303.77783203125
13309,-1.09,10,8435.905615234375
13310,-1.09,10,7744.41650390625
13311,4.92,9,7836.134602864583
13312,-1.09,10,7158.394482421875
13313,-1.09,10,10291.626708984375
13314,-1.09,10,10680.92421875
13315,-1.07,8,7380.277648925781
13316,-1.09,10,7500.655004882812
13317,-1.09,10,7532.35185546875
13318,-1.09,10,8820.271948242187
13319,-1.09,10,8758.188330078125
13320,-5.02,3,11310.525065104166
13321,-1.09,10,9423.29619140625
13322,-1.09,10,8720.919384765624
13323,-1.09,10,5617.3958984375
13324,-1.09,10,8900.29765625
13325,-1.09,10,6681.0135498046875
13326,-1.09,10,8318.656396484375
13327,-1.09,10,7409.3966796875
13328,-1.02,3,6490.668619791667
13329,-1.09,10,8854.127416992187
13330,-1.09,10,9200.314501953126
13331,-1.09,10,7578.166064453125
13332,-1.09,10,8745.176635742188
13333,-1.09,10,7365.172290039062
13334,-5.08,9,9786.919270833334
13335,-1.09,10,10184.0138671875
13336,-1.09,10,8763.5638671875
13337,-1.09,10,10078.593383789062
13338,-1.09,10,7648.09404296875
13339,0.98,3,11524.453938802084
13340,-1.58,10,7600.874462890625
13341,-1.56,8,7278.543395996094
13342,-1.03,4,6075.260986328125
13343,-1.58,10,9159.84658203125
13344,-1.09,10,13268.164208984375
13345,-5.04,5,10186.75048828125
13346,-1.09,10,8340.3431640625
13347,-5.04,5,18532.7515625
13348,4.94,7,13116.97377232143
13349,-1.09,10,6969.330078125
13350,-1.09,10,8133.73828125
13351,4.95,6,8577.940755208334
13352,-1.09,10,6760.735424804688
13353,0.0,3,7227.796549479167
13354,-1.09,10,11925.303076171875
13355,-1.09,10,10922.606884765624
13356,-1.09,10,7076.826904296875
13357,-1.09,10,7909.130346679687
13358,0.96,5,6139.16865234375
13359,-5.03,4,8174.75732421875
13360,-1.09,10,13106.875732421875
13361,-1.09,10,7361.892114257813
13362,-1.09,10,8102.69462890625
13363,-1.09,10,8304.445361328126
13364,-1.09,10,15244.410278320312
13365,-1.09,10,13194.6923828125
13366,-1.09,10,8075.778173828125
13367,-1.09,10,11404.73701171875
13368,-1.05,6,9407.435709635416
13369,-1.09,10,8941.6888671875
13370,-1.09,10,9845.64912109375
13371,-1.09,10,11107.755712890625
13372,-1.05,6,9988.106852213541
13373,-1.09,10,13058.586083984375
13374,-1.09,10,8009.40078125
13375,0.0,3,10350.377604166666
13376,-1.02,3,8866.170735677084
13377,-1.58,10,7167.801611328125
13378,-1.09,10,10347.348046875
13379,-1.09,10,11383.696875
13380,-1.09,10,8200.842333984376
13381,-1.09,10,8585.85625
13382,-1.09,10,12495.51005859375
13383,0.94,7,13326.677664620536
13384,-1.09,10,9986.76689453125
13385,-1.09,10,7385.15546875
13386,-1.09,10,8639.222680664063
13387,-1.09,10,8101.67529296875
13388,-1.09,10,9001.782958984375
13389,-1.09,10,9276.535498046875
13390,-1.09,10,8771.4578125
13391,-1.53,5,8736.29814453125
13392,-1.09,10,9166.0974609375
13393,-1.58,10,6858.0470703125
13394,-1.09,10,5908.813916015625
13395,-1.09,10,6825.22861328125
13396,4.47,5,5680.60595703125
13397,-1.09,10,10585.281787109376
13398,-1.09,10,7388.215356445313
13399,-1.58,10,8854.511865234375
13400,-1.53,5,9779.436328125
13401,-1.09,10,9267.557373046875
13402,-1.09,10,7885.651391601563
13403,-1.09,10,10977.735693359375
13404,-1.09,10,7272.164599609375
13405,-1.09,10,8461.37626953125
13406,-1.04,5,5631.373779296875
13407,-1.09,10,7207.899682617188
13408,-1.09,10,8952.279931640625
13409,0.98,3,5837.951171875
13410,-1.58,10,6500.064501953125
13411,0.43999999999999995,8,9200.345001220703
13412,0.9299999999999999,8,8277.099304199219
13413,-1.09,10,13874.841430664062
13414,-1.09,10,8532.452197265626
13415,-1.09,10,11072.896508789063
13416,-1.09,10,7787.686669921875
13417,-1.09,10,6293.78037109375
13418,-1.09,10,8581.951684570313
13419,-5.06,7,7678.243861607143
13420,4.98,3,10837.901692708334
13421,-1.09,10,10668.64619140625
13422,-1.09,10,8102.839428710938
13423,-1.04,5,8408.5556640625
13424,-1.09,10,7525.134375
13425,-1.09,10,7500.0552978515625
13426,0.98,3,10976.974609375
13427,-1.09,10,7590.463696289063
13428,0.49,3,14685.6875
13429,0.49,3,18076.0556640625
13430,-1.09,10,7101.33544921875
13431,-1.09,10,6750.10126953125
13432,-1.09,10,8784.851904296875
13433,-1.09,10,8138.282958984375
13434,-1.09,10,6327.500793457031
13435,-1.09,10,10166.279931640625
13436,-1.09,10,6491.616235351563
13437,-1.09,10,9891.147900390624
13438,-1.09,10,7903.584716796875
13439,-1.08,9,6652.873155381944
13440,0.96,5,7090.15146484375
13441,-1.09,10,9222.592529296875
13442,0.95,6,8820.542887369791
13443,-1.09,10,13373.238525390625
13444,-1.54,6,9716.0146484375
13445,0.98,3,14815.896809895834
13446,-1.09,10,9080.207763671875
13447,-1.09,10,10962.5595703125
13448,-1.09,10,8335.579443359375
13449,-1.09,10,13352.3076171875
13450,-1.09,10,7480.648291015625
13451,-1.09,10,6879.116357421875
13452,-1.09,10,11673.2021484375
13453,-1.09,10,8005.414697265625
13454,-1.58,10,11236.413500976563
13455,4.97,4,7822.9158935546875
13456,-1.09,10,6696.102270507812
13457,-1.58,10,9316.352783203125
13458,0.47,5,16137.34658203125
13459,-1.09,10,12543.249047851563
13460,-1.09,10,13447.750439453124
13461,-1.09,10,10198.985546875
13462,-1.09,10,8455.794482421876
13463,-1.09,10,8619.899609375
13464,0.95,6,10031.7919921875
13465,-1.09,10,9319.71171875
13466,-1.09,10,10260.193359375
13467,-1.09,10,7850.979931640625
13468,-1.09,10,7916.8390625
13469,-1.58,10,8534.289208984375
13470,-1.09,10,9769.788037109374
13471,-1.09,10,14167.040185546875
13472,-1.09,10,12868.36279296875
13473,-1.09,10,11495.82177734375
13474,-1.04,5,7695.0185546875
13475,-1.09,10,9764.120458984375
13476,-1.58,10,9879.36005859375
13477,0.95,6,7308.5580647786455
13478,-1.09,10,10751.097119140624
13479,-1.09,10,7749.9216796875
13480,-1.02,3,7010.569498697917
13481,-1.09,10,8630.1826171875
13482,-1.09,10,11923.9908203125
13483,-5.54,6,9631.011800130209
13484,-1.09,10,7862.8978515625
13485,4.98,3,16904.515462239582
13486,-1.09,10,8230.9087890625
13487,-1.09,10,11717.53837890625
13488,0.96,5,9085.083984375
13489,-5.02,3,10593.200520833334
13490,-1.09,10,8081.424462890625
13491,-1.09,10,7900.489428710937
13492,-5.02,3,11109.554117838541
13493,-1.09,10,10281.710986328126
13494,0.95,6,13304.212890625
13495,-1.07,8,11736.892761230469
13496,-1.09,10,7877.867358398437
13497,-1.09,10,7185.6896484375
13498,-5.03,4,13090.738159179688
13499,-5.06,7,7401.210797991072
13500,-1.09,10,8144.65634765625
13501,-1.09,10,8189.250048828125
13502,-1.09,10,7207.849609375
13503,-1.09,10,11416.681005859375
13504,-1.09,10,7013.2642578125
13505,-1.09,10,11092.643334960938
13506,-1.09,10,9919.792626953125
13507,-1.09,10,7768.457421875
13508,-1.09,10,9646.053662109374
13509,0.94,7,8849.715611049107
13510,-1.09,10,9998.88544921875
13511,-1.09,10,8838.892993164063
13512,-1.09,10,7809.361889648438
13513,-1.09,10,9816.303125
13514,-2.0,3,5452.228515625
13515,-1.09,10,6934.909716796875
13516,-1.09,10,9109.196179199218
13517,-1.09,10,7831.2110595703125
13518,-1.09,10,7896.0173828125
13519,-1.09,10,6990.988427734375
13520,-1.09,10,9569.196728515624
13521,-1.09,10,7956.497314453125
13522,-5.04,5,5209.102197265625
13523,-1.09,10,9634.255712890625
13524,-1.09,10,6959.133251953125
13525,-1.09,10,8896.93759765625
13526,-1.09,10,10565.51259765625
13527,-1.09,10,10288.728955078124
13528,-1.09,10,10993.68800048828
13529,-1.09,10,11106.215234375
13530,-1.09,10,7455.90234375
13531,-1.09,10,8549.947338867187
13532,-6.0,3,4135.428141276042
13533,-1.09,10,6271.33154296875
13534,-1.09,10,8035.338720703125
13535,-1.07,8,9502.929260253906
13536,-1.09,10,6479.107470703125
13537,0.48,4,10585.624755859375
13538,-1.09,10,9494.475634765626
13539,-1.09,10,6721.188720703125
13540,-1.09,10,6929.951733398438
13541,-1.09,10,13367.292529296876
13542,-1.09,10,11863.964990234375
13543,-1.09,10,7530.98564453125
13544,0.9299999999999999,8,6584.9622802734375
13545,0.98,3,7873.576334635417
13546,-1.06,7,10776.831787109375
13547,-2.02,5,15636.12216796875
13548,-1.09,10,9430.282421875
13549,0.98,3,13529.22216796875
13550,-1.09,10,6914.82998046875
13551,-1.09,10,7339.82255859375
13552,-1.09,10,9531.885302734376
13553,-1.58,10,8644.393139648437
13554,0.9299999999999999,8,6162.7452392578125
13555,-1.09,10,8302.99951171875
13556,-1.09,10,7620.946044921875
13557,0.9299999999999999,8,11317.063995361328
13558,-1.09,10,9545.308349609375
13559,-1.09,10,9310.037231445312
13560,-1.09,10,8702.101416015625
13561,-1.09,10,8962.462646484375
13562,-1.09,10,11428.409423828125
13563,4.49,3,7968.7255859375
13564,-1.58,10,14241.930419921875
13565,4.98,3,11857.278971354166
13566,0.42999999999999994,9,10168.752821180555
13567,-1.09,10,8090.87666015625
13568,-1.09,10,14857.817456054687
13569,-1.09,10,12846.436572265626
13570,-1.09,10,8435.33857421875
13571,-1.09,10,9119.616528320312
13572,-1.58,10,8644.577978515625
13573,-1.09,10,14567.651171875
13574,-1.09,10,9739.3439453125
13575,0.98,3,9780.041341145834
13576,-1.09,10,9388.767724609375
13577,-1.09,10,7354.1177978515625
13578,0.92,9,6795.763943142361
13579,-5.53,5,13714.68447265625
13580,-1.09,10,10072.84970703125
13581,-1.09,10,9531.219189453124
13582,-1.09,10,11083.159814453125
13583,-1.09,10,11187.295825195313
13584,-1.09,10,8264.065893554687
13585,-1.09,10,8395.540942382813
13586,-5.07,8,13925.128540039062
13587,-1.09,10,11367.401440429687
13588,-1.09,10,8515.909130859374
13589,-1.09,10,10413.831274414062
13590,-1.09,10,13756.22451171875
13591,-1.09,10,10247.7435546875
13592,-1.07,8,10332.844970703125
13593,4.98,3,7239.1044921875
13594,-5.07,8,6842.687713623047
13595,-1.09,10,9984.648828125
13596,-1.09,10,8699.307421875
13597,-1.09,10,13498.705639648437
13598,4.98,3,7418.403238932292
13599,-1.09,10,12148.090380859376
13600,-1.09,10,7556.868359375
13601,-1.09,10,7958.447412109375
13602,-1.09,10,9593.948193359374
13603,-1.09,10,11067.56904296875
13604,-1.09,10,8473.078759765625
13605,-1.09,10,8824.059521484374
13606,-5.02,3,6916.6748046875
13607,-1.09,10,8434.590869140626
13608,4.95,6,8409.843546549479
13609,-1.09,10,16747.243994140626
13610,-1.09,10,7526.77890625
13611,-1.09,10,7405.9294921875
13612,-1.09,10,8749.44248046875
13613,-1.09,10,6927.93544921875
13614,-1.09,10,6941.1351318359375
13615,-1.09,10,7212.242041015625
13616,-1.09,10,6965.398291015625
13617,0.92,9,8431.605577256945
13618,-1.09,10,13605.826611328124
13619,0.98,3,6108.65869140625
13620,-1.09,10,6209.37685546875
13621,-1.09,10,9644.461572265625
13622,-1.09,10,9752.943017578125
13623,-1.09,10,6989.466162109375
13624,-5.07,8,11286.302642822266
13625,-1.09,10,12545.871484375
13626,-1.09,10,9552.08992919922
13627,0.9299999999999999,8,7391.5850830078125
13628,-1.09,10,10301.478173828125
13629,0.94,7,9234.30970982143
13630,-1.09,10,7578.073681640625
13631,-1.02,3,7950.326009114583
13632,-1.09,10,11960.879052734375
13633,-1.09,10,9431.97138671875
13634,-1.09,10,7207.989111328125
13635,-1.09,10,7260.649658203125
13636,-1.09,10,7834.662890625
13637,-1.09,10,8582.436279296875
13638,-1.09,10,8166.930200195313
13639,-1.09,10,8652.960986328126
13640,-1.09,10,8393.83330078125
13641,-1.05,6,11408.955647786459
13642,-1.09,10,8202.753271484375
13643,-1.09,10,7798.26044921875
13644,-1.03,4,14757.828369140625
13645,-1.09,10,13965.934106445313
13646,-1.09,10,13218.63564453125
13647,-1.09,10,14804.563671875
13648,-1.09,10,7341.916186523437
13649,-1.09,10,10436.292163085938
13650,-1.09,10,9228.185595703126
13651,-1.58,10,8785.64208984375
13652,-1.09,10,7874.517834472656
13653,-1.09,10,9323.50908203125
13654,-1.09,10,9277.4513671875
13655,-1.09,10,10087.316967773437
13656,-1.07,8,8848.377075195312
13657,-1.09,10,8759.644873046875
13658,-1.09,10,8232.273583984375
13659,4.92,9,9264.062608506945
13660,-1.09,10,6613.722509765625
13661,4.94,7,7049.610281808035
13662,-1.09,10,7007.651611328125
13663,-1.56,8,8949.901062011719
13664,-1.09,10,13195.598999023438
13665,-1.03,4,7780.5311279296875
13666,-1.09,10,7061.7044921875
13667,-1.09,10,8480.019189453125
13668,-1.06,7,7047.002511160715
13669,-1.09,10,9964.94404296875
13670,-1.09,10,7388.29462890625
13671,-1.09,10,7572.936181640625
13672,0.0,3,4730.48681640625
13673,-1.58,10,6746.091064453125
13674,-1.09,10,11748.931005859375
13675,-1.04,5,9334.98017578125
13676,-1.09,10,10371.262255859376
13677,-1.09,10,11186.772021484376
13678,-1.04,5,17941.16015625
13679,-1.09,10,10388.071875
13680,0.94,7,9181.525809151786
13681,-1.09,10,8297.410546875
13682,-1.09,10,14201.795629882812
13683,-1.09,10,5705.363549804688
13684,-1.09,10,8634.413525390624
13685,-1.09,10,10873.045751953125
13686,-1.09,10,9587.010107421875
13687,-1.09,10,9637.914404296875
13688,0.96,5,8040.27080078125
13689,-1.09,10,8867.57080078125
13690,-1.09,10,7883.3416015625
13691,-1.09,10,10309.676110839844
13692,0.94,7,14137.450753348214
13693,-1.09,10,10705.824365234375
13694,4.93,8,7995.9742431640625
13695,-1.09,10,7677.3726806640625
13696,-1.09,10,9337.235791015624
13697,4.95,6,6645.657552083333
13698,-1.09,10,10121.398315429688
13699,-1.09,10,10839.955932617188
13700,-1.09,10,6431.966943359375
13701,-1.09,10,9678.309790039062
13702,-1.09,10,6075.43037109375
13703,-1.09,10,9276.0388671875
13704,-1.09,10,9416.7953125
13705,0.0,3,4734.63330078125
13706,-1.09,10,8946.193896484376
13707,-1.04,5,6518.20498046875
13708,-1.09,10,11393.960400390624
13709,-1.09,10,6936.462451171875
13710,-1.09,10,8830.97001953125
13711,0.95,6,8279.805419921875
13712,-1.09,10,8613.324755859376
13713,-1.09,10,10369.01455078125
13714,-1.09,10,9203.514013671875
13715,-1.09,10,12588.272155761719
13716,-1.09,10,14042.841064453125
13717,-1.09,10,7884.095703125
13718,-1.09,10,8277.594897460938
13719,4.93,8,9211.80224609375
13720,-1.09,10,11387.17783203125
13721,-1.09,10,11551.7953125
13722,-1.09,10,6733.279809570313
13723,-1.09,10,9951.506713867188
13724,-1.09,10,9974.05791015625
13725,-1.09,10,7427.429345703125
13726,4.94,7,9169.96763392857
13727,-1.09,10,7637.15732421875
13728,-1.09,10,7960.532958984375
13729,-1.09,10,8730.84208984375
13730,-1.09,10,10851.723876953125
13731,-5.08,9,9183.168185763889
13732,-1.09,10,9735.370361328125
13733,-1.09,10,7658.479833984375
13734,-1.09,10,13440.736669921875
13735,-1.58,10,16645.750390625
13736,-1.09,10,11285.0873046875
13737,-1.09,10,9575.99462890625
13738,-1.09,10,9321.08037109375
13739,-1.09,10,9859.182495117188
13740,-1.09,10,12484.118090820313
13741,-1.04,5,6029.1408203125
13742,-1.09,10,10254.375219726562
13743,-1.09,10,10169.157885742188
13744,-1.07,8,6391.669189453125
13745,-1.09,10,11109.8072265625
13746,4.92,9,7664.775824652777
13747,-1.09,10,12364.699755859376
13748,-1.09,10,7127.047021484375
13749,-1.58,10,10790.957202148438
13750,-1.09,10,11230.477368164062
13751,0.94,7,9997.21826171875
13752,0.95,6,11712.0498046875
13753,-1.09,10,12860.909765625
13754,-1.05,6,5688.636067708333
13755,-1.09,10,18453.151611328125
13756,-5.05,6,17441.317138671875
13757,-1.09,10,10353.136987304688
13758,-1.58,10,9800.204663085937
13759,-1.09,10,8964.5759765625
13760,-1.09,10,11253.11865234375
13761,-1.09,10,6744.41416015625
13762,-1.09,10,6490.987060546875
13763,-1.09,10,9279.204699707032
13764,-1.09,10,8096.65205078125
13765,-1.09,10,7753.069873046875
13766,-1.06,7,12522.33726283482
13767,-1.09,10,11389.606005859376
13768,-1.58,10,9014.86630859375
13769,-1.09,10,8515.4150390625
13770,-5.03,4,6959.265869140625
13771,-1.09,10,9744.766748046875
13772,-1.09,10,8578.83994140625
13773,-1.04,5,7372.1013671875
13774,-1.09,10,8285.14306640625
13775,4.98,3,17580.633382161457
13776,-1.09,10,7932.51865234375
13777,-1.09,10,10369.509765625
13778,-1.09,10,8429.815405273437
13779,-1.51,3,7625.53466796875
13780,-1.03,4,11835.714721679688
13781,-1.04,5,8282.31318359375
13782,0.97,4,22042.652587890625
13783,-1.09,10,9012.998828125
13784,-1.09,10,9134.0326171875
13785,0.49,3,13727.9326171875
13786,-1.09,10,6781.686755371094
13787,-1.09,10,9363.359130859375
13788,-1.09,10,8528.929736328126
13789,0.94,7,6078.65998186384
13790,4.97,4,4694.889587402344
13791,-1.58,10,9103.2255859375
13792,-1.09,10,8520.666650390625
13793,-1.09,10,10260.431005859375
13794,-1.09,10,14188.50712890625
13795,-1.09,10,13851.74775390625
13796,-1.09,10,8318.343310546876
13797,-1.09,10,7450.980859375
13798,-1.09,10,10496.799829101563
13799,-1.09,10,11899.135961914062
13800,-1.09,10,9946.4130859375
13801,-1.09,10,6730.341040039062
13802,-1.09,10,9100.206396484375
13803,-1.09,10,9589.232495117187
13804,-1.09,10,9940.13701171875
13805,-1.09,10,15536.05029296875
13806,-1.09,10,11343.50771484375
13807,-1.09,10,11029.426611328125
13808,-1.09,10,7972.801513671875
13809,-1.09,10,8966.192163085938
13810,-1.09,10,7680.57587890625
13811,-1.09,10,10806.258740234374
13812,-1.09,10,11537.04560546875
13813,-1.09,10,8437.840185546875
13814,-1.09,10,8840.501220703125
13815,-1.09,10,7011.648046875
13816,-1.09,10,12069.334228515625
13817,-1.09,10,7166.351904296875
13818,-5.51,3,8437.119384765625
13819,-1.09,10,7810.14091796875
13820,-1.09,10,7787.716064453125
13821,-1.09,10,7956.2921142578125
13822,-1.09,10,6971.3511962890625
13823,-5.02,3,11719.4541015625
13824,-1.09,10,9218.332763671875
13825,-1.09,10,15922.418725585938
13826,-1.02,3,10058.030598958334
13827,-1.03,4,7850.4637451171875
13828,-1.09,10,7338.288305664062
13829,-1.09,10,6684.9427490234375
13830,-1.58,10,13445.39326171875
13831,-1.09,10,8604.901977539062
13832,-1.52,4,8316.064208984375
13833,-1.08,9,9974.605278862848
13834,-1.09,10,9433.3296875
13835,4.93,8,6745.747772216797
13836,-1.09,10,6691.2647705078125
13837,-1.09,10,4702.034448242188
13838,-5.08,9,7854.834798177083
13839,4.93,8,6436.495849609375
13840,-1.09,10,9988.235205078125
13841,-1.09,10,6942.3345703125
13842,-5.08,9,10842.280815972223
13843,-1.09,10,8194.338916015626
13844,-1.09,10,10598.845947265625
13845,-1.09,10,6913.882080078125
13846,-1.09,10,11423.46875
13847,-1.09,10,10130.998779296875
13848,-1.09,10,9995.256225585938
13849,-1.09,10,14153.969458007812
13850,-1.58,10,6663.453564453125
13851,-1.09,10,12928.239379882812
13852,-1.09,10,11811.9162109375
13853,-1.09,10,7856.132153320313
13854,-5.02,3,6859.386881510417
13855,-1.09,10,10917.271533203126
13856,-1.09,10,12756.85537109375
13857,-6.0,3,9855.276692708334
13858,-1.09,10,9774.24794921875
13859,-5.07,8,16534.617553710938
13860,-1.09,10,9516.2783203125
13861,4.93,8,8391.708984375
13862,-1.09,10,7799.337255859375
13863,-1.09,10,8824.665625
13864,-1.09,10,9598.581079101563
13865,-1.09,10,8329.477294921875
13866,-1.09,10,10810.7173828125
13867,-0.020000000000000018,5,7579.2611328125
13868,0.97,4,10645.340576171875
13869,-1.09,10,13590.88115234375
13870,-1.09,10,8676.91484375
13871,0.95,6,11206.537841796875
13872,-5.05,6,15068.740559895834
13873,-1.09,10,14453.344775390626
13874,-5.04,5,10377.83505859375
13875,-1.09,10,21532.6224609375
13876,0.95,6,12265.3515625
13877,-5.05,6,6723.211181640625
13878,-1.09,10,11455.514404296875
13879,-1.09,10,11452.94453125
13880,-1.09,10,12402.3595703125
13881,-1.06,7,16788.88546316964
13882,-1.09,10,12002.427758789063
13883,-1.09,10,11203.384521484375
13884,-1.09,10,16992.1052734375
13885,0.92,9,8770.65625
13886,-1.09,10,13395.96474609375
13887,-1.09,10,12762.702563476563
13888,-1.09,10,14292.8494140625
13889,-1.02,3,16155.42578125
13890,-1.09,10,11770.39423828125
13891,0.97,4,9809.814819335938
13892,-1.05,6,8074.7947184244795
13893,-1.09,10,11145.819409179687
13894,-1.09,10,11006.781640625
13895,-1.09,10,14007.077197265626
13896,-1.09,10,16789.327734375
13897,-1.09,10,13915.27978515625
13898,-1.09,10,14081.5201171875
13899,-1.05,6,8428.47509765625
13900,-1.09,10,14972.89619140625
13901,-5.02,3,16491.573404947918
13902,-1.09,10,16850.607177734375
13903,0.49,3,15770.9189453125
13904,-1.58,10,11355.54443359375
13905,-1.03,4,14536.619873046875
13906,-1.09,10,15166.29560546875
13907,-1.09,10,10342.10048828125
13908,-1.09,10,14690.670385742187
13909,-1.09,10,10266.348193359376
13910,-1.09,10,10973.120141601563
13911,0.97,4,10879.004150390625
13912,-1.09,10,18540.892724609374
13913,-1.09,10,14902.683203125
13914,-1.09,10,19227.27392578125
13915,-1.09,10,21698.915283203125
13916,-1.09,10,13293.775830078124
13917,-1.09,10,17344.45915527344
13918,-1.09,10,18443.10048828125
13919,0.9299999999999999,8,19754.013793945312
13920,-1.58,10,16182.604833984375
13921,-1.09,10,26699.62060546875
13922,0.0,3,14880.0703125
13923,0.94,7,24225.551409040178
13924,0.95,6,23787.513916015625
13925,0.98,3,16444.734375
13926,-1.09,10,22725.90703125
13927,-1.09,10,28909.380712890626
13928,-1.09,10,17339.657177734374
13929,-1.58,10,16039.880615234375
13930,-1.09,10,16610.37099609375
13931,-1.06,7,11081.259765625
13932,-1.09,10,13712.722546386718
13933,-1.54,6,19775.232462565105
13934,0.98,3,9596.206380208334
13935,-1.09,10,26392.07119140625
13936,-1.09,10,14116.960302734375
13937,-5.08,9,27560.267469618055
13938,-1.09,10,12931.053759765626
13939,-1.09,10,13848.221142578124
13940,-1.58,10,19675.75908203125
13941,-1.09,10,16186.083178710938
13942,-1.09,10,15500.829248046875
13943,-1.09,10,15676.72568359375
13944,-1.09,10,12144.031860351562
13945,-1.09,10,17077.488330078126
13946,-1.09,10,15346.799365234376
13947,4.97,4,19938.789184570312
13948,-5.06,7,13307.34535435268
13949,-1.09,10,16610.5541015625
13950,-1.09,10,20907.51572265625
13951,-5.05,6,10347.1865234375
13952,-1.09,10,15544.310375976562
13953,-1.09,10,13006.866259765626
13954,-1.09,10,14892.200830078125
13955,0.92,9,16711.476236979168
13956,-1.09,10,12477.09228515625
13957,-1.09,10,13916.543237304688
13958,-1.09,10,15853.0041015625
13959,-1.09,10,21580.336279296876
13960,-1.09,10,14655.57080078125
13961,-1.09,10,15340.238916015625
13962,0.92,9,18572.41259765625
13963,-1.09,10,20386.17763671875
13964,-5.57,9,15878.765896267361
13965,-5.53,5,18325.7603515625
13966,-1.09,10,19207.268310546875
13967,-1.09,10,25284.06513671875
13968,0.0,3,7549.068196614583
13969,0.96,5,20789.542578125
13970,-1.09,10,15132.7576171875
13971,-1.09,10,19396.27412109375
13972,-1.09,10,15662.702978515625
13973,-1.09,10,25463.5380859375
13974,-1.09,10,18191.537890625
13975,-1.09,10,27194.381005859374
13976,-1.09,10,13451.347314453125
13977,-1.09,10,17539.425341796876
13978,-1.09,10,16433.20029296875
13979,-1.07,8,18933.098388671875
13980,0.9299999999999999,8,14323.051879882812
13981,0.97,4,21424.4404296875
13982,-1.09,10,26563.9529296875
13983,-5.02,3,25196.190266927082
13984,-1.09,10,15008.660595703124
13985,-1.09,10,13228.011474609375
13986,-1.09,10,22127.0158203125
13987,4.97,4,11754.792724609375
13988,-1.09,10,20585.59609375
13989,-1.09,10,21043.07333984375
13990,-1.09,10,17614.7201171875
13991,-1.58,10,18907.54443359375
13992,0.96,5,16062.87958984375
13993,0.95,6,19268.751790364582
13994,4.97,4,11745.135986328125
13995,-1.09,10,23018.838671875
13996,-1.05,6,11789.558756510416
13997,-1.09,10,19126.312646484374
13998,0.49,3,12196.685872395834
13999,-1.09,10,16707.1861328125
14000,-1.09,10,19453.320751953124
14001,-1.09,10,17664.836279296876
14002,0.49,3,31088.00927734375
14003,-1.06,7,16235.074637276786
14004,0.0,3,10979.486328125
14005,-1.09,10,18385.701513671876
14006,-1.09,10,13016.64306640625
14007,-1.58,10,17690.21044921875
14008,0.47,5,20488.878125
14009,0.9299999999999999,8,13355.577758789062
14010,-1.09,10,17500.984326171874
14011,-1.09,10,13338.15693359375
14012,-1.09,10,19060.73154296875
14013,-1.09,10,27988.458154296874
14014,-1.09,10,15742.815576171875
14015,-1.09,10,23438.035009765626
14016,0.95,6,13783.151692708334
14017,-1.09,10,22669.63466796875
14018,-5.51,3,23394.67578125
14019,4.97,4,17708.92724609375
14020,-1.09,10,25202.815234375
14021,0.97,4,27177.6171875
14022,-2.0,3,17614.3349609375
14023,-1.02,3,12249.631673177084
14024,-1.09,10,18170.920556640624
14025,-5.51,3,26693.1484375
14026,-1.09,10,26950.498095703126
14027,4.93,8,21288.326171875
14028,-5.04,5,22568.5244140625
14029,-1.09,10,23681.69025878906
14030,0.96,5,25648.9125
14031,0.92,9,30946.27756076389
14032,-1.09,10,13852.31845703125
14033,-1.09,10,15932.815600585938
14034,-1.08,9,19549.4560546875
14035,0.0,3,13988.909830729166
14036,-1.09,10,17819.3904296875
14037,-1.09,10,18610.660009765626
14038,-1.58,10,16328.683154296876
14039,-1.09,10,13044.881640625
14040,0.97,4,18659.790405273438
14041,-1.58,10,31821.2833984375
14042,0.92,9,32064.587565104168
14043,-1.09,10,18973.59365234375
14044,-1.09,10,13764.656689453124
14045,-1.09,10,16755.46650390625
14046,-1.09,10,28085.595556640626
14047,-1.04,5,28809.8767578125
14048,0.98,3,18084.748046875
14049,-1.09,10,16635.8580078125
14050,-1.09,10,25346.23623046875
14051,0.9299999999999999,8,10620.706359863281
14052,-1.09,10,15725.13525390625
14053,-1.09,10,13129.615673828124
14054,-1.09,10,12891.251928710937
14055,-1.09,10,13479.17197265625
14056,-1.09,10,13553.467138671875
14057,-1.09,10,20622.77138671875
14058,-1.02,3,8955.4970703125
14059,-1.09,10,17421.179150390624
14060,-1.09,10,19080.447045898436
14061,-1.08,9,15433.722439236111
14062,-5.04,5,10460.85166015625
14063,-1.09,10,31144.301708984374
14064,-1.09,10,14504.41337890625
14065,-1.09,10,17319.559033203124
14066,0.94,7,23925.379324776786
14067,-1.09,10,13262.84208984375
14068,0.96,5,15059.31298828125
14069,0.92,9,9841.5751953125
14070,-1.06,7,16784.33126395089
14071,-1.09,10,11350.13779296875
14072,0.9299999999999999,8,21690.045013427734
14073,-1.51,3,12459.227376302084
14074,-1.09,10,19929.792626953124
14075,-1.09,10,14195.11376953125
14076,-1.09,10,18546.4640625
14077,4.46,6,18612.596354166668
14078,-1.09,10,16246.894384765625
14079,-5.06,7,13088.337820870536
14080,-1.09,10,21057.05634765625
14081,-1.09,10,10981.206591796876
14082,0.0,3,20679.4404296875
14083,-1.09,10,14168.19326171875
14084,-1.09,10,20283.77314453125
14085,-1.09,10,15633.55078125
14086,-1.09,10,16412.878369140624
14087,0.95,6,18712.276123046875
14088,0.0,3,18424.37841796875
14089,-1.09,10,20727.5623046875
14090,-1.09,10,17421.914624023437
14091,-1.09,10,11257.7837890625
14092,-1.09,10,14183.79541015625
14093,-1.09,10,10403.626110839843
14094,-1.09,10,35229.11220703125
14095,-1.09,10,20379.49384765625
14096,-1.09,10,14046.798315429687
14097,-1.09,10,26294.808935546876
14098,-5.51,3,11170.450032552084
14099,-1.58,10,12442.185400390625
14100,-1.09,10,23593.70595703125
14101,-1.09,10,22540.650390625
14102,-1.09,10,14567.031103515625
14103,-5.05,6,14822.208089192709
14104,-1.09,10,9000.59296875
14105,-1.09,10,14869.819287109374
14106,-1.09,10,11117.530126953125
14107,-1.09,10,11764.072314453126
14108,-1.09,10,21406.273974609376
14109,-1.09,10,19818.66748046875
14110,-1.09,10,10624.112158203125
14111,-1.09,10,19824.163427734376
14112,-1.58,10,24412.520849609376
14113,-1.09,10,14282.12099609375
14114,0.0,3,8669.3212890625
14115,-1.09,10,15681.33974609375
14116,-1.09,10,15029.27392578125
14117,-1.09,10,12930.74140625
14118,-1.09,10,19197.7025390625
14119,-1.09,10,13493.784716796876
14120,0.49,3,7631.779134114583
14121,-1.09,10,11260.934301757812
14122,-1.09,10,19269.68779296875
14123,-1.09,10,21444.29001464844
14124,4.97,4,19051.253662109375
14125,-1.09,10,25354.283056640626
14126,-1.09,10,17346.60939941406
14127,-1.09,10,22552.3748046875
14128,-1.09,10,21804.339892578126
14129,-1.09,10,17055.841259765624
14130,-1.09,10,17203.58708496094
14131,0.0,3,16076.281901041666
14132,0.49,3,11828.5458984375
14133,-1.51,3,12335.855794270834
14134,-2.0,3,10723.18603515625
14135,-1.09,10,13533.599462890625
14136,-1.09,10,22833.48935546875
14137,-1.51,3,18289.228841145832
14138,-1.09,10,14596.275341796874
14139,-1.09,10,9849.336279296875
14140,-1.09,10,24157.448583984376
14141,-1.09,10,17217.223291015624
14142,-1.58,10,21186.090283203124
14143,-1.09,10,27480.79521484375
14144,-1.09,10,14539.1326171875
14145,-1.08,9,19512.490342881945
14146,-2.0700000000000003,10,31452.37333984375
14147,-1.09,10,16513.599194335937
14148,-1.09,10,22281.35966796875
14149,-1.02,3,8309.328938802084
14150,-1.09,10,33837.5755859375
14151,-1.04,5,24987.2591796875
14152,-1.09,10,11184.610009765625
14153,-1.09,10,16326.823974609375
14154,-1.09,10,9362.763403320312
14155,-1.09,10,10139.5431640625
14156,-1.09,10,35608.514404296875
14157,-1.09,10,12448.83798828125
14158,-5.05,6,25544.977945963543
14159,-1.09,10,16852.524267578126
14160,-1.09,10,11709.39853515625
14161,-1.58,10,11196.241748046876
14162,-1.09,10,8255.695678710938
14163,0.9299999999999999,8,17539.103149414062
14164,-1.09,10,12927.160205078126
14165,-1.09,10,17953.487670898438
14166,-1.09,10,12108.7072265625
14167,-1.09,10,9441.678564453125
14168,-5.08,9,11425.742404513889
14169,-1.09,10,25076.2265625
14170,-1.58,10,18215.0990234375
14171,-1.09,10,15616.098071289063
14172,-1.09,10,13682.81572265625
14173,-1.09,10,12562.972314453125
14174,-1.09,10,16656.841259765624
14175,-1.09,10,14013.58134765625
14176,-1.09,10,15812.4806640625
14177,-1.09,10,16810.24443359375
14178,-1.09,10,17984.128002929687
14179,-1.09,10,13360.510302734376
14180,-1.09,10,10182.120947265625
14181,-1.58,10,8792.263330078125
14182,-1.09,10,14008.23046875
14183,-1.09,10,13271.76767578125
14184,-1.06,7,13658.592494419643
14185,0.97,4,13193.476196289062
14186,-1.09,10,21063.542529296876
14187,0.95,6,20350.485758463543
14188,-1.09,10,19778.677001953125
14189,-1.09,10,11594.742456054688
14190,-1.09,10,27172.0546875
14191,-1.09,10,13158.595922851562
14192,-1.03,4,18782.317626953125
14193,-1.09,10,20338.299462890624
14194,0.95,6,14817.812174479166
14195,-1.09,10,11879.895068359376
14196,0.0,3,18489.021809895832
14197,0.0,3,12925.829427083334
14198,-1.09,10,11926.2064453125
14199,-1.09,10,24104.0953125
14200,-1.09,10,10644.086083984375
14201,-1.09,10,33915.4322265625
14202,-1.09,10,12347.325927734375
14203,0.95,6,17923.721842447918
14204,0.92,9,13311.128784179688
14205,-1.09,10,11165.730810546875
14206,-1.58,10,17858.770849609376
14207,-1.09,10,13476.68193359375
14208,-1.09,10,9654.004443359376
14209,-1.09,10,15365.167578125
14210,-1.09,10,17638.024951171876
14211,-2.0,3,22778.297932942707
14212,-1.09,10,10828.9080078125
14213,-1.09,10,10490.926171875
14214,-1.08,9,15940.437662760416
14215,-1.09,10,14142.06982421875
14216,0.97,4,21309.185791015625
14217,-1.09,10,9766.749169921875
14218,-1.08,9,18770.38623046875
14219,-1.09,10,16711.139306640624
14220,-1.09,10,11561.30029296875
14221,0.0,3,34129.821614583336
14222,-1.09,10,15687.547509765625
14223,-1.09,10,14333.73798828125
14224,0.49,3,14990.106201171875
14225,-1.09,10,29205.64853515625
14226,0.95,6,14662.033284505209
14227,-1.09,10,18145.5443359375
14228,0.92,9,14699.302734375
14229,-1.09,10,23383.9298828125
14230,-1.09,10,20268.6283203125
14231,-1.09,10,11684.714184570312
14232,-1.09,10,11940.367431640625
14233,-1.09,10,13511.08251953125
14234,-1.09,10,14354.914208984375
14235,4.95,6,16671.551432291668
14236,-1.09,10,18532.60224609375
14237,-1.58,10,25045.17412109375
14238,-1.05,6,6185.64208984375
14239,-1.09,10,23640.06611328125
14240,0.9299999999999999,8,19063.056030273438
14241,-1.58,10,16820.4193359375
14242,0.92,9,8479.420084635416
14243,-1.09,10,11854.81494140625
14244,0.94,7,9238.954903738839
14245,-1.58,10,15697.0376953125
14246,-1.09,10,15448.989892578125
14247,-1.09,10,17532.090258789063
14248,-1.09,10,18384.57919921875
14249,-1.09,10,13187.13076171875
14250,-1.09,10,10873.254736328125
14251,-1.09,10,22502.160375976564
14252,-1.09,10,9446.0912109375
14253,-1.09,10,17796.85322265625
14254,-1.09,10,9721.243212890626
14255,-1.09,10,23143.13779296875
14256,-1.09,10,10413.506469726562
14257,-5.05,6,9249.638264973959
14258,-1.09,10,22061.10185546875
14259,-1.09,10,8447.031982421875
14260,-1.06,7,12770.783726283482
14261,-1.05,6,17736.562744140625
14262,-1.58,10,16542.412524414063
14263,-1.09,10,18176.185107421876
14264,-1.09,10,14026.206201171875
14265,4.97,4,11652.695373535156
14266,-1.09,10,13736.118603515624
14267,-1.09,10,16324.644189453125
14268,-1.09,10,16278.101220703125
14269,-1.09,10,8748.728466796874
14270,0.98,3,13244.9638671875
14271,-1.09,10,21072.65654296875
14272,-1.09,10,11707.4845703125
14273,-1.09,10,20076.75673828125
14274,-1.09,10,22437.83154296875
14275,-1.09,10,15170.529125976562
14276,-1.09,10,22640.30341796875
14277,4.94,7,15430.098109654018
14278,-1.09,10,17661.956787109375
14279,-5.04,5,12078.8234375
14280,-1.09,10,14629.98837890625
14281,-1.09,10,10314.793798828125
14282,-1.09,10,13586.399365234374
14283,-1.09,10,12957.589306640624
14284,4.98,3,16483.378255208332
14285,-1.09,10,16886.288916015626
14286,-1.58,10,13909.51083984375
14287,-1.09,10,13396.553979492188
14288,-1.09,10,8349.7255859375
14289,-5.03,4,6775.4658203125
14290,-1.09,10,20736.767626953126
14291,-1.09,10,17497.41865234375
14292,-1.09,10,12126.731005859376
14293,-1.09,10,26821.4630859375
14294,-1.09,10,13556.994946289062
14295,-1.09,10,13761.579248046875
14296,-1.09,10,16428.97216796875
14297,-1.09,10,13179.40029296875
14298,4.96,5,18538.58525390625
14299,-1.09,10,32638.319702148438
14300,-1.09,10,10831.943701171875
14301,-1.09,10,14133.854736328125
14302,-1.09,10,24128.4990234375
14303,-1.07,8,27228.062255859375
14304,-1.09,10,10831.55185546875
14305,-1.09,10,11836.751318359375
14306,0.95,6,9783.152913411459
14307,-1.09,10,17336.580029296874
14308,-1.09,10,16329.5099609375
14309,-1.09,10,15646.82529296875
14310,-1.09,10,15705.660717773437
14311,-1.09,10,13433.352026367187
14312,-1.09,10,24865.9603515625
14313,-1.09,10,11274.73427734375
14314,-1.09,10,11969.688232421875
14315,-1.09,10,19639.44208984375
14316,-1.09,10,13532.06982421875
14317,-1.09,10,16776.928662109374
14318,-1.09,10,10898.483911132813
14319,0.94,7,9542.05970982143
14320,-1.58,10,21126.526440429687
14321,-5.07,8,21852.086669921875
14322,-1.09,10,13801.6306640625
14323,-1.09,10,16959.96062011719
14324,-5.03,4,10027.222900390625
14325,-1.09,10,12351.880639648438
14326,-1.09,10,12050.376171875
14327,-1.09,10,10519.024853515624
14328,-1.09,10,12474.921728515625
14329,4.92,9,17455.929578993055
14330,-1.03,4,8846.776733398438
14331,-1.09,10,13002.394165039062
14332,-1.09,10,15123.663671875
14333,-1.09,10,11281.916552734376
14334,-1.09,10,9816.587158203125
14335,-1.09,10,17647.98466796875
14336,-1.09,10,14325.50576171875
14337,0.92,9,11075.836805555555
14338,-1.09,10,16737.59794921875
14339,-1.04,5,10492.85458984375
14340,-1.09,10,11944.71552734375
14341,-1.02,3,26838.353190104168
14342,0.95,6,14153.9150390625
14343,-1.09,10,13949.770751953125
14344,-1.04,5,15129.17578125
14345,-1.09,10,18343.28525390625
14346,-1.09,10,12254.766845703125
14347,-1.09,10,16285.02470703125
14348,4.96,5,21472.451953125
14349,-5.05,6,32041.314127604168
14350,-1.08,9,18543.151258680555
14351,-1.09,10,12937.153515625
14352,-1.09,10,17459.21328125
14353,-1.09,10,10424.08876953125
14354,-1.09,10,8178.1878662109375
14355,-1.09,10,27594.9146484375
14356,-1.07,8,16056.842224121094
14357,0.96,5,9889.787890625
14358,-1.09,10,20435.637060546876
14359,-1.09,10,11327.14228515625
14360,-1.09,10,20025.5578125
14361,-1.09,10,21330.307177734376
14362,-1.09,10,17908.268603515626
14363,-1.09,10,10915.35498046875
14364,-1.09,10,27436.117919921875
14365,-1.09,10,11853.455810546875
14366,4.94,7,6496.72687639509
14367,-1.07,8,18312.5546875
14368,-1.09,10,10664.21103515625
14369,-1.09,10,11518.841967773438
14370,4.92,9,11600.151963975695
14371,-1.09,10,22226.351928710938
14372,-1.09,10,13472.530590820312
14373,-1.58,10,8985.750830078125
14374,-1.07,8,15633.380981445312
14375,-1.09,10,20844.756005859374
14376,-1.09,10,21482.043603515624
14377,-1.09,10,14269.019580078126
14378,-1.09,10,19321.69873046875
14379,4.92,9,17891.04079861111
14380,-5.02,3,7569.710611979167
14381,-1.09,10,27961.984375
14382,-1.09,10,17081.0755859375
14383,-1.09,10,20094.40810546875
14384,-1.09,10,20732.28239746094
14385,-1.03,4,6822.3817138671875
14386,-1.09,10,9213.05712890625
14387,0.98,3,17045.828776041668
14388,-1.53,5,8648.22900390625
14389,-1.06,7,14624.700613839286
14390,-1.09,10,13483.23935546875
14391,0.92,9,6723.463189019098
14392,-1.09,10,15498.579296875
14393,-1.09,10,10166.69560546875
14394,-1.09,10,16516.8576171875
14395,-1.58,10,21318.08039550781
14396,-1.09,10,8734.70439453125
14397,-1.09,10,15111.717309570313
14398,-1.09,10,18805.34328613281
14399,-1.09,10,9870.102587890626
14400,-1.09,10,14724.362890625
14401,-1.09,10,13421.927368164062
14402,-1.09,10,12125.019091796876
14403,-1.09,10,11079.931811523438
14404,-1.09,10,13776.141577148437
14405,-1.09,10,16345.3916015625
14406,-1.09,10,16847.026953125
14407,-5.08,9,10950.319986979166
14408,-1.09,10,13227.717822265626
14409,0.97,4,8945.394897460938
14410,-1.09,10,21010.358325195313
14411,-1.05,6,15114.97021484375
14412,-1.09,10,14053.8724609375
14413,-1.09,10,17364.803930664064
14414,-1.09,10,28234.2828125
14415,-1.02,3,14059.927652994791
14416,0.96,5,13372.1986328125
14417,-1.09,10,16721.297119140625
14418,-1.09,10,12751.068237304688
14419,-1.09,10,9452.470849609375
14420,-1.09,10,23534.617822265624
14421,-1.09,10,14047.947143554688
14422,-1.09,10,9368.782861328125
14423,-1.09,10,9632.283862304688
14424,-1.09,10,13335.22587890625
14425,-1.09,10,19722.293994140626
14426,-1.09,10,11538.690673828125
14427,-1.07,8,20417.641052246094
14428,-1.09,10,12139.67744140625
14429,-1.09,10,21522.3576171875
14430,0.98,3,8100.24951171875
14431,-1.09,10,16662.49462890625
14432,4.92,9,28504.904541015625
14433,-1.09,10,14412.580810546875
14434,-1.09,10,17706.718530273436
14435,-1.09,10,10900.158764648437
14436,-1.09,10,21296.818774414063
14437,-1.06,7,21752.17511858259
14438,-1.09,10,16638.023291015626
14439,-1.09,10,8216.809692382812
14440,-1.09,10,26300.694189453126
14441,-1.09,10,13564.021044921876
14442,-1.09,10,7135.430419921875
14443,-1.04,5,16782.9080078125
14444,-1.09,10,19879.7640625
14445,0.9299999999999999,8,16498.02703857422
14446,-1.09,10,8760.088305664063
14447,0.95,6,12550.715006510416
14448,-1.04,5,13224.51796875
14449,-1.09,10,15612.0671875
14450,-1.58,10,10175.51142578125
14451,-1.09,10,7520.321325683593
14452,-1.09,10,12591.47412109375
14453,-1.09,10,15587.458544921876
14454,-1.09,10,15124.83583984375
14455,-5.08,9,17402.815809461805
14456,-1.09,10,18892.146728515625
14457,0.47,5,17454.219921875
14458,-1.09,10,13785.36845703125
14459,-1.09,10,10962.608056640625
14460,4.97,4,7878.0367431640625
14461,-1.09,10,9011.647631835938
14462,-1.09,10,18986.07294921875
14463,-5.02,3,13661.125569661459
14464,-1.09,10,7496.732421875
14465,-1.09,10,10836.06943359375
14466,-1.05,6,11463.261962890625
14467,-1.09,10,15724.552270507813
14468,-1.09,10,17197.789501953124
14469,-1.09,10,20983.5609375
14470,-1.09,10,13328.291845703125
14471,-1.06,7,15624.417236328125
14472,-1.09,10,9205.922338867187
14473,-1.09,10,8816.35107421875
14474,-1.09,10,10776.835009765626
14475,-1.09,10,5318.152758789062
14476,-1.07,8,9189.24282836914
14477,-1.09,10,8462.879296875
14478,-1.09,10,11046.164575195313
14479,0.9299999999999999,8,13596.895568847656
14480,-1.58,10,10214.293493652343
14481,-1.09,10,7349.42626953125
14482,-1.09,10,8659.470166015624
14483,-1.58,10,13402.960815429688
14484,-1.09,10,11019.567175292968
14485,-1.09,10,14688.537915039062
14486,-1.09,10,11940.95615234375
14487,-1.09,10,13510.748974609374
14488,-1.09,10,13098.306201171876
14489,-1.09,10,14137.579541015624
14490,-1.09,10,10021.790478515624
14491,-1.09,10,7616.120654296875
14492,-1.09,10,20736.53427734375
14493,-1.09,10,7203.249975585937
14494,-1.09,10,17900.422119140625
14495,-1.09,10,16664.15676269531
14496,-1.09,10,12326.258984375
14497,-1.09,10,13351.821948242188
14498,-1.09,10,16407.470092773438
14499,-1.09,10,12467.472314453125
14500,-1.09,10,7555.135571289063
14501,0.96,5,7466.35126953125
14502,-1.09,10,11906.836499023437
14503,-1.09,10,10466.787548828124
14504,-1.58,10,12829.361010742188
14505,-1.09,10,14990.196044921875
14506,-1.05,6,16424.900716145832
14507,-1.09,10,14909.545288085938
14508,-1.09,10,11994.24580078125
14509,-1.09,10,11234.1615234375
14510,-1.09,10,17464.292041015626
14511,-1.09,10,13171.432763671875
14512,-1.09,10,7936.1773681640625
14513,-1.05,6,9454.962972005209
14514,-1.09,10,15072.590380859376
14515,-1.09,10,9702.7486328125
14516,-1.09,10,10222.108154296875
14517,-1.09,10,7783.81943359375
14518,-1.09,10,12131.250732421875
14519,-1.09,10,13534.021728515625
14520,0.94,7,15412.507359095982
14521,-1.58,10,9554.764050292968
14522,-1.09,10,10227.128173828125
14523,-1.09,10,8590.898950195313
14524,-1.09,10,9245.660791015625
14525,-1.09,10,11543.723828125
14526,-1.09,10,6535.384765625
14527,-1.09,10,7638.38720703125
14528,-1.09,10,7221.707275390625
14529,-1.02,3,16146.02880859375
14530,-1.09,10,5764.0264892578125
14531,-1.09,10,9206.030419921875
14532,-1.09,10,8568.71015625
14533,-1.09,10,14036.502880859374
14534,-1.02,3,7234.795247395833
14535,-1.09,10,6681.3208984375
14536,-1.09,10,6667.686767578125
14537,-1.09,10,9388.905395507812
14538,-1.58,10,9092.208251953125
14539,-1.09,10,8698.23876953125
14540,-1.09,10,5690.42001953125
14541,-1.09,10,3840.7156005859374
14542,-1.09,10,5738.080517578125
14543,-1.09,10,12199.61220703125
14544,-1.09,10,5240.537133789063
14545,-1.09,10,5713.530029296875
14546,-1.09,10,5973.790112304688
14547,-1.09,10,5306.093115234375
14548,-1.09,10,7553.229956054687
14549,-1.09,10,10746.239916992188
14550,-1.09,10,13298.0177734375
14551,-1.04,5,3748.043017578125
14552,-1.09,10,8814.867431640625
14553,-1.09,10,12002.15068359375
14554,-1.09,10,6707.244848632812
14555,-5.04,5,6205.736083984375
14556,-1.09,10,5150.786206054688
14557,-1.09,10,9607.092358398437
14558,-1.09,10,6554.62177734375
14559,-1.09,10,8534.217822265626
14560,-1.09,10,5159.904125976563
14561,-1.09,10,8406.775390625
14562,-1.09,10,6382.8806640625
14563,-1.07,8,4692.707824707031
14564,-1.09,10,5382.91796875
14565,-1.09,10,8918.9982421875
14566,4.49,3,15031.593912760416
14567,-1.09,10,6270.251416015625
14568,-5.07,8,3523.972671508789
14569,-1.09,10,4619.856408691407
14570,-1.02,3,4670.879475911458
14571,-1.09,10,4713.663354492188
14572,-1.09,10,5589.223095703125
14573,-1.09,10,8217.952978515625
14574,-1.09,10,5832.5023193359375
14575,-1.09,10,13688.06650390625
14576,-1.09,10,8594.203833007812
14577,-1.09,10,3911.5478637695314
14578,-1.09,10,3826.340222167969
14579,-1.09,10,4228.34462890625
14580,-1.09,10,5620.089782714844
14581,-1.06,7,6003.074375697544
14582,-1.09,10,4098.124853515625
14583,-1.09,10,11329.891748046875
14584,-1.09,10,6293.071020507812
14585,-1.09,10,5804.884753417969
14586,-1.09,10,11161.282592773438
14587,4.97,4,3571.4818115234375
14588,-1.09,10,4055.0782470703125
14589,-1.09,10,4978.366552734375
14590,-1.09,10,5084.75205078125
14591,-1.09,10,4147.410815429687
14592,0.98,3,8398.892252604166
14593,-1.05,6,3619.6859537760415
14594,-1.09,10,3356.2741943359374
14595,-1.04,5,3036.061865234375
14596,-1.09,10,4302.030969238282
14597,-1.58,10,6034.84287109375
14598,-1.09,10,4786.148266601563
14599,-1.09,10,11112.11865234375
14600,0.94,7,5735.783133370535
14601,-1.09,10,4751.543444824219
14602,-1.09,10,3621.3529052734375
14603,4.96,5,3298.55419921875
14604,-1.09,10,7125.084692382812
14605,4.92,9,10896.633056640625
14606,-1.09,10,4103.95205078125
14607,-1.09,10,8839.100463867188
14608,-5.06,7,8785.920584542411
14609,0.92,9,6586.4075927734375
14610,-1.09,10,9283.619702148437
14611,-1.09,10,10015.677111816407
14612,-1.09,10,7271.822485351562
14613,0.45999999999999996,6,4275.7592366536455
14614,-1.04,5,3598.894677734375
14615,-1.09,10,8694.93115234375
14616,-1.09,10,6341.282556152344
14617,-1.09,10,5156.139453125
14618,-1.05,6,6716.782063802083
14619,-5.55,7,5415.254534040178
14620,-1.09,10,5809.883129882813
14621,-1.09,10,3969.5641357421873
14622,-5.03,4,4076.773956298828
14623,-1.09,10,4207.830712890625
14624,-1.09,10,3641.011755371094
14625,-5.03,4,5514.8270263671875
14626,-1.09,10,6278.981713867188
14627,-1.09,10,3826.66943359375
14628,-1.09,10,8922.461059570312
14629,-1.09,10,4845.49609375
14630,-1.09,10,7549.030981445312
14631,-1.09,10,3646.507958984375
14632,-1.09,10,5505.0818359375
14633,-1.05,6,7444.88720703125
14634,-1.09,10,5764.620825195312
14635,-1.09,10,4687.349658203125
14636,-1.09,10,3633.451037597656
14637,-1.03,4,3738.629638671875
14638,-1.09,10,4156.750183105469
14639,-1.09,10,8263.89210205078
14640,0.0,3,4154.759847005208
14641,-1.58,10,3017.789587402344
14642,-1.09,10,3788.8522705078126
14643,-1.09,10,2683.7732055664064
14644,-1.09,10,4754.561938476562
14645,-1.09,10,4124.167211914062
14646,-1.09,10,6448.899011230469
14647,-1.09,10,4321.308203125
14648,-1.05,6,4877.6086832682295
14649,-1.09,10,4488.363366699219
14650,-1.09,10,3312.53125
14651,-1.09,10,12835.79696044922
14652,-1.09,10,4451.265234375
14653,-1.09,10,5266.439465332031
14654,-1.09,10,7246.906469726562
14655,-1.09,10,5670.402563476562
14656,-1.09,10,3873.7072509765626
14657,-1.09,10,11662.121264648438
14658,-1.09,10,6052.849951171875
14659,-1.09,10,4252.021716308594
14660,-1.09,10,5358.809545898437
14661,-1.09,10,3284.7080688476562
14662,-1.09,10,2739.731396484375
14663,-1.09,10,2793.5689331054687
14664,-1.09,10,6000.856591796875
14665,-1.53,5,11935.557763671875
14666,-1.09,10,4329.1341796875
14667,-1.09,10,6342.571252441407
14668,-1.09,10,4312.65888671875
14669,0.95,6,3463.5242919921875
14670,-1.09,10,5397.344152832031
14671,-1.07,8,6027.983489990234
14672,-1.09,10,3550.6076171875
14673,-1.03,4,3174.8993530273438
14674,-1.09,10,3020.7376708984375
14675,-1.09,10,4392.863134765625
14676,-1.09,10,6817.298132324218
14677,-1.58,10,7717.278869628906
14678,-1.09,10,3380.6114868164063
14679,-1.09,10,3262.6870361328124
14680,-1.09,10,4884.347583007812
14681,-1.09,10,2828.1328369140624
14682,-1.58,10,4750.44794921875
14683,-1.09,10,3915.494677734375
14684,-1.09,10,4319.832409667969
14685,-1.09,10,3852.1105834960936
14686,-1.09,10,3658.2754516601562
14687,-1.09,10,6184.0008544921875
14688,-1.09,10,6465.672387695313
14689,-1.09,10,5045.175537109375
14690,-1.09,10,4161.637561035156
14691,-1.09,10,3710.2327514648437
14692,-1.09,10,3221.5270141601563
14693,-1.09,10,5430.401904296875
14694,-1.09,10,5307.805749511719
14695,-1.09,10,6225.994653320313
14696,0.95,6,4687.795166015625
14697,-1.09,10,3686.4552978515626
14698,-1.09,10,3971.212255859375
14699,-1.02,3,4997.974609375
14700,-1.09,10,4940.922265625
14701,-1.05,6,2802.2898152669272
14702,-1.09,10,3343.5165283203123
14703,-1.09,10,4768.43056640625
14704,-1.09,10,4188.6573486328125
14705,-1.09,10,3203.4239990234373
14706,-1.09,10,2869.7897827148436
14707,-1.09,10,4933.830407714844
14708,-1.09,10,3868.8919067382812
14709,-1.09,10,3296.3520629882814
14710,-1.09,10,3242.1483642578123
14711,-1.09,10,3181.993963623047
14712,-1.09,10,2813.551123046875
14713,0.97,4,4605.589111328125
14714,0.98,3,2994.7789713541665
14715,0.96,5,7156.227685546875
14716,-1.09,10,4460.402185058594
14717,-1.09,10,4052.182336425781
14718,-1.09,10,2641.743408203125
14719,0.9299999999999999,8,6139.101470947266
14720,-1.09,10,2832.175469970703
14721,-1.09,10,2689.3837280273438
14722,-1.08,9,2880.6545681423613
14723,-1.09,10,2385.4646240234374
14724,-1.09,10,4645.067602539062
14725,-1.09,10,2841.7781494140627
14726,-1.09,10,3302.4697265625
14727,-1.09,10,3520.7310302734377
14728,-1.09,10,3177.658056640625
14729,-1.09,10,2819.0278930664062
14730,-1.09,10,3958.93515625
14731,-1.09,10,5132.268579101563
14732,-1.58,10,2805.0587890625
14733,0.96,5,5097.219873046875
14734,0.9299999999999999,8,2556.710968017578
14735,-1.09,10,2796.298132324219
14736,-1.02,3,3235.3778483072915
14737,-1.09,10,2651.4976440429687
14738,-1.09,10,8737.849047851563
14739,-1.09,10,2491.172717285156
14740,-1.09,10,2996.0277465820313
14741,-1.09,10,2784.4042358398438
14742,-1.09,10,5090.044024658203
14743,-5.04,5,2902.1315185546873
14744,-1.09,10,4025.4571899414063
14745,-1.09,10,5480.150219726563
14746,-1.58,10,2568.6556396484375
14747,-5.06,7,2600.5667898995534
14748,-1.09,10,2702.1839111328127
14749,-1.09,10,3808.1248779296875
14750,-1.09,10,3507.5270141601563
14751,-1.09,10,2032.75615234375
14752,-1.09,10,5332.014416503906
14753,4.92,9,3332.168497721354
14754,-1.09,10,3597.2150634765626
14755,-1.09,10,3247.146826171875
14756,-1.09,10,3484.1176818847657
14757,-1.09,10,3849.1921142578126
14758,-1.09,10,2891.5012939453127
14759,-1.09,10,2667.71474609375
14760,-1.09,10,2908.505090332031
14761,-1.09,10,2847.1912841796875
14762,-1.09,10,3821.9743530273436
14763,-1.09,10,3074.7949951171877
14764,-1.09,10,3050.2952880859375
14765,-1.09,10,2620.5703857421877
14766,4.95,6,3416.3530883789062
14767,-1.09,10,3064.290673828125
14768,-1.09,10,4461.598364257812
14769,-1.09,10,3196.7168701171877
14770,-1.09,10,2524.9191650390626
14771,-1.09,10,3137.605908203125
14772,-1.09,10,5134.805004882813
14773,-1.09,10,3134.9421264648436
14774,-1.09,10,4291.303051757813
14775,-5.03,4,2399.9607543945312
14776,-1.09,10,3715.0258544921876
14777,-1.05,6,2228.1885782877603
14778,-1.09,10,2929.9087890625
14779,-1.09,10,2669.8991455078126
14780,4.93,8,2434.528854370117
14781,-5.07,8,1808.024024963379
14782,4.98,3,2494.141886393229
14783,-1.09,10,3701.575439453125
14784,-1.09,10,3224.46533203125
14785,4.98,3,5746.7812906901045
14786,-2.0700000000000003,10,2799.0098388671877
14787,-1.09,10,3735.4040771484374
14788,-1.09,10,2663.01240234375
14789,-1.09,10,2962.323132324219
14790,-1.09,10,2734.172021484375
14791,-1.09,10,2404.1107421875
14792,-1.02,3,2461.196004231771
14793,-1.09,10,3465.9970703125
14794,-1.09,10,4620.685144042969
14795,-1.09,10,3189.737060546875
14796,-1.09,10,2869.9135498046876
14797,-1.09,10,2030.0662963867187
14798,-1.09,10,5058.438586425781
14799,-1.09,10,2841.6888916015623
14800,-1.58,10,2331.8954833984376
14801,-1.05,6,2488.7660522460938
14802,-1.09,10,3081.9145629882814
14803,-1.09,10,6398.93486328125
14804,-1.09,10,4218.030139160156
14805,-1.58,10,4993.5074462890625
14806,-1.09,10,2605.229217529297
14807,-1.09,10,4892.417626953125
14808,-1.09,10,2257.8739501953123
14809,0.95,6,1825.5505981445312
14810,-1.09,10,3798.8759155273438
14811,-1.09,10,5773.475744628906
14812,-1.09,10,4295.214306640625
14813,-1.09,10,2357.5459594726562
14814,-1.09,10,2389.2040893554686
14815,-1.09,10,2800.782684326172
14816,-1.09,10,2911.444543457031
14817,-1.09,10,2492.2975830078126
14818,4.0,3,1964.5121256510417
14819,-1.09,10,3397.212268066406
14820,-1.09,10,3291.58623046875
14821,-1.09,10,3304.5059204101562
14822,-1.09,10,2094.4295288085937
14823,-1.09,10,2052.51572265625
14824,0.92,9,4537.973470052083
14825,-1.09,10,2290.7947631835937
14826,-1.09,10,3070.992810058594
14827,-1.09,10,2571.5590087890623
14828,0.94,7,2498.5666852678573
14829,-1.09,10,2532.263708496094
14830,-1.09,10,2623.729833984375
14831,-1.09,10,1908.234716796875
14832,-1.09,10,3564.9159912109376
14833,-1.09,10,3195.7134521484377
14834,-1.09,10,2307.8536743164063
14835,-1.09,10,3111.3915618896485
14836,-1.09,10,3447.8919189453127
14837,-1.57,9,2501.594767252604
14838,-1.09,10,2115.131396484375
14839,-5.02,3,2790.0361328125
14840,-1.09,10,2640.999133300781
14841,-1.09,10,3873.749334716797
14842,-5.02,3,1526.8157552083333
14843,-1.09,10,2390.1097106933594
14844,-1.09,10,4601.1494140625
14845,-1.09,10,2187.845751953125
14846,-1.09,10,2019.9208618164062
14847,-1.09,10,2044.5845581054687
14848,-1.09,10,2336.9115478515623
14849,-1.09,10,4093.5776489257814
14850,-1.09,10,2523.9211181640626
14851,0.92,9,3430.813768174913
14852,0.98,3,3920.13818359375
14853,-1.09,10,3728.575146484375
14854,-5.05,6,2303.1823933919272
14855,-1.58,10,5274.873681640625
14856,-1.09,10,6161.9036865234375
14857,-1.04,5,2829.9261474609375
14858,-1.09,10,2847.78359375
14859,-1.09,10,2257.262139892578
14860,-1.09,10,3268.111193847656
14861,-1.09,10,4199.1163330078125
14862,0.96,5,1792.82939453125
14863,-1.09,10,1874.6265014648438
14864,-1.09,10,2210.7441528320314
14865,-1.09,10,2568.0110717773437
14866,-1.03,4,2502.2708740234375
14867,-1.09,10,3123.7184875488283
14868,-1.09,10,1790.8077392578125
14869,-1.09,10,3301.4798095703127
14870,-1.09,10,2804.626336669922
14871,-1.09,10,2225.878039550781
14872,-1.09,10,2356.2186279296875
14873,-1.02,3,1323.4227294921875
14874,-1.09,10,2628.192663574219
14875,-1.09,10,1925.9080322265625
14876,-1.09,10,1978.8146728515626
14877,-1.09,10,2791.2937133789064
14878,-1.04,5,2530.55244140625
14879,-1.09,10,2143.7089721679686
14880,-1.02,3,1825.905253092448
14881,-1.09,10,2416.8308715820312
14882,-1.09,10,2444.9591430664063
14883,-1.09,10,2108.117138671875
14884,-1.09,10,1903.7219116210938
14885,-1.09,10,1916.7671875
14886,-1.09,10,2561.5776123046876
14887,-1.09,10,3141.7058837890627
14888,-1.58,10,2278.8569915771486
14889,-1.09,10,3421.4285400390627
14890,-5.06,7,2922.9271937779017
14891,-1.09,10,2331.5598876953127
14892,-1.09,10,1797.1306030273438
14893,-1.09,10,2017.7200805664063
14894,-1.09,10,2094.4514038085936
14895,-1.09,10,1960.7589599609375
14896,-1.09,10,2424.4927368164062
14897,-1.09,10,1849.8971069335937
14898,-1.09,10,1867.3233215332032
14899,-1.58,10,3359.685827636719
14900,-1.09,10,2366.0903564453124
14901,-5.05,6,1452.9242146809895
14902,0.96,5,1942.7326293945312
14903,-1.09,10,2463.0906005859374
14904,-1.09,10,1887.710595703125
14905,-1.09,10,2307.706085205078
14906,-1.09,10,1859.601513671875
14907,-1.09,10,1666.5577392578125
14908,-1.09,10,1948.187109375
14909,-1.09,10,2177.097625732422
14910,-1.09,10,4070.041326904297
14911,-5.07,8,1378.3972930908203
14912,-1.09,10,3186.782086181641
14913,-1.09,10,1969.6470275878905
14914,-1.04,5,1968.9263549804687
14915,-1.09,10,3030.502648925781
14916,-1.09,10,1887.9457275390625
14917,-1.09,10,2105.7556030273436
14918,-5.04,5,1823.7110595703125
14919,-1.09,10,3583.53935546875
14920,-5.08,9,1739.5049845377605
14921,-1.09,10,1992.6482421875
14922,-1.06,7,2389.2064034598216
14923,-1.09,10,1591.5423095703125
14924,-1.09,10,1880.0620666503905
14925,-1.09,10,2383.4777648925783
14926,-1.09,10,1730.6224426269532
14927,0.0,3,2640.84033203125
14928,-1.09,10,1977.4004272460938
14929,-1.09,10,1828.7458251953126
14930,-1.09,10,2925.2250366210938
14931,-1.02,3,2375.8843587239585
14932,-1.09,10,1899.7342102050782
14933,-1.04,5,1935.04130859375
14934,-1.02,3,2129.8480021158853
14935,-1.09,10,1766.0254699707032
14936,-1.09,10,3769.1857971191407
14937,-1.09,10,2361.396105957031
14938,0.9299999999999999,8,2095.2552032470703
14939,-5.08,9,3594.642388237847
14940,-1.09,10,2320.521728515625
14941,-1.09,10,1856.0811767578125
14942,-1.09,10,1921.9651184082031
14943,-1.09,10,2181.747900390625
14944,-5.07,8,1563.4530944824219
14945,-1.09,10,1930.4767211914063
14946,-1.09,10,2831.7343505859376
14947,4.43,9,1955.4304063585068
14948,-5.07,8,1894.6868286132812
14949,-1.09,10,2086.534143066406
14950,-1.09,10,3656.086834716797
14951,-1.09,10,1871.1038696289063
14952,-1.09,10,3346.823382568359
14953,4.94,7,1552.737801688058
14954,-1.09,10,2210.490026855469
14955,-5.05,6,2132.8696899414062
14956,-1.09,10,2927.952496337891
14957,-1.09,10,2775.4796875
14958,-5.07,8,2722.5684661865234
14959,-5.04,5,2313.01435546875
14960,4.96,5,1504.9836181640626
14961,-1.09,10,1980.3151123046875
14962,-1.58,10,2975.906182861328
14963,-1.09,10,2421.7396728515623
14964,-1.09,10,1854.361181640625
14965,-1.58,10,3272.2764404296877
14966,-1.09,10,3217.627795410156
14967,-1.09,10,1992.8039672851562
14968,-1.09,10,2222.8943603515627
14969,-1.09,10,1738.387139892578
14970,-1.09,10,1811.7112426757812
14971,-1.09,10,2057.6587524414062
14972,-1.09,10,1445.6807495117187
14973,-1.09,10,2032.5748413085937
14974,-1.09,10,2653.0662841796875
14975,-1.09,10,1741.317401123047
14976,-1.07,8,1889.5039443969727
14977,0.94,7,1883.1065804617745
14978,-1.09,10,1874.6259155273438
14979,-1.09,10,2273.7674194335937
14980,-1.09,10,1800.4894226074218
14981,-1.03,4,2385.4920654296875
14982,-1.09,10,1980.5534240722657
14983,0.97,4,1450.1628723144531
14984,-1.09,10,2078.150598144531
14985,-1.09,10,2298.9648193359376
14986,-1.09,10,1686.91484375
14987,-1.09,10,1578.4916381835938
14988,-1.09,10,2570.07880859375
14989,-1.08,9,2074.9727444118926
14990,-1.09,10,2212.7385864257812
14991,-1.09,10,1875.0995849609376
14992,-1.58,10,2023.9200561523437
14993,0.97,4,1528.6680145263672
14994,-1.09,10,2085.5095825195312
14995,-1.09,10,2384.3830993652346
14996,-1.09,10,1838.0939819335938
14997,-1.09,10,1383.6146606445313
14998,-1.09,10,1634.06630859375
14999,-1.09,10,1917.194091796875
